id,text,label,predicted_label,correct
0,Analyst call of the day for @CNBCPro subscribers: Goldman Sachs reiterates Exxon as buy and says it’s bullish heading into earnings next week.  Subscribe to see the analyst calls of the day curated by CNBC Pro.,Analyst Update,Analyst Update,True
1,"Loop upgrades CSX to buy, says it's a good place to park money ahead of potential recession",Analyst Update,Analyst Update,True
2,BofA believes we're already in a recession — and says these stocks have what it takes to beat it,Analyst Update,Analyst Update,True
3,JPMorgan sees these derivative plays as best way to bet on electric vehicles now,Analyst Update,Analyst Update,True
4,"Morgan Stanley's Huberty sees Apple earnings miss, but says buy on any pullback",Analyst Update,Analyst Update,True
5,Analyst call of the day for @CNBCPro subscribers: Bank of America reiterates Amazon as buy.  Subscribe to see the analyst calls of the day curated by CNBC Pro.,Analyst Update,Analyst Update,True
6,"Here are Wednesday's biggest analyst calls: Netflix, Chevron, Apple, Alibaba, Amazon &amp; more",Analyst Update,Analyst Update,True
7,Analyst call of the day for @CNBCPro subscribers: Morgan Stanley reiterates Meta and Alphabet as overweight and says it sees “less revision risk” in Meta than other names.  Subscribe to see the analyst calls of the day curated by CNBC Pro.,Analyst Update,Analyst Update,True
8,"Oppenheimer ups Dollar General price target, says retailer is a defensive play in weakening economy",Analyst Update,Analyst Update,True
9,"Piper Sandler downgrades solar stocks, sees no near-term catalysts",Analyst Update,Analyst Update,True
10,"Mizuho says Wall Street is underestimating Kraft Heinz, a stock that can rally more than 25%",Analyst Update,Analyst Update,True
11,Morningstar strategist says two FAANG stocks look incredibly cheap right now,Analyst Update,Analyst Update,True
12,Analyst call of the day for @CNBCPro subscribers: JPMorgan adds Qualcomm to the focus list and says it sees limited downside for shares of the company.  Subscribe to see the analyst calls of the day curated by CNBC Pro.,Analyst Update,Analyst Update,True
13,"Rosenblatt upgrades Twitter to buy, sees heightened leverage over Elon Musk",Analyst Update,Analyst Update,True
14,Analyst call of the day for @CNBCPro subscribers: Canaccord reiterates Tesla as buy and says it is a “sustainability behemoth.”  Subscribe to see the analyst calls of the day curated by CNBC Pro.,Analyst Update,Analyst Update,True
15,Canaccord Genuity says Rivian's stock can double from here,Analyst Update,Analyst Update,True
16,"Here are Wednesday's biggest analyst calls: Amazon, Apple, Tesla, Netflix, Twitter, Snowflake &amp; more",Analyst Update,Analyst Update,True
17,Baird says Snowflake is a buy and can show strong growth even in a recession,Analyst Update,Analyst Update,True
18,"Wells Fargo downgrades Gap, says it cannot recommend buying the apparel retailer after CEO exit",Analyst Update,Analyst Update,True
19,Defiance ETFs’ $QTUM and $FIVG Earn 5-Star Morningstar Ratings  https://t.co/Dkx23fNvgi,Analyst Update,General News | Opinion,False
20,Cintas Corporation Added to the FTSE4Good Index  https://t.co/NXm2nARqai,Analyst Update,Company | Product News,False
21,"As investors await earnings reports for major gaming/casino companies, Wells Fargo analysts warn of a slowdown in the industry",Analyst Update,Analyst Update,True
22,Several Wall Street analysts have recently cut their price targets on Apple stock.   Are these experts making the right choice?,Analyst Update,Analyst Update,True
23,"$MSFT - Microsoft Azure looks strong going into Q4, Wedbush says",Analyst Update,Analyst Update,True
24,$FIGS - Figs stock falls after Goldman Sachs downgrades to ‘Sell’,Analyst Update,Analyst Update,True
25,$WIT - Wipro hit with double downgrade at Citi as Q1 earnings disappoints,Analyst Update,Analyst Update,True
26,$W $XLY - Wayfair price target lowered amid furniture retailers likely to see weakening demand in Q3,Analyst Update,Analyst Update,True
27,"$INVA - Goldman Sachs starts Innoviva with neutral rating, says royalty portfolio fairly valued",Analyst Update,Analyst Update,True
28,$ACLX $TSVT $BMY - Arcellx named new buy at Canaccord Genuity on multiple myeloma candidate,Analyst Update,Analyst Update,True
29,$BTI - British American Tobacco is a staples favorite at BofA,Analyst Update,Analyst Update,True
30,$BABA - Alibaba upgraded at Bernstein as firm sees 'winter ending' for Chinese tech giant,Analyst Update,Analyst Update,True
31,$TASK - TaskUs gains as Citi initiates at buy on attractive growth profile,Analyst Update,Analyst Update,True
32,"$CBOE $STEP $APO - Cboe Global gets double-upgrade at Morgan Stanley; Apollo, StepStone are cut",Analyst Update,Analyst Update,True
33,$AMD $NVDA $INTC - AMD is the best bet in the semiconductor space - Wedbush analyst,Analyst Update,Analyst Update,True
34,"$FSLY - Fastly dips as RBC Capital downgrades, citing recession, management, competition worries",Analyst Update,Analyst Update,True
35,$TSCO - Tractor Supply upside is defended at Evercore ISI ahead of earnings report,Analyst Update,Analyst Update,True
36,$CROX - B. Riley lowers price target on Crocs ahead of earnings,Analyst Update,Analyst Update,True
37,"$HLI $LAZ $MC - Houlihan Lokey upped at Morgan Stanley, while Lazard, Moelis get cut",Analyst Update,Analyst Update,True
38,$GM - General Motors is cut at Deutsche Bank ahead of earnings report,Analyst Update,Analyst Update,True
39,$GM $F - Morgan Stanley expresses increased optimism on GM and Ford ahead of earnings,Analyst Update,Analyst Update,True
40,$CHNG $UNH - Change Healthcare added to positive catalyst list at Citi ahead of UNH trial,Analyst Update,Analyst Update,True
41,$LAD $AN $SAH - Auto dealer stocks ‘too cheap’ ahead of earnings season - JP Morgan,Analyst Update,Analyst Update,True
42,$BYDDF $BYDDY - Goldman Sachs expects BYD Company's profitability to expand in 2H22,Analyst Update,Analyst Update,True
43,$CRTO - Berenberg reduced Criteo estimates to reflect significant currency headwinds,Analyst Update,Analyst Update,True
44,"$BAND - Bandwidth's price target sliced at Morgan Stanley, Piper Sandler over corrections in cloud infra stocks",Analyst Update,Analyst Update,True
45,$PAG - Penske Automotive price target lowered to $93 from $95 at Morgan Stanley,Analyst Update,Analyst Update,True
46,$LEA - Morgan Stanley lowers Lear's PT as it revises estimates across auto stocks,Analyst Update,Analyst Update,True
47,"$COST - Costco upgraded to “Buy” at Deutsche Bank on consistent earnings, consumer trade-down",Analyst Update,Analyst Update,True
48,$HGEN - Humanigen hits 52-week low as Cantor cuts target to $2 on setback for COVID therapy,Analyst Update,Analyst Update,True
49,"$BLU - RBC Capital Markets reiterates outperform rating, ups price target on BELLUS Health",Analyst Update,Analyst Update,True
50,"$NEOG $ELAN $IDXX - Zoetis, IDEXX named as buys in animal health space by Piper Sandler",Analyst Update,Analyst Update,True
51,$SWIM - Latham Group price target lowered to $5.50 by Goldman Sachs,Analyst Update,Analyst Update,True
52,"$HBI $BBWI - Hanesbrands, Bath &amp; Body Works downgraded at Evercore amid expected sales slowdown",Analyst Update,Analyst Update,True
53,$CVLT - Commvault Systems downgraded to neutral at Piper Sandler citing supply chain issues,Analyst Update,Analyst Update,True
54,"$GPS - The Gap downgraded at Deutsche Bank amid execution issues, executive exit",Analyst Update,Analyst Update,True
55,"$FRC $BX $SI - Banks to see net interest income growing, fees falling, credit fine in Q2, analysts say",Analyst Update,Analyst Update,True
56,"$RPD - Barclays cuts PT on Rapid7, reaffirms Overweight rating on ARR upside",Analyst Update,Analyst Update,True
57,$ACDVF $CGJTF - Air Canada stock presents ‘attractive buying opportunity’ after recent slide - Canaccord Genuity,Analyst Update,Analyst Update,True
58,$UPS - UPS attracts positive rating at Evercore ISI ahead of earnings,Analyst Update,Analyst Update,True
59,$HON $FLS $APG - Honeywell raised at BofA ahead of 'likely positive catalyst' Q2 earnings,Analyst Update,Analyst Update,True
60,$RIVN - Rivian Automotive target raised to $40 by Wedbust,Analyst Update,Analyst Update,True
61,$TROW - T. Rowe Price stock slides after UBS downgrades to Sell on weak flow outlook,Analyst Update,Analyst Update,True
62,"$MSFT $ATVI - Microsoft falls as Oppenheimer cuts price target, tech giant seen giving cautious outlook",Analyst Update,Analyst Update,True
63,Investors warn of looming downgrades to US and European earnings forecasts,Analyst Update,Earnings,False
64,"$AMZN is “going to be a little more focused on areas where they can get money,” @Jefferies Senior Research Analyst Brent Thill says. “That’s a good thing to have as a CEO.”",Analyst Update,Analyst Update,True
65,"Citigroup Analyst Jim Suva on $AAPL: ""We believe people are simply going to be a little more prudent with their spending so we still see upside, a lot of reasons to own the stock... It's been a very good performer in the past month or so.""  https://t.co/Jb7k9twFHf",Analyst Update,Analyst Update,True
66,"Costco will stay hot even as economy slows, Deutsche Bank analyst says  https://t.co/QZyXIYKlk3 by @BrianSozzi",Analyst Update,Analyst Update,True
67,"Costco will stay hot even as economy slows, Deutsche Bank analyst says  https://t.co/ISg7XMrRkw by @BrianSozzi",Analyst Update,Analyst Update,True
68,"$META stock downgraded on slowing revenue streams, and $LULU and $UAA shares dip after being downgraded on slowing growth.",Analyst Update,Analyst Update,True
69,Upgrades 7/19: $ANET $BAP $CBOE $CNK $CNQ $COP $EOG $FTCI $HBM $OVV $PAA $PAGP $SWN $TAK $XOM  . Downgrades 7/19: $APO $ASAN $BECN $CRC $DCT $DEN $FNV $FSLY $GSK $HBM $IBEX $IIPR $NOVA $NVTA $PXD $RUN $SHLS $SQ $STEP $VIAV,Analyst Update,Analyst Update,True
70,Upgrades 7/18: $BWA $CHPT $CHT $EXFY $GRAB $HLI $JPM $RYAM $WDFC $YUM,Analyst Update,Analyst Update,True
71,Upgrades 7/12: $BXSL $DCP $FATE $GKOS $HLF $JPM $KNX $LUV $RYAN $SHEL $SHW  . Downgrades 7/12: $AXP $CDLX $CHRW $COF $EXPD $GPS $JBLU $LEN $MGNX $NNN $NSC $ODFL $ONEM $RF $RNR $SEIC $STOR $UNP,Analyst Update,Analyst Update,True
72,"Instacart investor Capital Group cut its valuation to $14.7 billion, far below the online grocery-delivery firm’s own calculation of $24 billion",Analyst Update,Dividend,False
73,Citibank UK Regulatory Announcement: FRN Variable Rate Fix  https://t.co/dBFOiJjoun,Company | Product News,Legal | Regulation,False
74,Silverstone Mast Iss UK Regulatory Announcement: FRN Variable Rate Fix  https://t.co/6yCpelb9a8,Company | Product News,Legal | Regulation,False
75,Citibank UK Regulatory Announcement: FRN Variable Rate Fix  https://t.co/KfYLfUouAr,Company | Product News,Legal | Regulation,False
76,Citi Second Quarter 2022 Fixed Income Investor Review  https://t.co/DQLDzaY1wc,Company | Product News,Financials,False
77,Deutsche Bank AG UK Regulatory Announcement: FRN Variable Rate Fix  https://t.co/X2gHv8gnCO,Company | Product News,Legal | Regulation,False
78,Citibank UK Regulatory Announcement: FRN Variable Rate Fix  https://t.co/O0R9EmyFf7,Company | Product News,Legal | Regulation,False
79,Fosse Master Issuer UK Regulatory Announcement: FRN Variable Rate Fix  https://t.co/zgPKojCa5L,Company | Product News,Legal | Regulation,False
80,BANK OF AMERICA CORPORATION UK Regulatory Announcement: FRN Variable Rate Fix  https://t.co/t3maB5WivJ,Company | Product News,Legal | Regulation,False
81,Deutsche Bank AG UK Regulatory Announcement: FRN Variable Rate Fix  https://t.co/rOAVJPtmAY,Company | Product News,Legal | Regulation,False
82,"Twitter maintains its argument that: “A lot of what Musk is asking for doesn't exist,"" @EdLudlow reports.   Get the latest on Twitter v. Musk -- and the trial taking place in October  https://t.co/o5XRjG0G1j",Company | Product News,Legal | Regulation,False
83,Apple plans to slow hiring and spending growth next year in some divisions to cope with a potential economic downturn.  @atbwebb has more  https://t.co/LFpRPNw97U,Company | Product News,Macro,False
84,"If Musk takes over Twitter, that could be a big step towards the platform getting back into China. Strategy Risks CEO Isaac Stone Fish tells @emilychangtv why  https://t.co/rHjtmuOhvm",Company | Product News,Legal | Regulation,False
85,Crypto start-up  https://t.co/QcKr3MSTnT lays off 25% of staff as 3AC fallout spreads,Company | Product News,Stock Movement,False
86,Amazon is starting to deliver packages with Rivian electric vans,Company | Product News,Company | Product News,True
87,Fifth Wall closes half-billion-dollar climate fund to decarbonize global real estate,Company | Product News,M&A | Investments,False
88,Facebook goes old school with a new feed that favors friends and family,Company | Product News,General News | Opinion,False
89,India's IT giants pay CEOs millions as turnover climbs among software talent,Company | Product News,Personnel Change,False
90,What really happens to Amazon returns,General News | Opinion,General News | Opinion,True
91,Marriott opens new Ritz Carlton in Manhattan as NYC tourism roars back,Company | Product News,Company | Product News,True
92,Mattel inks deal with Elon Musk's SpaceX to produce line of toys,Company | Product News,M&A | Investments,False
93,Ford unveils its new F-150 Raptor R pickup with 700 horsepower — take a look.,Company | Product News,Company | Product News,True
94,Google adds a new way to block calendar spam. Here's how to use it,Company | Product News,General News | Opinion,False
95,LISTEN NOW: Netflix reported that it lost fewer subscribers than expected in Q2. What does it mean for the future of the stock? Listen and follow the @SquawkStreet podcast here or on your favorite podcast platform:  https://t.co/W8CK66UwWj,Company | Product News,Earnings,False
96,Ford's Mustang Mach-E electric crossover is a hit with industry insiders — that could help it take on Tesla.,Company | Product News,Company | Product News,True
97,"Coinbase says it has no exposure to collapsed crypto firms Celsius, 3AC and Voyager",Company | Product News,Legal | Regulation,False
98,"GM reveals electric Chevrolet Blazer priced starting at $45,000",Company | Product News,Company | Product News,True
99,"Nikola adjourns shareholder meeting, again, as founder Trevor Milton blocks stock-issue plan",Company | Product News,Legal | Regulation,False
100,Investing Club: Alphabet's 20-for-1 stock split happened today. Here's what that means,Company | Product News,Stock Movement,False
101,A large majority of McDonald's store owners in a survey called for a vote of no confidence on CEO Chris Kempczinski following several changes to the company's franchise system,Company | Product News,Personnel Change,False
102,"“Boeing is a far mightier aircraft manufacturer,” than Airbus, says Qatar Airlines CEO Akbar Al Baker joining @lebeaucarnews to discuss his ongoing lawsuit against Airbus, summer travel and more.  https://t.co/QDGIPyzEaZ",Company | Product News,M&A | Investments,False
103,"Costco CEO’s one-word answer to whether he would raise the price of hot dogs: ""No.""",Company | Product News,General News | Opinion,False
104,It’s been several years since Tesla acquired SolarCity for around $2.6 billion. Why hasn't Tesla’s solar business taken off as Elon Musk promised Watch the full video here:  https://t.co/ogeyMKzDrL,Company | Product News,Company | Product News,True
105,"There’s an EV revolution sweeping the world, but India is lagging behind. So, can Tesla succeed in India? Watch the full video here:  https://t.co/lcUjJtqVXA",Company | Product News,Company | Product News,True
106,"Meet Bert and Ernie, two of Amazon's warehouse robots designed to improve worker safety.  https://t.co/hTMogasOFf",Company | Product News,Company | Product News,True
107,Watch Jim Cramer's full interview with General Motors CEO Mary Barra,General News | Opinion,Stock Commentary,False
108,This map shows the 16 U.S. stores that Starbucks is set to close because of safety concerns,Company | Product News,Company | Product News,True
109,"Hilcorp, Exxon Mobil, ConocoPhillips top greenhouse gas emitters among U.S. oil and gas companies",Company | Product News,Energy | Oil,False
110,Nike is making a strategic shift in how it manufactures NCAA fan apparel in a new deal with Fanatics.,Company | Product News,Company | Product News,True
111,Netflix has named Microsoft as its partner for its ad-supported service.,Company | Product News,Company | Product News,True
112,"Apple's new MacBook Air is a near-perfect update, but don't rule out the older model",Company | Product News,Company | Product News,True
113,"United Airlines, pilots' union to renegotiate contract after last deal faced opposition",Company | Product News,Personnel Change,False
114,"“We had a tough six weeks and we own that at Delta,” says Delta CEO Ed Bastian. He joined @lebeaucarnews to discuss the company’s Q2 earnings and third quarter outlook.  https://t.co/IR7RVtvrJc",Company | Product News,Earnings,False
115,"Apple hovers above competition even as smartphone market stumbles, sources say",Company | Product News,General News | Opinion,False
116,Google CEO Pichai says company will slow hiring through 2023 in memo to employees,Company | Product News,Stock Commentary,False
117,This SpaceX booster rocket burst into flames during a ground-test firing on Monday in Texas.  https://t.co/U8kvbweWuz,Company | Product News,Energy | Oil,False
118,"Amazon said it’s launching its smart grocery carts at a Whole Foods store in Massachusetts. The Dash Cart tracks and tallies up items as shoppers place them in the cart, enabling them to skip the checkout line.",Company | Product News,Company | Product News,True
119,Amazon's smart grocery carts are coming to some Whole Foods stores,Company | Product News,Company | Product News,True
120,Twitter says Musk's request to terminate the deal is invalid,Company | Product News,Legal | Regulation,False
121,"Tues: $MU CEO on CNBC Wed: $TSLA added to China CSI index, PMI, ISM, JOLTS, Fed minutes Thurs: Oil inv Fri: Jobs, Consumer Credit 7/12: $AMZN AWS summit 7/12-13: $AMZN Prime days 7/14: $JPM $MS 7/15: $GOOG split, $C 7/18: $BAC $GS 7/19: $NFLX 7/20: $TSLA eps",Company | Product News,General News | Opinion,False
122,"$TAK: Takeda Pharma announces that ADVANCE-1, a randomized, placebo-controlled, double-blind Phase 3 clinical trial...",Company | Product News,Company | Product News,True
123,$SBEV: Splash Beverage Group signs agreement with UNFI to distribute TapouT through Southeastern grocers,Company | Product News,Company | Product News,True
124,$PLRX: Pliant Therapeutics receives FDA Fast Track designation for PLN-74809 for the treatment of primary sclerosing...,Company | Product News,Company | Product News,True
125,"$F: Ford Releases New Battery Capacity Plan, Raw Materials Details to Scale EVs; On Track to Ramp to 600K Run Rate...",Company | Product News,Company | Product News,True
126,$NVS: Novartis' unit Sandoz receives sBLA acceptance from the FDA for biosimilar Hyrimoz,Company | Product News,Company | Product News,True
127,$ABUS: Arbutus Biopharma to discontinue development of its investigational hepatitis B virus core inhibitor...,Company | Product News,Company | Product News,True
128,$VERV: Verve Therapeutics commences $200 mln common stock offering,Company | Product News,IPO,False
129,$PDFS: PDF Solutions announces collaboration with SAP,Company | Product News,Company | Product News,True
130,$SONY: Sony: Spin Master (SNMSF) announces global master toy licensing agreement with Sony Interactive...,Company | Product News,Company | Product News,True
131,$DDOG: Datadog: Rackspace Technology (RXT) announces GOLD partnership with Datadog to diagnose problems in...,Company | Product News,Company | Product News,True
132,"$GD: General Dynamics: General Dynamics Mission Systems was awarded a U.S. Navy contract to support development,...",Company | Product News,Company | Product News,True
133,$GT: Goodyear Tire joins Lockheed Martin (LMT) to commercialize lunar mobility,Company | Product News,Company | Product News,True
134,$COOK: Traeger approved a planned reduction in workforce,Company | Product News,Personnel Change,False
135,$VXRT: Vaxart Publishes Clinical Data Suggesting its Oral COVID-19 Pill Vaccine Candidate Induces Long-Lasting...,Company | Product News,Company | Product News,True
136,$TELA: TELA Bio has been awarded a group purchasing agreement for Synthetic Bioabsorbable Mesh Products with Premier...,Company | Product News,Company | Product News,True
137,$ORGN: Origin Materials and Revlon (REV) announce initiative to develop next-generation sustainable packaging for...,Company | Product News,Company | Product News,True
138,$LDOS: Leidos receives $291 mln follow-on contract,Company | Product News,Company | Product News,True
139,"$BTI: FDA commissions external agency experts to conduct a comprehensive evaluation of agency activities, including...",Company | Product News,Legal | Regulation,False
140,$XOS: Xos delivered a total of 73 units to customers in Q2 including several FedEx Ground Operators,Company | Product News,Company | Product News,True
141,"$NVAX: Novavax: US CDC Advisory Committee voted unanimously to recommend the use of the Novavax COVID-19 vaccine,...",Company | Product News,Earnings,False
142,$GOGL: Golden Ocean files mixed securities shelf offering,Company | Product News,IPO,False
143,$AEHR: Aehr Test Systems receives $12.8 mln in orders from its lead silicon carbide test and burn-in customer for...,Company | Product News,Company | Product News,True
144,$SRNE: Sorrento Therapeutics announces the FDA clearance of a Phase 1 study of its oral main viral protease...,Company | Product News,Earnings,False
145,"$ERJ: Embraer SA: Porter Airlines has placed a firm order for 20 Embraer E195-E2 passenger jets, adding to their...",Company | Product News,M&A | Investments,False
146,$ALK: Alaska Air plans to grow its regional fleet with an order of eight new additional E175 jets and options for 13...,Company | Product News,M&A | Investments,False
147,$PSX: Phillips 66 and H2 Energy Europe closed on a 50-50 joint venture to set up and operate a network of hydrogen...,Company | Product News,Company | Product News,True
148,$GILD: Gilead Sciences and the European Commission sign a new joint procurement agreement that will ensure continued...,Company | Product News,Earnings,False
149,$NVAX: Novavax signed agreements with SK bioscience for the manufacturing and supply of a version of the Novavax...,Company | Product News,Company | Product News,True
150,$MOG.A: Moog and Triumph (TGI) enter into MRO agreement,Company | Product News,M&A | Investments,False
151,$OI: O-I Glass's subsidiary Paddock Enterprises emerges from Chapter 11 protection,Company | Product News,Legal | Regulation,False
152,$NTES: NetEase Games is opening a new studio that will focus on creating the next generation of narrative-driven...,Company | Product News,Company | Product News,True
153,$SNAP: Snap confirms the launch of Snapchat for Web,Company | Product News,Company | Product News,True
154,$BLK: BlackRock and QLS Advisors announce a partnership through BlackRock Systematic to develop data-driven...,Company | Product News,M&A | Investments,False
155,$DTIL: Precision BioSciences received the $50 mln upfront cash payment from Novartis (NVS) under the Collaboration...,Company | Product News,M&A | Investments,False
156,$SU: Suncor Energy enters into agreement with Elliott Investment Management,Company | Product News,M&A | Investments,False
157,$ADN: Advent Technologies announces that its Green HiPo project under the framework of the Important Projects of...,Company | Product News,Company | Product News,True
158,$IMCR: Immunocore announces $140 million private placement financing,Company | Product News,Stock Movement,False
159,$AL: Air Lease announced long-term lease placements for six new Airbus (EADSY) A220-300 aircraft with TAAG Angola...,Company | Product News,Company | Product News,True
160,$STLA: Stellantis implements asset-light approach to grow Jeep brand in China; negotiates termination of local joint...,Company | Product News,Company | Product News,True
161,"$HUBG: Hub Group announces grand opening for its second office building on its Oak Brook, IL headquarters campus",Company | Product News,Company | Product News,True
162,$STLA: Stellantis agree on a share repurchase framework with Dongfeng Motor,Company | Product News,Company | Product News,True
163,"$JBLU: JetBlue Airways: ISS, Leading Proxy Advisor, Formally Recommends Spirit (SAVE) Shareholders Vote Against...",Company | Product News,Stock Commentary,False
164,$MMP: Magellan Midstream extends open season to solicit customer commitments,Company | Product News,Company | Product News,True
165,"$XP: XP: Q2 assets under custody R$846 bln, +4% yr/yr; active clients +16% to 3.6 mln",Company | Product News,Company | Product News,True
166,$HCM: HUTCHMED initiates Phase I Trial of Anti-CD47 monoclonal antibody HMPL-A83,Company | Product News,Company | Product News,True
167,$ZY: Zymergen expands agreement with Octant to further scale their platform to develop breakthrough medicines,Company | Product News,Company | Product News,True
168,$VICI: VICI Properties expands Great Wolf Resorts partnership with investment in Florida resort,Company | Product News,Company | Product News,True
169,$RCM: R1 RCM announces 10-year agreement to be the exclusive provider of enterprise revenue cycle management...,Company | Product News,Company | Product News,True
170,$MBT: Mobile TeleSystems receives delisting notice from the New York Stock Exchange; does not intend to appeal the...,Company | Product News,Stock Movement,False
171,$CNX: CNX Resources and Newlight Technologies entered into a 15-year agreement to capture and utilize methane...,Company | Product News,Company | Product News,True
172,$XPOA: DPCM Capital and D-Wave Systems announce effectiveness of registration statement; special meeting of...,Company | Product News,M&A | Investments,False
173,$RHHBY: Roche Hldg announces new two-year data from the TENAYA and LUCERNE studies that reinforce the long-term...,Company | Product News,Earnings,False
174,$RWAY: Runway Growth Finance provides operational and portfolio update for Q2,Company | Product News,Stock Movement,False
175,$GOLD: Barrick: Strong performance across portfolio allows production to keep pace with 2022 goals,Company | Product News,Gold | Metals | Materials,False
176,$TALO: Talos Energy provides Q2 updates; Average daily production between 65.0 and 65.5 thousand barrels of oil...,Company | Product News,Energy | Oil,False
177,$RTX: Raytheon Technologies awarded $350 mln Army contract,Company | Product News,Company | Product News,True
178,"$CMTL: Comtech Telecom files for 1,377,422 share common stock offering by selling shareholder",Company | Product News,IPO,False
179,$ESTC: Elastic announces enhancements to its cross-cluster search and cross-cluster replication capabilities,Company | Product News,Company | Product News,True
180,$VCYT: Veracyte says new data show that its Genomic Sequencing Classifier is highly accurate in re-classifying lung...,Company | Product News,Company | Product News,True
181,"$GORO: Gold Resource sold a total of 8,746 ounces of gold and 231,622 ounces of silver in Q2 2022 for a gold...",Company | Product News,Dividend,False
182,$VFF: Village Farms: CBDistillery announces groundbreaking research finding CBG + CBD can significantly reduce...,Company | Product News,Company | Product News,True
183,$PSNY: Polestar Automotive Holding UK PLC announces a robust performance for the first half of 2022 with record...,Company | Product News,Earnings,False
184,$SAVE: Spirit Airlines to adjourn special meeting of stockholders,Company | Product News,Personnel Change,False
185,$BTBT: Bit Digital announces monthly production update for June 2022,Company | Product News,Company | Product News,True
186,$RKLB: Rocket Lab USA announces that its on track to launch national security mission for the United States...,Company | Product News,M&A | Investments,False
187,"$BEN: Franklin Resources reports preliminary assets under management of $1.38 bln as of June 30, 2022, down 4.6%...",Company | Product News,Financials,False
188,$MRCY: Mercury received a $56 mln contract award from a leading defense prime contractor,Company | Product News,Company | Product News,True
189,$PSNL: Personalis announces expansion of its molecular residual disease related IP portfolio with patent that...,Company | Product News,Company | Product News,True
190,$NVDA: NVIDIA Announces Hybrid Quantum-Classical Computing Platform,Company | Product News,Company | Product News,True
191,"$MGM: MGM Resorts announces a multi-year agreement to become an Official Partner of MLB Players, Inc., giving the...",Company | Product News,Company | Product News,True
192,$MCB: Metropolitan Bank and Global Primex announce launch of VLoad payment platform,Company | Product News,Company | Product News,True
193,$CEG: Constellation Energy: Constellation Clearsight announces a long-term agreement with Voliro AG,Company | Product News,Company | Product News,True
194,$REGN: Regeneron Pharma: Ultima Genomics signs development agreement with Regeneron aimed at driving the scale of...,Company | Product News,Company | Product News,True
195,"$ACN: Accenture Federal Services awarded a 10-year, $199 mln contract from the U.S. Department of Homeland Security,...",Company | Product News,Company | Product News,True
196,$XPEL: XPEL selected as the exclusive supplier to Rivian Automotive (RIVN) for their new paint protection film...,Company | Product News,Company | Product News,True
197,$LPTX: Leap Therapeutics and BeiGene (BGNE) announce the initiation of Part C of the ongoing DisTinGuish study to...,Company | Product News,Company | Product News,True
198,"$BCYC: Bicycle Therapeutics announces that Genentech, a member of the Roche Group, has exercised its second option...",Company | Product News,Company | Product News,True
199,$AL: Air Lease provides activity update for the second quarter of 2022 - No aircraft sales occurred during the...,Company | Product News,Company | Product News,True
200,$SGML: Sigma Lithium provides an update on construction at its wholly owned Grota do Cirillo project,Company | Product News,Company | Product News,True
201,"$CNS: Cohen &amp; Steers reports preliminary assets under management of $87.9 bln as of June 30, 2022, a decrease of...",Company | Product News,Analyst Update,False
202,"$GME: GameStop launches non-custodial, Ethereum Layer 2-based NFT marketplace",Company | Product News,Company | Product News,True
203,$AERC: AeroClean Technologies files for 3 mln share common stock offering by selling shareholder,Company | Product News,IPO,False
204,$STRN Stran &amp; Company Launches Expanded Sales and Marketing Initiative to Capitalize on Growing Demand and Scalable Infrastructure,Company | Product News,Stock Movement,False
205,$WISH Leeds United announce global ecommerce platform Wish as Official Partner,Company | Product News,Company | Product News,True
206,$PETZ Request for Withdrawal of Registration Statement on Form F-3 .... can get wild in afterhours,Company | Product News,Stock Movement,False
207,$HOTH Hoth Therapeutics Announces HT-ALZ Therapeutic Shows Cognitive Improvements in Alzheimer's Disease Mouse Model .... symp play $LGVN,Company | Product News,Earnings,False
208,Congratulations to @Contentsquare on its $600M growth investment round! CEO &amp; Founder @JonathanCherki tells us about the company’s evolution and what the plan is for the capital raised.   #NYSEFloorTalk🏛️,Company | Product News,General News | Opinion,False
209,"AMTD Digital is on a mission to ""act as a fusion reactor for the best entrepreneurs and innovative ideas.""  Stay tuned to see them ring the Opening Bell to celebrate their listing! 🔔 #NYSECommunity $HKD @AMTDGroup",Company | Product News,IPO,False
210,That Friday Feeling 🎉 Congratulations to CEO &amp; Chairman Sean Roosen and the entire @OsiskoDev team on your recent listing 👏 We’re thrilled to have you be apart of the #NYSECommunity $ODV,Company | Product News,IPO,False
211,.@SustainableBXP recently celebrated its 25th anniversary as a public company.  CEO Owen Thomas talks with us about the company’s resilience and its early investment in #ESG🌱  #NYSEFloorTalk,Company | Product News,General News | Opinion,False
212,.@BlueApron is celebrating its 10th anniversary! We talk with CEO @Linda_A_Findley about the value meal kits offer and what's next for the company.   #NYSEFloorTalk,Company | Product News,General News | Opinion,False
213,.@GeneralElectric’s Chief Sustainability Officer Roger Martella discusses the role of companies in addressing #climate and #sustainability challenges. #NYSEFloorTalk.,Company | Product News,General News | Opinion,False
214,Cementos Pacasmayo has committed to carbon neutrality by 2050 and joined the UN Global Compact🌱.    We caught up with CEO Humberto Nadal following the company’s Investor Day. #NYSEFloorTalk🏛️,Company | Product News,Company | Product News,True
215,".@DeutscheBank rings the Opening Bell today in celebration of #PrideMonth. Congratulations to #dbPride Chair, Jon Tilli and the entire team for their impactful initiatives in support of the LGBTQ+ community. 🏳️‍🌈🏛 #NYSECommunity $DB",Company | Product News,Stock Movement,False
216,".@_Metrio_'s software will accelerate @Nasdaq’s ability to address clients’ needs with improved end-to-end data collection, analytics and reporting capabilities.   Learn what this means for companies navigating an increasingly complex landscape:  https://t.co/BCtMQVQa97",Company | Product News,M&A | Investments,False
217,"Millennium Partners, L.P. UK Regulatory Announcement: Form 8.3 - Brewin Dolphin Holdings plc",Company | Product News,Legal | Regulation,False
218,"Millennium Partners, L.P. UK Regulatory Announcement: Form 8.3 - Nitro Bidco Limited (a wholly-owned subsidiary of NortonLifeLock Inc.)  https://t.co/1WGhHDtGM8",Company | Product News,Legal | Regulation,False
219,"SetSchedule CEO, Roy Dekel Represents Top-Rated CEO for Diversity by Business Insider  https://t.co/KKKxTSbyv7",Company | Product News,General News | Opinion,False
220,Kovrr Launches ‘Cyber-Sphere’ to Simplify Enterprise Cyber Risk Management Decisions  https://t.co/6G2EIsW4l4,Company | Product News,Company | Product News,True
221,"Ocient Releases the Ocient Hyperscale Data Warehouse Version 20 to Optimize Log and Network Metadata Analysis for Telecommunications, Government, and Operational IT Use Cases  https://t.co/5NlgTpc3Ke",Company | Product News,Company | Product News,True
222,Manatt Continues to Expand Impact Investing and Community Development Offerings With D.C. Duo  https://t.co/Z509FcV6em,Company | Product News,Company | Product News,True
223,"D-Wave Systems Inc. and DPCM Capital, Inc. Highlight Unique Bonus Pool Structure, Offering Novel Economics of Up to a 31% Discount for Stockholders  https://t.co/lz12NTMD1j",Company | Product News,Company | Product News,True
224,Shastic Simplifies the Loan Application Process with DocPush  https://t.co/2RpTwqUiUT,Company | Product News,Company | Product News,True
225,Scientific Innovation and Collaboration Highlighted at AIDS 2022 as Gilead Extends Leadership Efforts Toward Ending the Global HIV Epidemic  https://t.co/SWuZpbXbTB,Company | Product News,Company | Product News,True
226,Access Softek Launches 24/7 Service to Enhance Call Center Support  https://t.co/wNvgDZgmAF,Company | Product News,Company | Product News,True
227,"Advanced Energy Adds 300 W Power Supply to SLB Series, Expanding its Low Power Open Frame Products  https://t.co/7neUNPY8nM",Company | Product News,Company | Product News,True
228,"Atlantic Quantum Emerges from MIT’s Engineering Quantum Systems Lab, Raises $9M Seed Funding to Make Large-Scale Quantum Computing a Reality  https://t.co/yjdFl9RwWB",Company | Product News,M&A | Investments,False
229,Fifth Third Private Bank Recognized as Best for High Net Worth Clients  https://t.co/wm81HhnOKS,Company | Product News,Company | Product News,True
230,"KB Home Becomes First National Homebuilder to Commit to EPA’s Highest Water-efficiency Standards in Drought-stricken Arizona, California and Nevada  https://t.co/sg2qxsdrzz",Company | Product News,Company | Product News,True
231,PWSC Launches Industry’s First Warranty Designed for Build-to-Rent Homes  https://t.co/ZfHjlqleOb,Company | Product News,Company | Product News,True
232,Satellite Built by Open Cosmos and RHEA Group to Fly on LauncherOne as Part of First UK Mission  https://t.co/5msCss9YPq,Company | Product News,Company | Product News,True
233,Takeda Announces Positive Topline Results from Pivotal Phase 3 Clinical Trial Evaluating HYQVIA® for Maintenance Treatment of Chronic Inflammatory Demyelinating Polyradiculoneuropathy (CIDP)  https://t.co/mIrR6gN19u,Company | Product News,Earnings,False
234,"Ford, Rio Tinto sign MOU for battery and low carbon materials supply to support net-zero future  https://t.co/n1z3JNJxyJ",Company | Product News,M&A | Investments,False
235,TextExpander Raises $41.4 Million to Accelerate Automation and Boost Team Productivity in the Enterprise  https://t.co/KVPBO2pGh2,Company | Product News,Company | Product News,True
236,ZEDEDA Closes $26M Series B Funding Round as Distributed Edge Market Soars  https://t.co/akRQw9fdPo,Company | Product News,Company | Product News,True
237,SharpLaunch Drives New Era of Openness and Integration Among Property Technology Industry Leaders  https://t.co/ubNDRiAMwO,Company | Product News,Company | Product News,True
238,First Trust Global Funds PLC UK Regulatory Announcement: Net Asset Value(s)  https://t.co/8ZLH4ZY3rH,Company | Product News,General News | Opinion,False
239,Groundbreaking Tool from dunnhumby and VST Gives Brands Instant Access to Tesco Planogram Publisher Data  https://t.co/DsfB5vHWZn,Company | Product News,Company | Product News,True
240,DentalMonitoring: July Product Announcements  https://t.co/aFFHNt6KDO,Company | Product News,Company | Product News,True
241,Westchester Capital Management UK Regulatory Announcement: Form 8.3 - Avast plc  https://t.co/fM17j4T2OG,Company | Product News,Legal | Regulation,False
242,Maurel &amp; Prom: Activity in the First Half of 2022  https://t.co/HeS61CeVM3,Company | Product News,Company | Product News,True
243,Biocytogen and LiberoThera Achieve Milestone Progress in Co-Development of Fully Human GPCR Antibody Drugs  https://t.co/CeBj82FaV2,Company | Product News,M&A | Investments,False
244,"Bloom Energy Celebrates Grand Opening of Fremont Multi-Gigawatt Factory, Adding Hundreds of New Clean Energy Jobs  https://t.co/60DGfgGSQ2",Company | Product News,Company | Product News,True
245,MITRE and Australian Department of Defence Sign Agreement to Enhance Collaboration and Uplift Sovereign Capability  https://t.co/e8dPv7ERhs,Company | Product News,General News | Opinion,False
246,"Pershing Square Holdings, Ltd. Releases Regular Weekly Net Asset Value and Year-To-Date Return As Of 19 July 2022  https://t.co/HU65W4RqON",Company | Product News,Stock Commentary,False
247,Veracyte Announces New Clinical Validation Data for RNA Sequencing-Based Afirma Medullary Thyroid Cancer Classifier Published in Thyroid  https://t.co/sREA9XJpat,Company | Product News,Company | Product News,True
248,Athena Partners Strategy Group Partners With Spot Parking to Expand Digital Technologies Across U.S. Parking Industry  https://t.co/ad1eSmhlPP,Company | Product News,M&A | Investments,False
249,Harris Williams Advises 360training on its Significant Investment from GreyLion Partners LP and Vestar Capital Partners  https://t.co/G4zwZze9h9,Company | Product News,M&A | Investments,False
250,"Priority Health announces launch of new health navigation solution, PriorityGPS™  https://t.co/jQ2cXJuIh8",Company | Product News,Company | Product News,True
251,Eco HealthTech Apparel Brand Swiss Precision Launches  https://t.co/n7DaKT2LSJ,Company | Product News,Company | Product News,True
252,Gilead Sciences Contributes Additional $85 Million to Its Foundation to Advance Health Equity  https://t.co/QdZDS1wOa6,Company | Product News,General News | Opinion,False
253,GMS Joins CDK Global Partner Program  https://t.co/6gGyJiruwm,Company | Product News,Company | Product News,True
254,Manukau Institute of Technology Avoids Costly and Unnecessary Oracle Upgrade by Leveraging Rimini Street Support  https://t.co/DQY5nrt838,Company | Product News,Company | Product News,True
255,Adocia Announces Half Year Report on Adocia’s Liquidity Agreement with Kepler Capital Markets  https://t.co/bV07ucq84Q,Company | Product News,Stock Commentary,False
256,Ygrene Announces New Strategic Vision to Expand Portfolio of Property Improvement Financing Products  https://t.co/I3NchU1oRR,Company | Product News,Company | Product News,True
257,United States Steel Corporation Scores 100 on 2022 Disability Equality Index  https://t.co/cyidyfojXy,Company | Product News,General News | Opinion,False
258,Parker Aerospace and Eviation Team Up on Development of Alice; the First All-electric Commuter Aircraft  https://t.co/TnnJUBoPIE,Company | Product News,M&A | Investments,False
259,Koniku and Airbus Expand Partnership to Re-imagine Aviation Security  https://t.co/k7ynetFdb1,Company | Product News,M&A | Investments,False
260,AST SpaceMobile Announces BlueWalker 3 Test Satellite Fully Assembled and Left Texas Factory  https://t.co/pjjlivSgUh,Company | Product News,Company | Product News,True
261,"Eaton Recognized as a Best Place to Work for Disability Inclusion for the Second Consecutive Year, Scoring 100 out of 100 on the Disability Equality Index  https://t.co/pIZesHJWzh",Company | Product News,General News | Opinion,False
262,SkyWater Plans to Build Advanced $1.8B Semiconductor Manufacturing Facility in Partnership with the State of Indiana and Purdue University  https://t.co/4GBfpdZLqX,Company | Product News,Company | Product News,True
263,Enterprise Connect Launches One-Day Digital Conference to Address Challenges of the Hybrid Work Era  https://t.co/rX8GDRecy5,Company | Product News,Company | Product News,True
264,"Rite Aid Releases Fourth Annual Environmental, Social and Governance Report  https://t.co/LOjHiSoUE6",Company | Product News,Company | Product News,True
265,Light Line Medical Enters Into Know-how License With Mayo Clinic  https://t.co/w25AEMszBF,Company | Product News,Company | Product News,True
266,Fifth Third Receives Top Score on Disability Equality Index  https://t.co/UGROwIuKSQ,Company | Product News,General News | Opinion,False
267,"First Trust Portfolios UK Regulatory Announcement: Form 8.3 - NortonLifeLock, Inc  https://t.co/Lq3syOzsQs",Company | Product News,Legal | Regulation,False
268,"CommentSold Launches Videeo, an Enterprise Live Video Commerce Solution from the Leader in Commercial Live Selling  https://t.co/dpSdaJ8F0d",Company | Product News,Company | Product News,True
269,New Relic Launches Agentless Monitoring for SAPⓇ Solutions  https://t.co/4z1vdMvlEi,Company | Product News,Company | Product News,True
270,"Pecan AI Announces One-Click Data Science Model Deployment, Integration with Core Business Systems, and Automated Live Model Monitoring  https://t.co/l6oAs1Zy0x",Company | Product News,Company | Product News,True
271,Quiet Platforms Expands Fulfillment Capacity and Reach with Launch of Atlanta Facility  https://t.co/pftz8UQuPS,Company | Product News,Company | Product News,True
272,Citrix Among Best Places to Work for Disability Inclusion,Company | Product News,General News | Opinion,False
273,Comet Recognized as a Cool Vendor in AI Core Technologies by Gartner®  https://t.co/NabEalnYH0,Company | Product News,Company | Product News,True
274,Everbridge’s Vernon Irvin Recognized as One of Savoy Magazine’s 2022 Most Influential Black Executives in Corporate America  https://t.co/blDVB5RVgi,Company | Product News,Personnel Change,False
275,"Gartner Announces Gartner IT Symposium/Xpo™, October 17-20, in Orlando  https://t.co/CCsEjR08xJ",Company | Product News,General News | Opinion,False
276,Hypertruck Innovation Council Member Ruan Places Hypertruck ERX™ Order  https://t.co/aXZJCBtesT,Company | Product News,Company | Product News,True
277,"IMBOX Protection Expands to U.S., Offers Retailers Patented In-Store Footwear Protection Technology  https://t.co/fK6myUBRVp",Company | Product News,Company | Product News,True
278,Spinal Elements® Announces First Commercial Cases Utilizing the Karma® MIS System  https://t.co/NfZEUD9t4l,Company | Product News,Company | Product News,True
279,Cloud Security Alliance Releases Guidance on Third-Party Vendor Risk Management in Healthcare  https://t.co/EMNwk57P3h,Company | Product News,General News | Opinion,False
280,KellyOCG Partners With Globality to Transform its Services Procurement Solution  https://t.co/DNP5svo3dJ,Company | Product News,Company | Product News,True
281,"Myers Industries Releases Inaugural Environmental, Social, and Governance Report  https://t.co/6HpdcuV8Ee",Company | Product News,Company | Product News,True
282,Qwilt’s CDN Technology Set to Enrich Viewing Experience for NCTC Member Networks Across the US  https://t.co/26rVVVgJlS,Company | Product News,Company | Product News,True
283,Safety Vision Showcases Mobile Video Surveillance Advancements at STN EXPO Reno  https://t.co/zpml1uIZ8Q,Company | Product News,Company | Product News,True
284,Veracode Achieves Public Sector Milestone with FedRAMP Authorization  https://t.co/SabyRkZ5h0,Company | Product News,Company | Product News,True
285,BankiFi Expands Operations into North America  https://t.co/lPeBgnExzt,Company | Product News,Company | Product News,True
286,Immunomic Therapeutics Announces First Patient Dosed in Phase I Clinical Trial of ITI-3000 pDNA Vaccine for the Treatment of Merkel Cell Carcinoma  https://t.co/Dd9bwT6YZZ,Company | Product News,Company | Product News,True
287,Wabtec to Improve Metropolitan Atlanta Rapid Transit Authority Passenger Comfort with new HVAC Systems  https://t.co/kcAw9akHbS,Company | Product News,Company | Product News,True
288,Ryder Named 2022 Top Green Supply Chain Partner by Inbound Logistics  https://t.co/Hr7HQKtWUx,Company | Product News,Company | Product News,True
289,"Alsym Energy Partners With Synergy Marine to Provide Low-Cost, Non-Flammable Rechargeable Batteries for Shipping Vessels  https://t.co/jb833wrBrQ",Company | Product News,Company | Product News,True
290,"Cherry Labs Awarded NIH Grant to Help Older Americans Age in Place Independently Using Privacy-protected, AI-based Monitoring  https://t.co/Ztxnt3BWp7",Company | Product News,Company | Product News,True
291,TotalEnergies Has Definitively Withdrawn from Myanmar  https://t.co/Iui6HryMZK,Company | Product News,Legal | Regulation,False
292,First Trust Global Funds PLC UK Regulatory Announcement: Net Asset Value(s)  https://t.co/ObtqV7dAgT,Company | Product News,General News | Opinion,False
293,Papua New Guinea: TotalEnergies Announces New Milestone towards Papua LNG Development  https://t.co/VdNyyUMUsP,Company | Product News,Company | Product News,True
294,Ontic Signs Teaming Agreement to Begin Growth in Europe  https://t.co/zAJwG9ZtpO,Company | Product News,Company | Product News,True
295,"Vitura: Statement of Transactions in Own Shares From July 11, 2022 to July 15, 2022  https://t.co/D9auNgHEOY",Company | Product News,Stock Movement,False
296,GenSight Biologics reports 5 years’ data showing sustained efficacy and safety following one-time treatment with LUMEVOQ®  https://t.co/puVHW1O65Y,Company | Product News,Company | Product News,True
297,ATLATL Boosts China’s Life Sciences through Integration of Global Innovation Resources  https://t.co/XtqW4xyxlx,Company | Product News,Company | Product News,True
298,Mesa Royalty Trust Announces Trust Income for July 2022  https://t.co/7wbkTYBv0W,Company | Product News,Dividend,False
299,"Electromed, Inc. to Participate in the Canaccord Genuity 42nd Annual Growth Conference  https://t.co/HwLzVODcql",Company | Product News,Stock Commentary,False
300,"Innovien expands its national footprint with a new office in Nashville, Tennessee  https://t.co/UhEnNYGrKO",Company | Product News,Company | Product News,True
301,Xtrackers II UK Regulatory Announcement: Net Asset Value(s)  https://t.co/jmSfX83oKg,Company | Product News,General News | Opinion,False
302,Ipsen: Disclosure Transaction in Own Shares Between 11/07/2022 to 15/07/2022  https://t.co/NmELeBqKU3,Company | Product News,Stock Movement,False
303,Zultys Receives 2022 Unified Communications Product of the Year Award  https://t.co/dXnArVTwJJ,Company | Product News,Company | Product News,True
304,Durham Based Keen Decision Systems Announces 11 Million Dollars in Series B Funding  https://t.co/dYTbh0883f,Company | Product News,IPO,False
305,ARKHAUS Prepares to Launch Final Tier Applications for Pre-Sale Membership to World’s First Floating Members-Only Social Club  https://t.co/8T3g8BaqOY,Company | Product News,General News | Opinion,False
306,Acadia Healthcare Forms Joint Venture With ECU Health to Build a Modern Behavioral Health Hospital in Eastern North Carolina  https://t.co/J1Oq1YFs6L,Company | Product News,M&A | Investments,False
307,"Boomi Wins Awards for Best CEOs for Diversity and Best Company for Career Growth, Ranking Top 50 in the Largest Company Category  https://t.co/tMWwv5vajU",Company | Product News,Company | Product News,True
308,Coda Signature Debuts Wellness Line with Raspberry Lift ‘Healthy Body’ Fruit Notes  https://t.co/s9EFNYX801,Company | Product News,Company | Product News,True
309,ExtensisHR Expands Geographical Footprint with New Raleigh-Durham Sales Office  https://t.co/aKBUzaBZNM,Company | Product News,Company | Product News,True
310,KBRA Releases SFVegas 2022 Conference – Monday Recap  https://t.co/S1GW6NsP72,Company | Product News,General News | Opinion,False
311,"OFS Credit Company Announces Results of Stockholder Elections for the Distribution for the Quarter Ending July 31, 2022  https://t.co/QkuiB9VoAt",Company | Product News,Stock Movement,False
312,"SYNAPS Dx Showcases Autopsy-Confirmed Results for DISCERN Alzheimer’s Test MI Biomarker, For Identifying Alzheimer’s in Presence of Other Co-Morbid Pathologies  https://t.co/zHWoSl0Tqz",Company | Product News,Company | Product News,True
313,The Pouch House Announces Online Ordering Platform for Flexible Packaging  https://t.co/Rq6FXr6N4F,Company | Product News,Company | Product News,True
314,"UL Solutions Approved for Ethernet Alliance Gen 2 Power Over Ethernet Certification Testing in Taiwan, Extending New Flexibility to Manufacturers  https://t.co/PfNPD6nsbm",Company | Product News,General News | Opinion,False
315,Chartwell Hospitality and Rockbridge Secure Hotel Development at Nashville International Airport  https://t.co/CD1UhOtMhO,Company | Product News,Company | Product News,True
316,Dine Brands International Continues Global Expansion with IHOP® Restaurant Franchisee Deal in Western Saudi Arabia  https://t.co/yDWsc2Acyf,Company | Product News,Company | Product News,True
317,Engageli Enters Corporate Learning and Development Market  https://t.co/tjKMyKsiNu,Company | Product News,Company | Product News,True
318,"Family Connects International Launches as Standalone Nonprofit, Emphasizes Commitment to Build Local Communities of Support for Families with Newborns",Company | Product News,General News | Opinion,False
319,"Forter Announces its Inaugural Conference, IMPACT 2022  https://t.co/zOwKCeEkQI",Company | Product News,General News | Opinion,False
320,Gilead Sciences Signs New Joint Procurement Agreement with the European Commission for Veklury® (Remdesivir)  https://t.co/w20g1iU9eh,Company | Product News,Company | Product News,True
321,Good Finance Chooses CyberLink’s FaceMe® Facial Recognition Technology to Perform Identity Verification for Its Online Banking Services  https://t.co/Wb7CNvUrHC,Company | Product News,Company | Product News,True
322,OWYN Announces Funding Round Led by Purchase Capital to Accelerate National Expansion  https://t.co/R6LgrDAkTW,Company | Product News,M&A | Investments,False
323,Phillips 66 and H2 Energy Europe close on joint venture to create European network of hydrogen refueling stations  https://t.co/0OpQb1x1bm,Company | Product News,Energy | Oil,False
324,Planet and Organic Valley Complete Pilot and Expand Collaboration Across Cooperative  https://t.co/MGwNQ4BAzB,Company | Product News,Company | Product News,True
325,The HFW Companies and Texas-based 4Ward Land Surveying Create Strategic Partnership to Accelerate Growth  https://t.co/gQXJtv7yBW,Company | Product News,Company | Product News,True
326,Trinseo Introduces Sustainable ALTUGLAS™ R-LIFE Acrylics  https://t.co/LnkrJLxpCI,Company | Product News,Company | Product News,True
327,Newegg Launches  https://t.co/X6k7zlf8pc as Dedicated Online Shopping Resource for Graphics Cards  https://t.co/jVxNxw3kLW,Company | Product News,Company | Product News,True
328,CoLab Named an Inaugural Partner for Xometry’s New Workcenter Platform  https://t.co/vM62mdRP92,Company | Product News,Company | Product News,True
329,Independent Clinical Studies Published Regarding Performance of Axumin® (Fluciclovine F 18) PET Imaging in Patients with Recurrent Prostate Cancer Undergoing Androgen Deprivation Therapy (ADT)  https://t.co/hygrjD86TT,Company | Product News,Company | Product News,True
330,"OnTask Launches API to Bring eSignatures, Forms and Automated Workflows Into Any Website or App  https://t.co/GjjpL72GPQ",Company | Product News,Company | Product News,True
331,Technip Energies and National Petroleum Construction Company Establish a New Company to Accelerate Energy Transition  https://t.co/ab0ce750O4,Company | Product News,M&A | Investments,False
332,Impulse Space and Relativity Space Announce First Commercial Mission to Mars  https://t.co/UADh5aP5q0,Company | Product News,Company | Product News,True
333,"Tachyum Signs Agreement with M Computers to Expand HPC, AI, Edge and Cloud Computing in Central and Eastern Europe  https://t.co/cXbp3eFdqB",Company | Product News,Company | Product News,True
334,Zyxel Communications Expands Portfolio of WiFi 6 Gateways for Service Providers  https://t.co/xD9hVOL29i,Company | Product News,Company | Product News,True
335,Canada Jetlines Now Accepting Ticket Bookings for Summer Departures  https://t.co/SmzWiNeEE6,Company | Product News,Company | Product News,True
336,"Cardurion Pharmaceuticals Announces Dosing of Patients in CARDINAL-HF, a Phase 2 Clinical Trial of its PDE9 inhibitor in Heart Failure  https://t.co/CWN09awK1G",Company | Product News,Company | Product News,True
337,Carefull Further Bridges Generations for Banks and Advisors with New Platform Features  https://t.co/kR4vnkGF3O,Company | Product News,Company | Product News,True
338,Datadobi added to the IT Enterprise Solutions – Software 2 (ITES-SW2) Contract for U.S. Army Computer Hardware Enterprise Software and Solutions (CHESS)  https://t.co/aYFahXspKY,Company | Product News,Company | Product News,True
339,Establishment Labs Releases 2021 Sustainability Review  https://t.co/lBgRRoJ6Lk,Company | Product News,Company | Product News,True
340,Flowserve Expands Educational Service Capabilities in Partnership With Texas-Based Lamar University  https://t.co/qOLfco200I,Company | Product News,Company | Product News,True
341,Nighthawk Gold Reports 1.91 g/t Au Over 60.95 Metres From the 2022 Exploration Program Initial Drill Assay Results  https://t.co/px9igFxOLz,Company | Product News,Dividend,False
342,"Silgan Announces Transfer of Its Common Stock Listing to New York Stock Exchange; to Ring Opening Bell on August 1, 2022  https://t.co/Ky5ix91Cbl",Company | Product News,IPO,False
343,Toshiba Simplifies Printing for Today's Anywhere Workforce  https://t.co/MBaWiyXC0m,Company | Product News,Company | Product News,True
344,Versa SASE Earns Zero Trust Security Excellence Award  https://t.co/ycw63rm9gD,Company | Product News,Company | Product News,True
345,Inseego Offers the Industry's First 5G Cloud WAN Solution to Enterprises  https://t.co/8ho5uhNRJQ,Company | Product News,Company | Product News,True
346,"Intelligent City Raises $30 Million to Advance the Sustainable Urban Housing Industry Using Mass Timber, Automation, and Robotics  https://t.co/Td69IliFg1",Company | Product News,Company | Product News,True
347,ZapBatt Partners with Toshiba to Unlock Proven Lithium Titanium Oxide Battery Technology for Micro-mobility  https://t.co/ZDnBXPIDza,Company | Product News,Company | Product News,True
348,"Barnes Aerospace Is Elevating to New Heights: Announcing the Expansion of its East Granby, Connecticut Maintenance, Repair, and Overhaul Facility  https://t.co/Rp5Pp26ip5",Company | Product News,Company | Product News,True
349,"PROVEN Skincare Announces International Expansion; Personalized, Adaptive, and AI-Backed Skincare Products Now Available in the European Union and the United Kingdom  https://t.co/KNYP6Ga2AV",Company | Product News,Company | Product News,True
350,FIS Expands Wealth Offerings in the United Kingdom with New Pension Services  https://t.co/zoXa2Vdlmd,Company | Product News,Company | Product News,True
351,Skechers to Partner With Woodgreen Pets Charity to Raise Money for Rescue Animals  https://t.co/dLoaTVrdgT,Company | Product News,Company | Product News,True
352,"Ellington Financial Announces Estimated Book Value Per Common Share as of June 30, 2022",Company | Product News,Financials,False
353,Civeo Announces a 12-Year Contract Renewal in Canada  https://t.co/XjZ7vzFQb1,Company | Product News,Company | Product News,True
354,Digital Media Solutions To Participate In Upcoming Canaccord Genuity 42nd Annual Growth Conference Next Month  https://t.co/Bk2PvJU3oI,Company | Product News,General News | Opinion,False
355,Chemours CEO and Chief Brand Officer Recognized as Two of the Most Influential Black Executives in Corporate America by Savoy Magazine  https://t.co/cQoswunvpU,Company | Product News,Personnel Change,False
356,Significant Maiden Molybdenum Resource Defined Adjacent to the Tungsten Orebody at Sangdong Mine in South Korea  https://t.co/RY0eDKidc0,Company | Product News,Gold | Metals | Materials,False
357,MOD Pizza Brings Back Five Seasonal Favorites This Summer With $7 “MOD Flashbacks”  https://t.co/X3TWxXdcF7,Company | Product News,Company | Product News,True
358,Xtrackers (IE) plc UK Regulatory Announcement: Net Asset Value(s)  https://t.co/TTCnvQ8D72,Company | Product News,General News | Opinion,False
359,"CF Industries Holdings, Inc. Statement Regarding ITC Injury Determination Concerning Imports of UAN from Russia and Trinidad and Tobago  https://t.co/AMZUWrvEaG",Company | Product News,Legal | Regulation,False
360,"TransPerfect Announces New Contact Center in Santo Domingo, Dominican Republic  https://t.co/6wQtMjkIpe",Company | Product News,Company | Product News,True
361,Keysight Technologies Announces Student Finalists for Innovation Challenge  https://t.co/cd0nAwiBvx,Company | Product News,Company | Product News,True
362,Waitr Unveils Logo for ASAP as new Brand Identity for Delivery Company  https://t.co/0xevnJ35s7,Company | Product News,Company | Product News,True
363,Aegis Sciences Corporation Launches Key Opinion Leadership Series With First Panel on Designer Drugs  https://t.co/AigfIJsqYD,Company | Product News,Company | Product News,True
364,Verition Fund Management LLC UK Regulatory Announcement: Form 8.3 - Brewin Dolphin Holdings plc  https://t.co/N6zeOBgozv,Company | Product News,Legal | Regulation,False
365,Horizon Media partners with Sourcepoint to help drive privacy-first advertising  https://t.co/YGai1nqnba,Company | Product News,Company | Product News,True
366,Peoplecare Chooses Boomi and Atturra To Connect Member Data For Personalized Health Fund Experiences  https://t.co/vKmC8eV4SO,Company | Product News,Company | Product News,True
367,PropTech Innovator Unreserved Celebrates First Anniversary by Offering 0% Interest for 12 months on Home Purchases  https://t.co/LZky4THw5J,Company | Product News,Company | Product News,True
368,"First Trust Portfolios UK Regulatory Announcement: Form 8.3 - NortonLifeLock, Inc.  https://t.co/eG166nPCv3",Company | Product News,Legal | Regulation,False
369,Amylyx Pharmaceuticals Announces Partnership Agreement with Sunnybrook Research Institute to Identify Novel Drug Candidates for Neurodegenerative Diseases  https://t.co/qrOoGyjYUN,Company | Product News,Company | Product News,True
370,"Lone Star College Deploys YuJa’s Video Platform to Serve More than 80,000 Students Each Semester  https://t.co/KsLtut0yZs",Company | Product News,Company | Product News,True
371,Moleaer Expands Nanobubble Generator Portfolio with the Introduction of Lotus™ for Agriculture and Horticulture  https://t.co/NOwHQzoR2R,Company | Product News,Company | Product News,True
372,SeekOut Announces New Platform Capabilities to Quickly Source Healthcare Candidates in Times of Workforce Shortfall  https://t.co/5cewjxZc7E,Company | Product News,Company | Product News,True
373,Alegeus and HealthSherpa Experience Significant Momentum for ICHRA  https://t.co/1FRwdR3MSk,Company | Product News,Company | Product News,True
374,"CACI Awarded $80 Million Task Order with the U.S. Army to Provide Aerial Intelligence, Surveillance, and Reconnaissance  https://t.co/UR9ClfCwPF",Company | Product News,Company | Product News,True
375,Lucid Diagnostics to Participate in the Canaccord 42nd Annual Growth Conference and the 7th Annual Needham Med Tech &amp; Diagnostics 1x1 Conference  https://t.co/7G9CA3Pj0k,Company | Product News,Stock Movement,False
376,Ampco-Pittsburgh Announces Preliminary Results of Offer to Exercise Allowing Series A Warrants to be Exercised at a Reduced Price,Company | Product News,Stock Movement,False
377,Mawson Infrastructure Group Inc. Announces $6.4 Million Registered Direct Offering  https://t.co/UOIlTnZwos,Company | Product News,Stock Movement,False
378,BitOoda Expands into Proof of Stake with Hire of Recognized PoS Expert  https://t.co/YhKzjIXQmu,Company | Product News,Company | Product News,True
379,"Capstone Green Energy Secures a New 600 kW EaaS Contract as Rental Contracts Surge to 35.4 MW, a 37% One-Quarter Increase  https://t.co/I7PhtIEnRt",Company | Product News,Company | Product News,True
380,"Crop One Holdings and Emirates Flight Catering Celebrate Opening of ECO 1, the World’s Largest Vertical Farm  https://t.co/EdvM6aT7eI",Company | Product News,Company | Product News,True
381,Macy’s Expands WHP Global Partnership to Bring Toys“R”Us to Every Macy’s Store in America in Time for Holiday Season  https://t.co/mNImBByVpw,Company | Product News,Company | Product News,True
382,"Mycovia Pharmaceuticals Announces U.S. Availability of VIVJOA™ (oteseconazole) Capsules, the First and Only FDA-Approved Medication for Recurrent Vulvovaginal Candidiasis (Chronic Yeast Infection)  https://t.co/W7n56p9QbE",Company | Product News,Company | Product News,True
383,"Advent Technologies Receives Official Ratification From the European Union for the ""Green HiPo"" IPCEI Project  https://t.co/zf2L3Nr1r3",Company | Product News,Company | Product News,True
384,Consensus Cloud Solutions to Participate in Oppenheimer 25th Annual Technology Internet &amp; Communications Conference  https://t.co/CC8PNt1mBS,Company | Product News,Company | Product News,True
385,Life Cycle Assessment of NMG’s Graphite Advanced Materials Confirm Minimal Environmental Footprint  https://t.co/Hsjd0HJyPW,Company | Product News,Company | Product News,True
386,AECOM selected by Arizona Department of Transportation to develop plan for the statewide deployment of electric vehicle charging stations  https://t.co/21saQ5dClY,Company | Product News,Company | Product News,True
387,Largest Ceragon Networks Shareholder Sends Letter to Board of Directors  https://t.co/dysYHCENL0,Company | Product News,Company | Product News,True
388,HyperX Announces New DuoCast Microphone and White Colorways for QuadCast S and SoloCast Microphones  https://t.co/U50ap3g0c1,Company | Product News,Company | Product News,True
389,Corent Technology and TruStack Partner to Deliver Best-in-Class Cloud Services  https://t.co/G0dLKIKg92,Company | Product News,Company | Product News,True
390,First Trust Global Funds PLC UK Regulatory Announcement: Net Asset Value(s)  https://t.co/qsG5A229t2,Company | Product News,Dividend,False
391,Paysafe wins ‘Payment Innovation’ Award at 2022 SBC Awards North America  https://t.co/ZjqCCOSlNX,Company | Product News,Stock Movement,False
392,First Trust Global Funds PLC UK Regulatory Announcement: Net Asset Value(s)  https://t.co/DNeOYUEMVl,Company | Product News,Dividend,False
393,Cadillac Ranks First in Luxury-Vehicle Shopping Helpfulness Study  https://t.co/Bgv9y4f0Z7,Company | Product News,Company | Product News,True
394,Parker Aerospace Announces Agreement with the U.S. Air Force and the Defense Logistics Agency for Five-Year Performance-Based Logistics Contract  https://t.co/eK1pBs9LW5,Company | Product News,Company | Product News,True
395,Airgain® Reports Granting of Inducement Awards Under Nasdaq Listing Rule 5635(c)(4)  https://t.co/d9hziHAFZc,Company | Product News,Stock Movement,False
396,Butterfield Cautions Shareholders Regarding New York Stock and Bond LLC Mini-Tender Offer for Shares  https://t.co/Ib6zoafbfm,Company | Product News,Legal | Regulation,False
397,Netcapital Inc. Announces Closing of Public Offering  https://t.co/zLdT7eVhMB,Company | Product News,IPO,False
398,"Pershing Square Holdings, Ltd. Announces Transactions in Own Shares - 15 July 2022  https://t.co/c5CZmKwDW4",Company | Product News,Stock Movement,False
399,Foundation Automotive Corp. Expands to Tennessee with 4 Dealerships Including First Nissan  https://t.co/8Rjyn5M5kt,Company | Product News,Company | Product News,True
400,Blackhawk Network Retail Partners Alongside Independent Software Vendors  https://t.co/vC8jRSh0nR,Company | Product News,Company | Product News,True
401,"ISG to Publish Report on Insurance BPO, ITO Services  https://t.co/uLYa5sP3bS",Company | Product News,Company | Product News,True
402,Medusa Raises $8m to Build the Leading E-Commerce Platform for Developers  https://t.co/7mJYKS14nQ,Company | Product News,Company | Product News,True
403,Zymeworks Announces Plan to Become a Delaware Corporation  https://t.co/Y56ufYQcSn,Company | Product News,IPO,False
404,Vertical Aerospace Secures Pre-Delivery Payment Commitment From American Airlines  https://t.co/qjKLiThGRY,Company | Product News,M&A | Investments,False
405,Vertical Enters the Business Aviation Market With Aircraft Pre-Order From FLYINGGROUP  https://t.co/200MMqTNkD,Company | Product News,M&A | Investments,False
406,"Torches, the Lending Protocol on KCC Opens TOP Mining with Up to 900% Mining Rate  https://t.co/No5MtgcJ7i",Company | Product News,Company | Product News,True
407,Institutional Property Advisors Closes $64.3 Million Hollywood-Area Multifamily Asset Sale  https://t.co/e5AGkOXGLD,Company | Product News,Company | Product News,True
408,"TechTarget Named a G2 Grid® Report Leader in Buyer Intent Data, Marketing Intelligence and Sales Intelligence for 11th Consecutive Time  https://t.co/iFbxiDez75",Company | Product News,Company | Product News,True
409,Onramp Invest Raises $7 Million to Complete Series A Funding  https://t.co/1t3SYPrvpV,Company | Product News,IPO,False
410,Cyemptive Technologies CEO Rob Pike Named “Cybersecurity CEO of the Year” by CEO Monthly Magazine  https://t.co/FsX0aqrueN,Company | Product News,Personnel Change,False
411,PowerSchool Joins Over 500 CEOs and Nonprofit Leaders in Call to Prioritize Computer Science Education in K-12 Schools  https://t.co/vmvyTR9x1k,Company | Product News,General News | Opinion,False
412,Greenland Resources Supports the Local Community of Ittoqqortoormiit in East Greenland  https://t.co/YlqxGQ0bxI,Company | Product News,Company | Product News,True
413,Breeze Airways™ Emphasizes Complimentary Family Seating Policy  https://t.co/xVto4YMyew,Company | Product News,Company | Product News,True
414,Fortune Minerals Extends Purchase Option for NICO Refinery Site in Alberta Until the End of September  https://t.co/uaUsozr1Na,Company | Product News,Company | Product News,True
415,ReMo Energy Raises $5.25M to Demonstrate Distributed Renewable Materials Production  https://t.co/1ekaZ6PtsF,Company | Product News,Company | Product News,True
416,PUMA Signs Rising 200m Sprint Star Abby Steiner  https://t.co/mW93HhR3Rh,Company | Product News,Company | Product News,True
417,Wynd Technologies Unveils Innovative Smoke and Noise Detection Solution for Short-Term Rental Property Owners  https://t.co/Nz1xJPUgH8,Company | Product News,Company | Product News,True
418,Nanotronics Announces nControl™ Fueled by AIPC™ at SEMICON West,Company | Product News,Company | Product News,True
419,Supermojo Announces Completion of Seed Round to Streamline NFT Access,Company | Product News,IPO,False
420,Centers for Medicare &amp; Medicaid Services (CMS) Issue New ICD-10-PCS Code for ZOLL Medical's TherOx SSO2 Therapy  https://t.co/3bZ1U9Bf2M,Company | Product News,Company | Product News,True
421,YouCam Makeup Expands into Men’s Grooming with New AI &amp; AR Virtual Beard Style Try-On  https://t.co/8q8bq4LqLu,Company | Product News,Company | Product News,True
422,Elevated Signals announces GMP validation,Company | Product News,Company | Product News,True
423,CEL-SCI Corporation Announces Reddit AMA with Geert Kersten,Company | Product News,General News | Opinion,False
424,MultiTech Partners With Part Analytics to Tackle Direct Materials Supply Issues  https://t.co/4nxfnOaWrD,Company | Product News,Company | Product News,True
425,Verition Fund Management LLC UK Regulatory Announcement: Form 8.3 - John Menzies plc  https://t.co/bfoZiBsdwx,Company | Product News,Legal | Regulation,False
426,Liberty Latin America Releases 2021 ESG Annual Report  https://t.co/nYqNTQ3GjQ,Company | Product News,Company | Product News,True
427,BEUMER Launches Next-Gen Line Sorter and Pouch Systems  https://t.co/ivJEnZpr25,Company | Product News,Company | Product News,True
428,Clair and Criterion Join Forces to Offer On-Demand Pay to Hundreds of Mid-Market Businesses  https://t.co/k8k3o2rP4K,Company | Product News,Company | Product News,True
429,Exactech Announces Successful First Surgeries with Latest Instrumentation for Its Newton™ Balanced Knee Technology,Company | Product News,Company | Product News,True
430,NOVA Infrastructure Closes $565 million Fund I,Company | Product News,IPO,False
431,CData Software Releases New AWS Glue Client Connectors for CData Connect Cloud  https://t.co/OGETcINKkM,Company | Product News,Company | Product News,True
432,"Canadian Food Startup, Fieldless, Raises $17.5M for Major Expansion  https://t.co/aZoteasXqC",Company | Product News,Company | Product News,True
433,"Jenne, Inc. Expands Internet Services Solutions Through Strategic Partnership With Metro Wireless  https://t.co/FufNkI3SfG",Company | Product News,Company | Product News,True
434,"NEPC Continues Expansion of Corporate Consulting Teams, Adding Leadership  https://t.co/nqfjuAtubi",Company | Product News,Personnel Change,False
435,Schwab Announces Its Summer Business Update  https://t.co/6SIVtE727F,Company | Product News,Stock Movement,False
436,Rave Mobile Safety Will Feature Dr. Jillian Peterson and Brett Culp as Keynote Speakers During the Company’s September 27-29 Virtual Summit  https://t.co/By77tILsas,Company | Product News,General News | Opinion,False
437,NBC GLOBAL UK Regulatory Announcement: Form 8.3 - MEGGITT PLC  https://t.co/tDsmhGANQK,Company | Product News,Legal | Regulation,False
438,"American Express® Enhances Blue Cash Everyday® Card with New Design, Cash Back Rewards, and Benefits  https://t.co/S5Mmcot6Op",Company | Product News,Company | Product News,True
439,Applied UV Installs Airocide at a Leading U.S. Cosmetology School  https://t.co/9WwqmjPtB7,Company | Product News,Company | Product News,True
440,ChargePoint General Counsel Rebecca Chavez recognized among Women of Influence in Silicon Valley  https://t.co/80B63fZIV9,Company | Product News,Personnel Change,False
441,Rocket Lab’s MAX Flight Software Surpasses 50th Mission Milestone  https://t.co/KevqVVaTIM,Company | Product News,Company | Product News,True
442,Stimdia Medical Announces Close of Series B Equity Financing Round with Proceeds to be Used to Complete the Company’s Pivotal Study  https://t.co/x3lYLhofp4,Company | Product News,M&A | Investments,False
443,Twist Bioscience Launches Monkeypox Virus Synthetic DNA Controls  https://t.co/RnPZbI1P7L,Company | Product News,Company | Product News,True
444,CI Global Asset Management Announces Risk Rating Changes for Three Funds  https://t.co/L1mkheSps8,Company | Product News,Financials,False
445,CI Global Asset Management Announces July 2022 Distributions for CI ETFs  https://t.co/wGhjGeGikS,Company | Product News,Dividend,False
446,"Golden Minerals Company Produces 3,004 oz Gold During Q2 2022  https://t.co/pNw8n0O3cM",Company | Product News,Energy | Oil,False
447,BeiGene Provides Regulatory Update on the U.S. Biologics License Application (BLA) for PD-1 Inhibitor Tislelizumab in 2L ESCC  https://t.co/mr8tfJEMP3,Company | Product News,Earnings,False
448,SINOVAC COVID-19 Vaccine Is Authorized for Emergency Use in Kids Aged 3-5 In Brazil  https://t.co/4djprofTws,Company | Product News,Company | Product News,True
449,ThunderX Received Financing from Qualcomm Ventures to Accelerate the Breakthrough and Mass Production of Intelligent Driving Technologies  https://t.co/xZVY9PzuU4,Company | Product News,M&A | Investments,False
450,First Trust Global Funds PLC UK Regulatory Announcement: Net Asset Value(s)  https://t.co/wtOy3KOrjn,Company | Product News,Financials,False
451,Celsius Network Initiates Financial Restructuring to Stabilize Business and Maximize Value for All Stakeholders  https://t.co/ssbaK8BOgT,Company | Product News,Legal | Regulation,False
452,"Pershing Square Holdings, Ltd. Announces Transactions in Own Shares and Weekly Summary of Transactions in Own Shares – 13 July 2022  https://t.co/23AP6lwDlj",Company | Product News,Stock Movement,False
453,The St. Joe Company Releases a Video Showing Progress on Projects Currently in Development or Under Construction  https://t.co/DVnpP9CIzH,Company | Product News,Company | Product News,True
454,"VWF Bancorp, Inc. Completes Initial Public Offering  https://t.co/7K4MFCuS3F",Company | Product News,IPO,False
455,Elastic Announces Enhancements to Cross-Cluster Search and Cross-Cluster Replication  https://t.co/l5I8junBpz,Company | Product News,Company | Product News,True
456,BELLUS Health Announces the Launch of a Public Offering of Common Shares in Canada and the United States  https://t.co/wlMfhSmIXP,Company | Product News,Stock Movement,False
457,Jakks Pacific Reveals New Super Mario™ Interactive Figure Let’s Go Yoshi!   https://t.co/bkIjw3iPtG,Company | Product News,Company | Product News,True
458,medZERO Advances to Next Stage in LG’s Innovative Mission for the Future Global Challenge  https://t.co/sLNdhaTsTp,Company | Product News,Company | Product News,True
459,"Publix Opens New Store in Yulee, South Carolina",Company | Product News,General News | Opinion,False
460,"AM Best to Present Canada Insurance Market Analysis, Highlight Best’s Performance Assessments at Annual Briefing in Toronto  https://t.co/pkVlouiPnc",Company | Product News,Company | Product News,True
461,Management Consulting Company Thrivence Launches as Part of Barge Design Solutions  https://t.co/vOuhb4Nr0t,Company | Product News,Company | Product News,True
462,Keysight Enables AI-LINK to Accelerate 5G Private Network Deployments in Smart Warehouses  https://t.co/7Kc7hZmZCp,Company | Product News,Company | Product News,True
463,Spoke Chooses T IoT from T-Mobile and Deutsche Telekom to Pave the Way for Safer Cycling  https://t.co/gVBf6meXzA,Company | Product News,Company | Product News,True
464,ATLAS Awarded NOAA IDIQ Contract For GSaaS Services  https://t.co/FAPQN0zWZi,Company | Product News,Company | Product News,True
465,PPM America’s Commercial Real Estate Team Reaches Significant Milestones  https://t.co/XkjzXqYmgb,Company | Product News,Company | Product News,True
466,Citi Appointed as Depositary Bank for Ming Yang Smart Energy Group Limited GDR Program -- the Fifth Shanghai-London Stock Connect GDR Program  https://t.co/4NVJLSFsBZ,Company | Product News,Company | Product News,True
467,"Fairbanks Morse Defense Launches 45,000-Square-Foot Training and Service Center Campus in Chesapeake, Va.  https://t.co/ZSOzkPZQ7S",Company | Product News,Company | Product News,True
468,Boomi Announces Partner Award Winners Headlined by Accenture and Deloitte at 2022 EMEA Partner Summit  https://t.co/ycU5xM3PNR,Company | Product News,Company | Product News,True
469,"First Trust Portfolios UK Regulatory Announcement: Form 8.3 - NortonLifeLock, Inc.  https://t.co/5zLk8w2Iy5",Company | Product News,Company | Product News,True
470,Lazurite™ Named a 2022 Top 10 Surgical Solutions Provider by MedTech Outlook Magazine  https://t.co/LihzLnGvDa,Company | Product News,Company | Product News,True
471,"Q2 Announces 2022 Environmental, Social and Corporate Governance (ESG) Report  https://t.co/hgKOb6lFgy",Company | Product News,Company | Product News,True
472,TNS Hosts Enterprise Branded Calling Webinar to Help Businesses Improve Call Answer Rates  https://t.co/ISLty9qUyo,Company | Product News,Company | Product News,True
473,"Distributed Ventures Leads $6 Million Seed Series Investment in Posterity Health, the Industry’s First Digital Male Fertility Center of Excellence  https://t.co/mpxRWWQp2z",Company | Product News,Company | Product News,True
474,"PPG, Aerobrand announce aircraft livery design partnership  https://t.co/9pQfUhJXdS",Company | Product News,Company | Product News,True
475,Shenzhen Giant Microelectronics Launches FiRa Certified UWB SoC GT1000  https://t.co/HdAFa68pnI,Company | Product News,Company | Product News,True
476,"Transphorm Adds Industry-Standard TO-263 (D2PAK) to Its Surface Mount Package Offerings, Extending SuperGaN Platform Benefits  https://t.co/5YHzJzZCMM",Company | Product News,Company | Product News,True
477,UserTesting Enhances Its Machine Learning-Powered Post-Test Analysis and Redesigns Its Platform Experience for Improved Team Collaboration  https://t.co/ED4mpnYpOs,Company | Product News,Company | Product News,True
478,"Ingevity awards $60,000 to high school leaders  https://t.co/2hdPxSl6fU",Company | Product News,Company | Product News,True
479,Anumana Collaborates with Leading Global Health Care Company to Detect Heart Disease Using Artificial Intelligence  https://t.co/QrUKKF31Jh,Company | Product News,Company | Product News,True
480,Moving Analytics Raises $20M to Scale Cardiovascular Telehealth Programs in Underserved Communities  https://t.co/2MmrgXeSOz,Company | Product News,Company | Product News,True
481,"Everbridge Unveils Service Intelligence to Accelerate IT Incident Response, Reduce Time-Consuming Unplanned Work, and Maximize Digital Service Value",Company | Product News,Company | Product News,True
482,Esri Offers Free Online Course on Geospatial Software for AEC Projects  https://t.co/zONm3lifVw,Company | Product News,Company | Product News,True
483,REPAY Receives the 2022 Premier Breakthroughs ‘Supplier Horizon Award’  https://t.co/uTVPGYsCO2,Company | Product News,Company | Product News,True
484,"Bio-Thera Solutions Announces First Patient Dosed in Phase 1 Study for BAT8006, an Antibody Drug Conjugate Targeting Folate Receptor α for the Treatment of Advanced Solid Tumors  https://t.co/lUmNKh48kb",Company | Product News,Company | Product News,True
485,NetApp Powers Porsche Motorsport to ABB FIA Formula E World Championship Wins with Data-driven Cloud Solutions  https://t.co/15D67IaaZr,Company | Product News,Company | Product News,True
486,Omaha National Surpasses $150 Million in In-Force Premium  https://t.co/0oLLNiodgb,Company | Product News,Company | Product News,True
487,RenovoRx Launches “The RenovoRx Story” Video Series  https://t.co/Nk1DEEpwlY,Company | Product News,Company | Product News,True
488,Valor Siren Ventures II Closes $595M Fund  https://t.co/iJBcAwo3oN,Company | Product News,M&A | Investments,False
489,Vivvi Continues Expansion with First Location Outside Manhattan  https://t.co/c4hRdizryC,Company | Product News,Company | Product News,True
490,"Xilis Announces Series A Extension, Bringing Total Round to Over US$89 Million  https://t.co/PxLZIQBNQY",Company | Product News,Company | Product News,True
491,Juniper Networks Introduces New AI-Driven Switch and Enhanced AIOps Capabilities for Simpler Wired/Wireless Deployments and Optimized Client-to-Cloud User Experiences  https://t.co/LtAztUSDT2,Company | Product News,Company | Product News,True
492,Gossamer Bio Announces $120 Million Private Placement Financing  https://t.co/Cm03OlQNzg,Company | Product News,Company | Product News,True
493,Dedrone Closes $30 Million Series C-1 Financing  https://t.co/AdiPQL0bCB,Company | Product News,Company | Product News,True
494,Enviva Launches the Enviva Heirs Property Fund to Combat Involuntary Land Loss in U.S. Southeast  https://t.co/qQqwwSCbII,Company | Product News,Company | Product News,True
495,Orthofix Medical and LimaCorporate Announce Partnership to Provide Solution for Patients with High Hip Dislocation for the US Market  https://t.co/52f54EFd0S,Company | Product News,M&A | Investments,False
496,Spirit Airlines Announces Intention to Adjourn Special Meeting of Stockholders  https://t.co/3swMdlqW0j,Company | Product News,General News | Opinion,False
497,KuCoin Into The Cryptoverse Reveals Increase In Number of Saudi Arabian Crypto Investors Adopting Auto-trading Strategies in Bearish Market  https://t.co/T4FAmfdHm5,Company | Product News,General News | Opinion,False
498,Quanergy and PARIFEX Collaborate for First Compliant LiDAR-Based Speed Enforcement System  https://t.co/r6R3z9TTYO,Company | Product News,Company | Product News,True
499,Revitalist Exceeds Growth Expectations in the Month of June with Record Breaking Visits While Also Advancing Their Reach for Veterans Across the United States  https://t.co/G14YNCBQKU,Company | Product News,Company | Product News,True
500,"Personetics provide personalized insights to regional bank customers partners with Japan’s leading innovator in digital banking, iBank  https://t.co/vnu7stLnOM",Company | Product News,Company | Product News,True
501,Mobile Roaming Revenues From Consumer &amp; IoT Connections to Reach $30 Billion in 2023: Kaleido Intelligence  https://t.co/0Gnkrx1QMN,Company | Product News,General News | Opinion,False
502,Yugabyte and UL Systems Announce Strategic Partnership to Accelerate Cloud-Native Transactional Database Adoption  https://t.co/BDzMeWCzGZ,Company | Product News,Company | Product News,True
503,FriendliAI Announces New System to Hike Up the Serving Efficiency of Large-scale AI Models at OSDI 2022  https://t.co/P2NpuISiEr,Company | Product News,Company | Product News,True
504,GuideMe Solutions Goes Live with SuccessFactors on the WalkMe Solutions Gallery  https://t.co/heOYaMPHzA,Company | Product News,Company | Product News,True
505,Millrise Centre Starbucks Workers Win Union Vote Becoming First Unionized Store in Alberta  https://t.co/1JlK8jnANZ,Company | Product News,General News | Opinion,False
506,Geospace Technologies Awarded $4M Shallow Water Ocean Bottom Node Rental Contract,Company | Product News,Company | Product News,True
507,Renovacor Announces Pipeline Expansion with New Research Program for Multiple Genetic Segments of Arrhythmogenic Cardiomyopathy  https://t.co/Y5MZBvgk6A,Company | Product News,Company | Product News,True
508,L3Harris Integrated and Tested Critical Instruments on NASA’s James Webb Space Telescope; First Images Unveiled  https://t.co/z11Kglstpa,Company | Product News,Company | Product News,True
509,"Epoch Concepts Announces Epoch Axis, a New Zero-Trust-Based Remote Access Solution for Energy Companies  https://t.co/GkXea4auUO",Company | Product News,Company | Product News,True
510,AGCO Wins Red Dot Award: Design Concept 2022  https://t.co/703bFAyXJw,Company | Product News,Company | Product News,True
511,Dynamic Announces Strategic Partnership with CAIS  https://t.co/wVoUpuogTY,Company | Product News,Company | Product News,True
512,Seclore Announces Partnership with Global IT Solutions Aggregator TD SYNNEX  https://t.co/YXUS0FAkhQ,Company | Product News,Company | Product News,True
513,Intel Releases Open Source AI Reference Kits  https://t.co/QjXROfqZl0,Company | Product News,General News | Opinion,False
514,BAE Systems Delivers Advanced M-Code GPS Products to Germany  https://t.co/kubqTm6FCB,Company | Product News,Company | Product News,True
515,Corvias Receives High Scores From University Student Residents  https://t.co/BCMIozWMm1,Company | Product News,General News | Opinion,False
516,European Congress of Radiology (ECR 2022) – Braintale Selected for Oral Presentation of Its Digital Biomarkers’ Platform Technical Potential  https://t.co/VhRxaSeFbr,Company | Product News,Company | Product News,True
517,"Landmark Properties, ACRE Deliver Upscale Residential Community, The Cove at Covington Town Center, in Covington, Ga.  https://t.co/tzP09xP6P3",Company | Product News,Company | Product News,True
518,LicenseFortress Announces Availability of LicenseFortress Discovery for purchase on VMware Marketplace  https://t.co/7f0QXThp1M,Company | Product News,Company | Product News,True
519,"Millennium Partners, L.P. UK Regulatory Announcement: Form 8.3 - John Menzies plc  https://t.co/PkkG5O0xr4",Company | Product News,Legal | Regulation,False
520,NASCAR and SeatGeek Enter Multi-Year Official Partnership  https://t.co/q3yKQwJG2f,Company | Product News,Company | Product News,True
521,Olio Debuts First-of-Its-Kind ‘Live’ Cannabis Edibles Utilizing Unlokt™ by Day Three Labs  https://t.co/7sRHNahOnv,Company | Product News,Company | Product News,True
522,Power Trucks USA Releases Video: Calling All Auto Enthusiasts for Franchising Opportunity  https://t.co/gSX9Cs6to8,Company | Product News,Company | Product News,True
523,SYNAPS Dx Selects Dallas/Fort Worth Texas Markets as First Regions for National Commercialization of Highly Accurate Diagnostic Alzheimer’s Disease Test for Patients with Dementia Diagnosis  https://t.co/I7jsDCEKHK,Company | Product News,Company | Product News,True
524,TrueMark Investments &amp; RiverNorth Capital Management Launch First Actively Managed Pre-Merger SPAC ETF to Incorporate Leverage  https://t.co/trGpzNQggD,Company | Product News,M&A | Investments,False
525,Utherverse Announces Functional Non-Fungible Tokens (fNFT) For Use Across Multiple Metaverses  https://t.co/RggbF265p9,Company | Product News,Company | Product News,True
526,Verition Fund Management LLC UK Regulatory Announcement: Form 8.3 - Brewin Dolphin Holdings plc  https://t.co/kALDzAZk1G,Company | Product News,Legal | Regulation,False
527,Weave Launches Newest Addition to Its All-in-One Platform — Insurance Verification  https://t.co/Yc07GXBWI1,Company | Product News,Company | Product News,True
528,C3 AI Named a Leader in AI and Machine Learning Platforms  https://t.co/31FChyVyRd,Company | Product News,Company | Product News,True
529,PROS Drives Revenue Acceleration Across the Lufthansa Group Airline Network  https://t.co/x1CCweCKhO,Company | Product News,Company | Product News,True
530,Unison Announces Expansion into Nebraska  https://t.co/y9GNIqCoET,Company | Product News,Company | Product News,True
531,Texas Original Adds Nacogdoches to its Growing List of Medical Cannabis Pickup Locations in Texas  https://t.co/AJiwIj4mNL,Company | Product News,Company | Product News,True
532,Applied Information to Provide Video Highlight Coverage of 2022 ITS World Congress,Company | Product News,Company | Product News,True
533,Buffalo Trace Distillery Announces New Dining and Tourism Destination  https://t.co/LqHSk1dtwd,Company | Product News,Company | Product News,True
534,First Connect Adds Cowbell Cyber Prime 100 to Insurtech Marketplace  https://t.co/0lVhUBGRHf,Company | Product News,Company | Product News,True
535,H.B. Fuller Partners with Enimac to Strengthen E-commerce Packaging  https://t.co/KCf862AZxh,Company | Product News,Company | Product News,True
536,"Happify Health Weaves a New Path as Twill, the Intelligent Healing Company™  https://t.co/DiEF3xy8na",Company | Product News,Company | Product News,True
537,"Homewatch CareGivers in Sterling, Virginia Marks 22nd Franchise Location to Select FluentStream as its Communications Provider  https://t.co/f76GIEcXfR",Company | Product News,Company | Product News,True
538,OneStream Continues Strong Growth and Expands Customer Base in First Half of 2022  https://t.co/HyJ8UhWm3C,Company | Product News,Company | Product News,True
539,Romidepsin for Injection Available from Fresenius Kabi  https://t.co/7QQ3iGevKo,Company | Product News,Company | Product News,True
540,"Turquoise Health Partners with Komodo Health to Unlock New Insights About Payments, Patient Journeys, and Episodes of Care  https://t.co/cQf6OSjwsN",Company | Product News,Company | Product News,True
541,"Webáta and Domo Launch  https://t.co/U5Oy6C19y4, a New Resource to Help Consumers Find In-stock Formula  https://t.co/APgULHoLto",Company | Product News,Company | Product News,True
542,Immuta is First Data Security Partner to Achieve Snowflake Ready Technology Validation  https://t.co/YUln5qXm0h,Company | Product News,Company | Product News,True
543,Matter Opens Dallas Office to Support the Region’s Booming Healthcare + Tech Presence  https://t.co/la0zKXWmNH,Company | Product News,Company | Product News,True
544,"Flowcarbon and Menthol Protocol Partner to Automate Broad Adoption of Decarbonization Solutions Across Blockchains, the Web3 Tech Stack, and Beyond.  https://t.co/7aKwcGFh4U",Company | Product News,Company | Product News,True
545,Lightspeed Raises Over $7 Billion to Fund Early and Growth-Stage Entrepreneurs Around the Globe  https://t.co/dCMHvo4xYQ,Company | Product News,Stock Movement,False
546,"Histopathology Data of Preclinical Repeated Dose Toxicity Study and ex vivo Human Tissue Cross-Reactivity (TCR) Analysis Support Safety of IPA’s PolyTope® TATX-03, a Synergistic Antibody Cocktail against SARS‑CoV‑2  https://t.co/DwX4LVt335",Company | Product News,Company | Product News,True
547,VitalSource Now Carries Complete Labster Portfolio of Science Lab Simulations  https://t.co/FRSOZW9PXC,Company | Product News,Company | Product News,True
548,Digital River Announces New ISV Partnership with commercetools Bringing Brands Unparalleled Flexibility for Global Expansion  https://t.co/Gv8Kz5xd2e,Company | Product News,Company | Product News,True
549,"Filecoin Green Collaborates With DCENT To Grant Solar Installation Funds, Implement Tools for Blockchain Clean Energy Use Verification at Netherlands Data Center  https://t.co/wSfZy3xr5L",Company | Product News,Company | Product News,True
550,SAPinsider Report Suggests Creating Additional Value in SAP Environments With Decision Intelligence  https://t.co/F8wlaz1kQX,Company | Product News,Company | Product News,True
551,Semantix Announces Effectiveness of Alpha Capital’s F-4 Registration Statement  https://t.co/slFVSEACyK,Company | Product News,Company | Product News,True
552,Spirent Vantage Signals a New Era of 5G Network-Aware Service Assurance  https://t.co/g4ZQg2hWFa,Company | Product News,Company | Product News,True
553,UnitedHealth Group Commits $25 Million to New England Healthy Neighborhoods Fund  https://t.co/TCQNWYhD2L,Company | Product News,Company | Product News,True
554,"XLerateHealth Selects 8 Healthcare Startups for 2022 Flint, Michigan, Accelerator Cohort  https://t.co/i5eeCDXUtn",Company | Product News,Company | Product News,True
555,"Knopp Biosciences and Population Health Partners Create Areteia Therapeutics, New Clinical-Stage Asthma Company, with $350 Million in Funding  https://t.co/1Z8qA6N7Y2",Company | Product News,Company | Product News,True
556,Eagle Eye Networks Celebrates 10 Years of Empowering Customers’ Move to Cloud Video Surveillance  https://t.co/sLAH2flTuQ,Company | Product News,Company | Product News,True
557,SoftServe Named as a Major Contender in Healthcare Payer Digital Services by Everest Group  https://t.co/VhMPb1cKe9,Company | Product News,Company | Product News,True
558,Garmin brings LiveScope Plus to its lithium-powered ice fishing bundle  https://t.co/wnll3Q9UNt,Company | Product News,Company | Product News,True
559,Garmin brings revolutionary live-scanning sonar technology to coastal and open-water fishing with the new LiveScope XR System  https://t.co/x7lZfudqoQ,Company | Product News,Company | Product News,True
560,Air Lease Corporation Activity Update for the Second Quarter of 2022,Company | Product News,Company | Product News,True
561,"Atlante: Two e-Mobility Hubs in Padua With 80 Electric Vehicle Charging Points, Powered by 100% Renewable Energy  https://t.co/44XhyKYysp",Company | Product News,Company | Product News,True
562,"Pershing Square Holdings, Ltd. Provides Director Declaration – LR 9.6.14 R  https://t.co/fgQq3VUwlx",Company | Product News,Legal | Regulation,False
563,Gensource Potash Announces Change of Registered Office  https://t.co/Cqw7BO3omn,Company | Product News,Company | Product News,True
564,https://t.co/XNB7m39H8H Launches Fixed-term Staking with APY of up to 12%  https://t.co/Jhz62nPimX,Company | Product News,Stock Movement,False
565,Ricardo Innovative Climate-Repairing Carbon Negative Technology to Support National Energy Security  https://t.co/aiA75PQpNA,Company | Product News,Company | Product News,True
566,"Pershing Square Holdings, Ltd. Announces Transactions in Own Shares - 11 July 2022  https://t.co/2JZYH9Rmao",Company | Product News,Stock Movement,False
567,Ausdia Introduces Timevision NFormal at the 59th Design Automation Conference,Company | Product News,Company | Product News,True
568,"ACTICOR BIOTECH: Disclosure of the Total Number of Voting Rights and Shares as of June 30, 2022  https://t.co/u8TLCGSYc1",Company | Product News,Company | Product News,True
569,Deutsche Bank AG UK Regulatory Announcement: Value per Security  https://t.co/6XI834WA1y,Company | Product News,Financials,False
570,"Spearhead, the Award-Winning, Black-Owned African Spirits Group Secures $3 Million Investment from PENDULUM®, Marking its Entry into the US Market  https://t.co/4VXERKrL4P",Company | Product News,M&A | Investments,False
571,Tasly Pharmaceuticals and Mauna Kea Technologies Announce Joint Venture and Licensing Agreements,Company | Product News,M&A | Investments,False
572,Neelyx Labs announces immediate capacity for rapid monkeypox PCR testing  https://t.co/5tampDUFu5,Company | Product News,Company | Product News,True
573,Karate Combat Announces a 125%+ Viewership Increase for ‘Karate Combat: Season 4’ Finale  https://t.co/RFj2NvpQjV,Company | Product News,Stock Movement,False
574,https://t.co/G0nmNITjcy is cutting 25% of its workforce amid the crypto bear market,Company | Product News,Stock Movement,False
575,"Hyundai plans to roll out an electric car for $20,372 by early 2023",Company | Product News,General News | Opinion,False
576,Elon Musk: Crypto is not contributing to an environmentally sustainable future yet,Company | Product News,General News | Opinion,False
577,Elon Musk: We are open to increasing our #bitcoin holdings in the future,Company | Product News,General News | Opinion,False
578,Elon Musk: We have not sold any of our #dogecoin,Company | Product News,General News | Opinion,False
579,ARK's newest ETF is shuttering just 8 months after its launch,Company | Product News,Earnings,False
580,GM introduces a new electric model to compete with Tesla and Ford,Company | Product News,Company | Product News,True
581,"Netflix is working with Microsoft on an ad-supported version of its service that will be ""more integrated and less interruptive” than traditional television",Company | Product News,Company | Product News,True
582,BREAKING: Cathie Wood is liquidating the Ark Transparency ETF,Company | Product News,Stock Commentary,False
583,Netflix expects to add 1 million subscribers next quarter,Company | Product News,Earnings,False
584,"Skybridge Capital, Anthony Scaramucci's firm, suspended withdrawals 'until we can raise capital'",Company | Product News,Legal | Regulation,False
585,GM introduces a new electric model to compete with Tesla and Ford,Company | Product News,Company | Product News,True
586,A new Tesla rival rolls off the production line... and it's FAST 💨,Company | Product News,Company | Product News,True
587,Crypto lender Genesis gave $2.36 billion to Three Arrows Capital,Company | Product News,Legal | Regulation,False
588,Disney is jumping into the crypto world,Company | Product News,Company | Product News,True
589,OpenSea lays off 20% of its workforce amid a slew of controversies,Company | Product News,Stock Movement,False
590,Twitter suffered a major global outage this morning,Company | Product News,Stock Movement,False
591,"TSMC is ""highly confident"" heading into the second half of the year",Company | Product News,Earnings,False
592,Nexo believes that it's the company's duty to offer help to struggling lenders,Company | Product News,Company | Product News,True
593,Anker’s early Prime Day sale on Amazon is a bevy of excellent deals,Company | Product News,Company | Product News,True
594,How Microsoft is using its cloud services to fight climate change,Company | Product News,Company | Product News,True
595,Netflix loses 1mn subscribers but defections are fewer than feared,Company | Product News,Earnings,False
596,Partner pay surpasses £2mn at Clifford Chance,Company | Product News,General News | Opinion,False
597,Founders of failed UK energy supplier in line for £50mn,Company | Product News,Legal | Regulation,False
598,Twitter accuses Elon Musk of ‘attempted sabotage’ in courtroom showdown,Company | Product News,Stock Movement,False
599,Investor in Oxford university spinouts raises £250mn,Company | Product News,IPO,False
600,Network Rail offers workers pay rises in bid to avert further strikes,Company | Product News,Legal | Regulation,False
601,Wirecard forged client details to secure €900mn investment from SoftBank,Company | Product News,Stock Commentary,False
602,China’s sovereign wealth fund is merging a unit overseeing billions of dollars in private equity and infrastructure investments into its main operations after a talent exodus,Company | Product News,Personnel Change,False
603,"Short on engines and other key parts, Airbus and Boeing are still struggling to deliver new planes",Company | Product News,Company | Product News,True
604,Jeep shutting down its only factory in China begs some unsettling questions about what the future holds for foreign manufacturers in the country,Company | Product News,Company | Product News,True
605,"Scandinavian carrier SAS continued talks with pilot unions on Saturday, with the strike that has grounded most of its flights during the peak holiday season poised to enter a third week",Company | Product News,Stock Movement,False
606,"Since March, MSC ships have doubled their service to Russian ports. MSC says it delivers essential goods and complies with international sanctions rules against Russia after the invasion of Ukraine (via @bbaschuk)",Company | Product News,Legal | Regulation,False
607,"For diapers and dish soap maker Procter &amp; Gamble, skyrocketing inflation means the company needs to be ""even more deliberate"" about telling consumers that its brands provide value",Company | Product News,Dividend,False
608,"Tesla sold most of its bitcoin, seemingly at a loss, but CEO Elon Musk suggested Wednesday that executives would be willing to purchase more in the future while calling cryptocurrency “a side show to the side show.”",Company | Product News,Stock Commentary,False
609,"Many Americans used Amazon Prime Day to stock up on household essentials amid soaring inflation. In the U.S., shoppers bought more than 60,000 items per minute.",Company | Product News,Stock Movement,False
610,"Amazon Prime Day in one chart: Americans stocked up on electronics, household essentials amid inflation",Company | Product News,Stock Movement,False
611,"The FDA said adults 18 and older may receive Novavax’s vaccine, once the shots have been approved by the CDC, a decision expected in the coming days.",Company | Product News,Earnings,False
612,"Amazon Prime Day by the numbers: Americans stocked up on electronics and household essentials amid soaring inflation, buying more than 60,000 items per minute.  Worldwide, shoppers snagged more than 300 million items, averaging 100,000 items per minute.  https://t.co/XxtULuRUAM",Company | Product News,Stock Movement,False
613,Beleaguered crypto lender Celsius reportedly files for bankruptcy,Company | Product News,Legal | Regulation,False
614,"Coming this fall: Hasbro will put your likeness on a 6-inch action figure for $60.   Characters include Black Panther and Black Widow, Star Wars X-Wing pilots and Stormtroopers, plus Ghostbusters, Power Rangers and G.I. Joe heroes. Here's how it works.",Company | Product News,Company | Product News,True
615,Netflix has tabbed Microsoft as its partner for an ad-supported platform,Company | Product News,M&A | Investments,False
616,"OPINION: Amazon has faced more than its share of criticisms, but it has also changed the face of retailing by offering an unbeatable mix of convenience and competitive pricing, @CharlesPassy writes.",Company | Product News,General News | Opinion,False
617,Ready for Amazon #PrimeDay 2022? Here's everything you need to know.,Company | Product News,General News | Opinion,False
618,"“For Twitter this fiasco is a nightmare scenario and will result in an Everest-like uphill climb,"" an analyst said.",Company | Product News,Stock Commentary,False
619,$AMZN $RIVN - Rivian EV vans are out in the wild delivering Amazon packages,Company | Product News,Company | Product News,True
620,$XXII - 22nd Century Group launches $35M securities offering,Company | Product News,IPO,False
621,$EBIX $EEFT - EbixCash and J&amp;K Bank sign agreement for facilitating money transfer services across branches,Company | Product News,M&A | Investments,False
622,$CIXX - CI Financial reports $333.7B in prelim June total assets,Company | Product News,Financials,False
623,$AN - AutoNation announces additional $1B stock repurchase authorization,Company | Product News,Stock Movement,False
624,$AG - First Majestic Silver to raise $100M through equity offering,Company | Product News,Treasuries | Corporate Debt,False
625,$BLFY - Blue Foundry Bancorp announces ~2.9M stock buyback program,Company | Product News,Stock Movement,False
626,$PDFS - PDF Solutions collaborates with SAP,Company | Product News,Company | Product News,True
627,$MAT $SPACE - Mattel will sell SpaceX toys and collectibles next year,Company | Product News,M&A | Investments,False
628,$GOOG $GOOGL - Google pausing hiring for two weeks - report,Company | Product News,General News | Opinion,False
629,$EGRNF $EGRNY - China Evergrande wants to release restructuring plan; creditors say wait,Company | Product News,Legal | Regulation,False
630,"$HLN.WI - Haleon CEO says brand recognition, gross margins will drive growth - CNBC",Company | Product News,Stock Commentary,False
631,$SABR - Sabre's Radixx portfolio selected by AirJapan for supporting its first commercial flight,Company | Product News,Company | Product News,True
632,$TTE - TotalEnergies launches first phase of FEED studies on Papua LNG project,Company | Product News,Energy | Oil,False
633,$CRKN - Crown Electrokinetics prices $1M share offering,Company | Product News,Treasuries | Corporate Debt,False
634,$SPIR - Spire Global adds to data capabilities of satellite constellation,Company | Product News,Gold | Metals | Materials,False
635,$HIPO - Hippo plans to complete a reverse stock split,Company | Product News,Stock Movement,False
636,$INZY - Inozyme Pharma releases positive early-stage data on candidate for ABCC6 Deficiency,Company | Product News,Earnings,False
637,$AIR - AAR secures captains of industry contract from Defense Logistics Agency,Company | Product News,Company | Product News,True
638,$COIN - Coinbase pauses Bitcoin SV withdrawals,Company | Product News,Stock Movement,False
639,$LSCC - LG Electronics taps Lattice Semiconductor's software for latest laptop lineup,Company | Product News,Company | Product News,True
640,$BASFY - BASF to spend $780M for final phase of MDI expansion at Geismar Site,Company | Product News,Company | Product News,True
641,$GM - General Motors defense unit to provide battery EV to U.S. Army,Company | Product News,Company | Product News,True
642,$ALK - Alaska Air orders eight new E175 aircraft for operation with Horizon Air,Company | Product News,Company | Product News,True
643,$ESALF $ESALY - Eisai refocuses R&amp;D efforts as cancer research unit shutters,Company | Product News,Company | Product News,True
644,$GOOG $SHOP - Shopify partners with YouTube for boosting sales from content creators,Company | Product News,Company | Product News,True
645,$ALGM - Allegro MicroSystems enters new distribution agreement with Mouser Electronics,Company | Product News,Company | Product News,True
646,$NUGL - Kaya Group receives first orders in $13.5B California cannabis market,Company | Product News,Company | Product News,True
647,$ITI - Iteris nabs contract from VDOT for statewide transportation operations,Company | Product News,Company | Product News,True
648,$EFSH - 1847 Holdings announces the approval to uplist to NYSE American,Company | Product News,Company | Product News,True
649,$STLD - Steel Dynamics to build $2.2B aluminum flat rolled mill,Company | Product News,Company | Product News,True
650,$PEI - PREIT highlights expanding retailers to new markets,Company | Product News,Company | Product News,True
651,$FIS - FIS launches retirement services in the U.K.,Company | Product News,Company | Product News,True
652,"$EE - Excelerate Energy, Bulgaria's Overgas sign gas sale MoU",Company | Product News,Company | Product News,True
653,$CAAP - Corporación América Airports reports increase in June passenger traffic,Company | Product News,Company | Product News,True
654,$LZB - La-Z-Boy finalizing closure of Newton upholstery facility,Company | Product News,Company | Product News,True
655,"$RTX $NOC $LMT - Raytheon, Northrop complete second test of HWAC hypersonic missile",Company | Product News,Company | Product News,True
656,"$LMT - Lockheed, Pentagon near $30B deal for F-35 fighter jets - Reuters",Company | Product News,Company | Product News,True
657,$ELDN - Eledon begins dosing in early-stage study of tegoprubart in kidney transplant patients,Company | Product News,Company | Product News,True
658,$CPHI - China Pharma files plan of compliance to NYSE American,Company | Product News,Company | Product News,True
659,$MCD - McDonald's franchisees are not happy - what happens next?,Company | Product News,General News | Opinion,False
660,"$MTEK $MTEKW - Maris-Tech received a repeat $250,000 order from a leading defense company customer",Company | Product News,Company | Product News,True
661,$BLK - BlackRock and QLS Advisors partner for investment in biomedical innovation,Company | Product News,M&A | Investments,False
662,$BARUF - Baru Gold raises $1.5M in financing to fund Sangihe gold mine project,Company | Product News,Dividend,False
663,$SFET - Safe-T group expands consumer privacy solution portfolio with new application for android users,Company | Product News,Company | Product News,True
664,$ACER $RLFTF - Acer resubmits U.S. marketing application for urea cycle disorder therapy,Company | Product News,Company | Product News,True
665,$UNCY $LPCUF - Unicycive inks licensing deal for kidney disease drug Renazorb in Asia,Company | Product News,Company | Product News,True
666,"$COIN - Coinbase Global gains approval from Italian regulator, part of its European expansion",Company | Product News,Company | Product News,True
667,$BAH - Booz Allen Hamilton nabs $172M IDIQ contract for Navy's aviation enterprises,Company | Product News,Company | Product News,True
668,$TOUR - Tuniu regains compliance with minimum bid price requirement,Company | Product News,Stock Movement,False
669,$SIGA $CMRX $BVNKF - U.S. orders 2.5M more Bavarian Nordic monkeypox vaccine doses,Company | Product News,Company | Product News,True
670,"$SGBX - SG Blocks announces new buyback program, intends to sell Lago Vista development site",Company | Product News,Company | Product News,True
671,"$BK - Bank of new York Mellon Q2 reflects higher client activity, market depreciation",Company | Product News,Earnings,False
672,"$XOM $COP $OXY - Hilcorp, Exxon and Conoco top greenhouse gas emitters, new report says",Company | Product News,Energy | Oil,False
673,$GD - General Dynamics divisions bag $272M and $908M Navy and Air Force,Company | Product News,M&A | Investments,False
674,$RSSFD - Affinor Growers reduces per unit price of private placement to C$0.15,Company | Product News,Company | Product News,True
675,Crypto exchange OKX secures license to offer trading services in UAE,Company | Product News,Stock Movement,False
676,Crypto exchange CoinFLEX lets customers withdraw up to 10% of their account balances,Company | Product News,Stock Movement,False
677,$LEXX - Lexaria Bioscience gets third patent granted in Japan,Company | Product News,Company | Product News,True
678,$GBT - Global Blood Therapeutics to expand access to its sickle cell disease treatment in Brazil,Company | Product News,Company | Product News,True
679,"$AAPL $V $NVDA - House Speaker Nancy Pelosi sells Visa, Apple calls, exercises Nvidia calls",Company | Product News,General News | Opinion,False
680,$TYL - Florida's Orange County selects Tyler Technologies' Enterprise Assessment &amp; Tax solution,Company | Product News,Company | Product News,True
681,$TWST - Twist Bioscience launches monkeypox virus DNA controls,Company | Product News,Company | Product News,True
682,"$UPLD - Upland Software raises $115M capital in convertible preferred shares, president steps down",Company | Product News,Company | Product News,True
683,$RSI $BRAG - Bragg Gaming expands partnership with Rush Street Interactive for online casino content,Company | Product News,M&A | Investments,False
684,$BKSY - BlackSky bags $4.4M IARPA contract,Company | Product News,Company | Product News,True
685,$SNIPF - Snipp’s Gambit team up with Scuti,Company | Product News,Company | Product News,True
686,$CDNS $TSEM - Tower semiconductor and Cadence expand collaboration to accelerate automotive IC development,Company | Product News,Company | Product News,True
687,$PFE - Pfizer recalls 1 lot of anesthetic Propofol due to presence of visible particulate,Company | Product News,Company | Product News,True
688,$WDAY - Workday enters federal govt market with FedRAMP Authorized status,Company | Product News,Company | Product News,True
689,$NKE $FANA - Nike and Fanatics ink long-term college apparel deal,Company | Product News,Company | Product News,True
690,$AAPL - Apple iPhone sales have remained strong even as smartphone market cools: report,Company | Product News,Company | Product News,True
691,$CMCL - Caledonia Mining's Q2 Blanket Mine production hits record high,Company | Product News,Company | Product News,True
692,$SIGI - Selective Insurance and SimpliSafe join hands for smart home security solutions,Company | Product News,Company | Product News,True
693,$AMRN - Amarin's Vazkepa medicine gets final guidance from UK body for reimbursement and use,Company | Product News,Company | Product News,True
694,$SQ - Block's Afterpay partners with Sephora for more customer accessibility,Company | Product News,Company | Product News,True
695,$MU - Micron Technology chooses Athinia for pioneering data collaboration,Company | Product News,Company | Product News,True
696,$CACI - CACI International wins $557.8M DoD task order,Company | Product News,Company | Product News,True
697,$TROW - T. Rowe Price AUM slides to over 6% in June amid turbulent market conditions,Company | Product News,Company | Product News,True
698,$LQWC - Lifequest’s wholly owned subsidiary receives first order from a pharmaceutical company,Company | Product News,Company | Product News,True
699,"$ATCX - Atlas Technical secures $6.5M program, project management contract",Company | Product News,Company | Product News,True
700,$GOSS $NEA - Gossamer Bio to raise $120 in a private equity placement,Company | Product News,IPO,False
701,$RDWR - India's ESDS Software picks Radware's Cloud DDoS Protection Service,Company | Product News,Company | Product News,True
702,$QNGY $QNGY.WS - Quanergy team up with PARIFEX for first compliant LiDAR-based speed enforcement system,Company | Product News,Company | Product News,True
703,$AMGN $MRK $RHHBY - Amgen Lumakras combination data in lung cancer held until August - Reuters,Company | Product News,Earnings,False
704,$MRCY - Mercury Systems gets $56M contract to support rapid data processing for radar application,Company | Product News,Company | Product News,True
705,$IVZ - Invesco assets under management dip to $1.39T in June amid market volatility,Company | Product News,Financials,False
706,"$ICART $DASH $JTKWY - Grocery delivery service Gopuff said to cut 10% of staff, close warehouses - report",Company | Product News,Stock Movement,False
707,$GELYF $GELYY $PSNY - China's Geely launches first EV pickup truck 'Radar' linked up to recreational demand,Company | Product News,Company | Product News,True
708,$MSFT - Microsoft reportedly cuts up to 1% of company workforce,Company | Product News,Stock Movement,False
709,$ICAGY $EJTTF $RYAAY - London’s Heathrow Airport asks airlines to stop selling summer tickets,Company | Product News,Legal | Regulation,False
710,$ACN - Accenture's subsidiary AFS nabs $199M 10-year contract from TSA,Company | Product News,Company | Product News,True
711,$LUMN - Lumen brings Edge Computing Solutions to Europe,Company | Product News,Company | Product News,True
712,$VIVE - Viveve Medical receives patent for dual-energy technology in Taiwan,Company | Product News,Company | Product News,True
713,$INDO - Indonesia Energy discovers potential natural gas reservoir in Kruh block,Company | Product News,Energy | Oil,False
714,$XCUR - Exicure files shelf registration of common stock for holders,Company | Product News,Financials,False
715,$VERV $BEAM - Verve announces dosing initiation in Phase 1 trial for base editing candidate,Company | Product News,Earnings,False
716,$XPEV - XPeng affiliate company aims to make big break into the household robotics market,Company | Product News,Company | Product News,True
717,$GDNPF - good Natured Products signs multi-year contract with large U.S. food producer,Company | Product News,Company | Product News,True
718,$SNN - Smith+Nephew launches app Wound Compass to help reduce variation in wound care,Company | Product News,Company | Product News,True
719,$DAL $AMZN - Delta Air Lines selects Amazon's Web Services for preferred cloud provider,Company | Product News,Company | Product News,True
720,$PHG - Philips gets FDA nod for AI-based MRI software,Company | Product News,Company | Product News,True
721,$BKD - Brookdale reports 76.6% month-end occupancy in June,Company | Product News,Earnings,False
722,$JNPR - Oil India picks Juniper Networks to support India’s sustainability and digital transformation goals,Company | Product News,M&A | Investments,False
723,$EADSY $EADSF - Airbus sees slower growth in passenger traffic on higher energy costs,Company | Product News,Analyst Update,False
724,$WZZAF $WZZZY $RYAAY - Wizz Air cuts capacity amid European travel chaos,Company | Product News,Stock Movement,False
725,$NVO - Novo Nordisk achieves positive data with two hemophilia candidates,Company | Product News,Earnings,False
726,$KCS-USD $COIN $CRO-USD - Crypto exchange KuCoin to hire over 300 staff even as recession fears mount: CoinDesk,Company | Product News,General News | Opinion,False
727,$RELL - Richardson Healthcare expands CT Tube business into Canada,Company | Product News,Company | Product News,True
728,$EQOS $BTC-USD - Eqonex introduces its first crypto-linked exchange-traded product,Company | Product News,Company | Product News,True
729,$CMCSA $CHTR $ATUS - Slow season adds another headwind for broadband subscriber growth,Company | Product News,Company | Product News,True
730,TIKTOK SAYS IS INTRODUCING NEW CAPTION AND TRANSLATION TOOLS,Company | Product News,General News | Opinion,False
731,"TESLA TO INCREASE COST OF FSD BETA SOFTWARE BEYOND ITS $12,000 PRICE TAG-TECHCRUNCH",Company | Product News,Stock Commentary,False
732,TESLA CEO MUSK: THERE IS POTENTIAL FOR RECORD-BREAKING H2 OUTPUT  TESLA CEO MUSK: TESLA'S CYBERTRUCK ON TRACK TO DEBUT IN 2023,Company | Product News,Stock Commentary,False
733,ALASKA AIRLINES BECOMES FIRST U.S. AIRLINE TO LAUNCH ELECTRONIC BAG TAG PROGRAM,Company | Product News,Company | Product News,True
734,APPLE REACHES $50 MLN SETTLEMENT OVER DEFECTIVE MACBOOK KEYBOARDS - RTRS,Company | Product News,Dividend,False
735,GERMAN NETWORK REGULATOR: GAZPROM MARKETING &amp; TRADING SINGAPORE IS THEREFORE USING THE MECHANISMS EXISTING IN ITS CONTRACTUAL AGREEMENTS TO MANAGE SITUATION WITH ITS CUSTOMERS,Company | Product News,Legal | Regulation,False
736,"IBM - IN CONSTANT CURRENCY, SAW DOUBLE-DIGIT PERFORMANCE IN THE AMERICAS, IN EUROPE AS WELL AS IN ASIA PACIFIC- CONF CALL",Company | Product News,Earnings,False
737,NETFLIX CUSTOMERS IN 5 LATIN AMERICAN COUNTRIES WILL PAY EXTRA IF THEY WANT TO WATCH IN MORE THAN 1 HOUSEHOLD - BLOOMBERG NEWS REPORTER TWEER,Company | Product News,General News | Opinion,False
738,NETFLIX TESTING NEW PASSWORD SHARING PLAN IN LATIN AMERICA; TO CHARGE $3 MORE FOR ADDITIONAL HOMES,Company | Product News,General News | Opinion,False
739,"RESERVE BANK OF NEW ZEALAND ANNOUNCES NEW STANDING REPURCHASE FACILITY   FROM 20 JULY, RESERVE BANK TO ALLOW ELIGIBLE COUNTERPARTIES TO LEND NZD THROUGH STANDING REPURCHASE (REPO) FACILITY   NEW STANDING REPURCHASE FACILITY WILL BE AVAILABLE FROM 20 JULY 2022",Company | Product News,Fed | Central Banks,False
740,RBNZ ANNOUNCES NEW STANDING REPURCHASE FACILITY,Company | Product News,Fed | Central Banks,False
741,BLACKROCK SAYS THERE HAVE BEEN NO FIRMWIDE HIRING RESTRICTIONS - SPOKESPERSON,Company | Product News,General News | Opinion,False
742,"BLACKROCK IS SLOWING DOWN HIRING FOR SOME ROLES AT THE FIRM, WITH LEADERSHIP CITING ECONOMIC UNCERTAINTY - INSIDER",Company | Product News,Personnel Change,False
743,"RUSSIA'S MTS ANNOUNCED ITS LATEST DEVELOPMENT - MTS PAY SERVICE, WHICH WILL BECOME SUBSTITUTE OF APPLE PAY AND GOOGLE PAY IN RUSSIA",Company | Product News,Company | Product News,True
744,"APPLE INC AND FORMER DESIGN CHIEF JONY IVE ""HAVE AGREED TO STOP WORKING TOGETHER"" -NEW YORK TIMES REPORT, CITING SOURCES",Company | Product News,Stock Commentary,False
745,TESLA TO LAY OFF 229 EMPLOYEES IN SAN MATEO OFFICE - GOVT FILING,Company | Product News,Stock Movement,False
746,AMAZON- DELTA IS ALSO WORKING WITH AWS TO MODERNIZE CORE TECHNOLOGY PLATFORMS THAT SUPPORT ITS CUSTOMER ENGAGEMENT CENTER OPERATIONS,Company | Product News,M&A | Investments,False
747,Live news updates: Polymetal considers sale of Russian assets to win back investors,Company | Product News,Legal | Regulation,False
748,The cryptocurrency exchange FTX is seeking approval from the US Commodity Futures Trading Commission to offer customers bitcoin futures — contracts that allow users to bet on the price of the digital token,Company | Product News,Gold | Metals | Materials,False
749,.@ATT CFO Pascal Desroches on confidence amid recession concerns: “We have been restructuring the business for the last two years. We are on track to deliver $4 billion of a $6 billion run rate savings… by the time we exit this year.”,Company | Product News,Analyst Update,False
750,"Coinbase says it had no exposure to bankrupt firms Celsius, Voyger, or Three Arrows Capital  https://t.co/6bIh6Ahof0 by @DsHollers",Company | Product News,General News | Opinion,False
751,Former Gap CEO: Here's how I would fix Gap  https://t.co/KjnYX8FfKb by @BrianSozzi,Company | Product News,General News | Opinion,False
752,How Netflix plans to find its inner ‘Star Wars’,Company | Product News,General News | Opinion,False
753,"$PTON releases an ad featuring actor Christopher Meloni working out fully nude.  “You have to cover your eyes when looking at the stock chart… It's been an ugly almost two years for this company,” @BrianSozzi says.",Company | Product News,Stock Movement,False
754,Volta: Kroger partnership helps EV charging ‘fit seamlessly’ into everyday life  https://t.co/Lvl79359LT by @Pras_S,Company | Product News,M&A | Investments,False
755,Twitter just made the case for why it's better off without Elon Musk  https://t.co/nhPGoUlVMQ by @DanielHowley,Company | Product News,Politics,False
756,Volta: Kroger partnership helps EV charging ‘fit seamlessly’ into everyday life  https://t.co/UZbyavsN4O by @Pras_S,Company | Product News,M&A | Investments,False
757,"Non-fuel costs “came in about 22% higher than June of [2019] largely due to the fact that we are only 82% restored,” @Delta CEO Ed Bastian told Yahoo Finance. Full comments:",Company | Product News,General News | Opinion,False
758,Amazon Prime Day has entered a new era  https://t.co/0LSInfIJQH by @agarfinks $AMZN,Company | Product News,Markets,False
759,$RIVN is planning to cut hundreds of jobs. @pras_s explains what it means for the electric vehicle maker:,Company | Product News,Stock Movement,False
760,"Amazon issued 13,000 disciplinary notices at single U.S. warehouse",Company | Product News,General News | Opinion,False
761,".@FlyAirNZ CEO Greg Foran discusses travel demand, disruptions in the aviation industry, and innovations on planes that allow passengers to rent beds mid-flight:",Company | Product News,General News | Opinion,False
762,"Tesla said it has sold 75% of the bitcoin it had purchased, a little more than a year after investing in the digital currency",Company | Product News,Company | Product News,True
763,"Heard on the Street: Porsche needs to reassure investors that it can act independently of its owner, Volkswagen",Company | Product News,Stock Movement,False
764,"Overherd: BMWs have heated seats and steering wheels, but only if your subscription is up to date",Company | Product News,General News | Opinion,False
765,Nebraska startup with a unique approach to clean hydrogen is valued at more than $1 billion,Company | Product News,Company | Product News,True
766,Berkshire Hathaway is one step closer to reaching a threshold that would allow it to include Occidental Petroleum in its results,Company | Product News,M&A | Investments,False
767,Discord CEO Proves There’s Life Without Microsoft - The information,Company | Product News,General News | Opinion,False
768,"$TXMD TherapeuticsMD (TXMD) evaluating strategic options, including Chapter 11",Company | Product News,Stock Movement,False
769,$TTD $DIS Exclusive: Disney inks major advertising deal with The Trade Desk- Axios,Company | Product News,Company | Product News,True
770,$PLRX Pliant Therapeutics Inc. (PLRX) Announces $150M Common Stock Offering,Company | Product News,Company | Product News,True
771,"Nomination Requests For Lubmin II Point Where Nord Stream 1 Makes Landfall In Germany Pick Up From July 21, 2022, 0600 CET - Gascade Website",Company | Product News,Legal | Regulation,False
772,$F | Ford: Ford Has Developed A Prototype Robot Charging Station That Drivers Operate Via Their Smartphone From Inside Their Electric Vehicle,Company | Product News,Company | Product News,True
773,$FB | Facebook Shifts Resources From News Tab And Bulletin To Focus On Creator Economy - @WSJ,Company | Product News,General News | Opinion,False
774,"$GOOGL | Google Planning To Test AR Prototypes In The Real World, Starting Next Month",Company | Product News,Company | Product News,True
775,VW Turns To Electric Scout Brand To Win Back Americans - @Axios,Company | Product News,Company | Product News,True
776,"Nord Stream 1 Seen Restarting Gas Flows After Annual Maintenance On Time, On Thursday, At Reduced Level - RTRS Citing Two Sources",Company | Product News,Currencies,False
777,$AAPL Apple Plans To Slow Hiring And Spending For Some Teams Next Year - BBG,Company | Product News,Stock Movement,False
778,$BA Qatar Airways Weighs Boeing 777X Deal In Boost To Flagging Sales - BBG,Company | Product News,Company | Product News,True
779,OMV: It Expects Maintenance Work On Nord Stream 1 Will Be Completed As Planned And That Deliveries Will Resume After That,Company | Product News,General News | Opinion,False
780,"$TSLA | Tesla CEO Musk: If Inflation Calms Down, We Can Lower Prices For Cars",Company | Product News,Stock Movement,False
781,SK Hynix Is Said To Weigh Slashing Spending By A Quarter In 2023 - BBG,Company | Product News,Company | Product News,True
782,Reports $META Will Soon Allow Facebook Users To Have Up To 5 Profiles,Company | Product News,Company | Product News,True
783,$AMZN | Early Results For Amazon Prime Day 2022   https://t.co/10R8KdEcIJ,Company | Product News,Earnings,False
784,$AMZN $WBD | Warner Bros. Said To Be In Talks With Amazon For New HBO Max Deal,Company | Product News,M&A | Investments,False
785,Apple plans to slow hiring and spending next year to brace for a potential economic downturn  https://t.co/Zm32t9qSCc,Company | Product News,Stock Commentary,False
786,Tech giants Meta and Amazon are cutting back on planned office expansions in New York as they re-evaluate flexible remote-working options  https://t.co/4sKgKEnGZW,Company | Product News,Company | Product News,True
787,"Amazon sold more than 300 million items over 2 days, more than any previous Prime Day sale  https://t.co/RsHgQR2Juw",Company | Product News,Earnings,False
788,"Starting August 23, the cost of an ESPN+ subscription will jump to $9.99 a month from $6.99  https://t.co/PfVwXDmkBa",Company | Product News,Stock Movement,False
789,"Uber tried to lobby politicians and flouted laws as part of efforts to expand globally from 2013 to 2017, reports based on leaked documents show.  The company allegedly received assistance in its efforts from politicians including French President Macron  https://t.co/ybpaILlmjR",Company | Product News,Legal | Regulation,False
790,"Uber tried to lobby politicians and flouted laws as part of efforts to expand globally from 2013 to 2017, reports based on leaked documents show.  The company allegedly received assistance in its efforts from politicians including France's Macron  https://t.co/HEtoQ7QEz3",Company | Product News,Legal | Regulation,False
791,ProShares is launching a short bitcoin ETF this week   $BITI $BITO,Company | Product News,IPO,False
792,$ASML $ASMLF - ASML Q2: Full Order Book To Fend Off A Possible Semi Bust.  https://t.co/qlEIRUESsk #economy #markets #trading,Company | Product News,Earnings,False
793,$LMT - Lockheed Martin: Underwhelming Quarter Does Not Reflect Potential.  https://t.co/P1MNhR8nk4 #trading #business #stocks,Company | Product News,Stock Commentary,False
794,$ENGGF $ENGGY - Enagas: Comments On The New Strategic Plan.  https://t.co/0K7uuIx3eV #stockmarket #stocks #trading,Company | Product News,Company | Product News,True
795,"$MRK - Long-Term Revenue Projections Suggest Merck Will Survive, Even Thrive, After Keytruda LOE.  https://t.co/0RAXSTYJZO #finance #markets #investing",Company | Product News,Stock Commentary,False
796,$MSFT - Microsoft Q4: All Eyes On Azure Given Consumer Weakness.  https://t.co/fCIzD6cAZM #stocks #stockmarket #trading,Company | Product News,Earnings,False
797,$ALLY - Ally Financial Offers A Sustainable 16-18% ROTCE And Trades Around Tangible Book.  https://t.co/7kTodhJF0J #markets #trading #economy,Company | Product News,Stock Commentary,False
798,$HLI - Houlihan Lokey Has Resilience In Sponsors And Restructuring.  https://t.co/1OekwBx89a #trading #stockmarket #business,Company | Product News,Stock Commentary,False
799,$BVN - Compañía De Minas Buenaventura: Decent Production For Second Quarter 2022.  https://t.co/eEid8wDQfP #trading #investing #markets,Company | Product News,Company | Product News,True
800,$TLRY - Tilray Q4: Don't Invest In Hope.  https://t.co/DTbQZIJNev #finance #economy #markets,Company | Product News,Stock Movement,False
801,$AAPL - Apple: Music Needs To Be Louder.  https://t.co/r1IEfUj0ot #stocks #trading #finance,Company | Product News,Stock Commentary,False
802,$BA - Boeing Blasts Away With Major Delta Win.  https://t.co/xHE2d95TwE #stocks #markets #investing,Company | Product News,M&A | Investments,False
803,$ALNY - Alnylam Pharmaceuticals Heading Toward A Key Trial Read-Out.  https://t.co/STOguuJW90 #trading #finance #economy,Company | Product News,Earnings,False
804,$CCF - Chase Corp.: The Rising Inflation Limiting Organic Revenue Growth.  https://t.co/7cFTYKua3l #finance #economy #investing,Company | Product News,Dividend,False
805,$C - Citigroup: Massive Buybacks In 2023 And Beyond.  https://t.co/k11Sq7NnhF #markets #stockmarket #economy,Company | Product News,Stock Movement,False
806,$K - Kellogg: The Splitting Of A 100-Year-Old Brand.  https://t.co/zJZqK512rO #business #finance #economy,Company | Product News,Company | Product News,True
807,$SPOT - Spotify Investor Day Raised More Questions Than It Answered.  https://t.co/li51u5IiRx #investing #stocks #trading,Company | Product News,Stock Commentary,False
808,NZS Capital Growth Equity Fund Q2 2022 Update.  https://t.co/7bkPx5AZDS #stockmarket #investing #trading,Company | Product News,General News | Opinion,False
809,$DVN - Devon Energy (DVN) Williston Basin Bolt-On Acquisition Presentation - Slideshow.  https://t.co/sq3B6Zpfx9 #stocks #business #finance,Company | Product News,M&A | Investments,False
810,$AEIS - Advanced Energy Industries (AEIS) Investor Presentation - Slideshow.  https://t.co/MysHu6rzbW #stocks #finance #business,Company | Product News,Company | Product News,True
811,$XOM - Exxon Mobil: Execution Does Not Match Press Coverage.  https://t.co/bS3kTQjMpT #stocks #economy #markets,Company | Product News,Stock Movement,False
812,Corcept Therapeutics - Drug Development.  https://t.co/y0rJVWW6C2 #economy #finance #stockmarket,Company | Product News,Company | Product News,True
813,Andvari Associates Q2 2022 Fund Letter.  https://t.co/pYi4g7u3T9 #investing #business #markets,Company | Product News,General News | Opinion,False
814,Vailshire Partners Hedge Fund Client Memo - 3Q 2022.  https://t.co/h71Q1240wI #investing #stocks #business,Company | Product News,General News | Opinion,False
815,$OAKGX - Oakmark Global Fund: Q2 2022 Commentary.  https://t.co/RuNXXvOrqP #trading #business #stockmarket,Company | Product News,Earnings,False
816,Richie Capital Group Q2 2022 Letter To Investors.  https://t.co/Z7YuYXVkeY #economy #trading #finance,Company | Product News,General News | Opinion,False
817,$VRTX - Vertex: Expanding Product Line To Drive Future Growth.  https://t.co/l9vZcGpyyQ #stockmarket #finance #investing,Company | Product News,Stock Commentary,False
818,$VGZ - Vista Gold: July Presentation Failed To Help The Stock.  https://t.co/dQjKuGlIiw #economy #stocks #finance,Company | Product News,Stock Movement,False
819,"The Chinese operator of coffee chain % Arabica is weighing a new funding round and could seek a valuation for its business in the country of as much as $1.2 billion, sources say",Company | Product News,IPO,False
820,"Blackstone, the world’s largest alternative-asset manager, cashed out of big deals in the second quarter, creating ballast to counteract writedowns on investments and the tumult rippling through markets",Company | Product News,Company | Product News,True
821,"After emerging from a debilitating pilot strike, Scandinavian airline SAS now faces its next battle: convincing investors that it’s worth backing its $3 billion rescue plan",Company | Product News,Stock Movement,False
822,Mitsubishi is bolstering its commodity trade-finance business following Russia’s invasion of Ukraine,Company | Product News,M&A | Investments,False
823,"Elon Musk is confident that Tesla can produce a record number of electric vehicles this year, but the key to that may lie beyond his control and in the hands of the Chinese government",Company | Product News,General News | Opinion,False
824,Nokia reports strong demand for 5G gear from phone carriers,Company | Product News,Earnings,False
825,"ByteDance, the Chinese parent company of TikTok, spent a record $2.14 million on lobbying during the second quarter as it sought to fend off congressional attacks over its privacy and security practices",Company | Product News,Legal | Regulation,False
826,South Korea’s Samsung will build a second battery plant in Malaysia to boost production of cylinder-type cells used for electric vehicles and electronics devices,Company | Product News,Company | Product News,True
827,Tech companies that are slowing hiring and bracing for a recession:  -Apple -Amazon -Google -Lyft -Meta -Microsoft -Netflix -Peloton -Robinhood -Tesla -Twitter,Company | Product News,General News | Opinion,False
828,"Vale's plan to turn around its copper and nickel-mining unit is taking longer than expected, risking a delay to a possible sale or spinoff of a group the miner says could be worth $40 billion",Company | Product News,Earnings,False
829,"Tesla sold a significant chunk of its stake in Bitcoin, an investment that helped legitimize the world’s largest electronic currency",Company | Product News,Stock Movement,False
830,Tesla said on an earnings call that it has converted about 75% of its Bitcoin purchases into fiat currency,Company | Product News,Stock Movement,False
831,Discount retail chain Tuesday Morning is considering restructuring options including a second bankruptcy filing as it struggles with inflation and supply chain problems,Company | Product News,Stock Movement,False
832,"Amazon, determined to turn Alexa into a money-maker, is inviting developers to advertise their apps on the voice-powered platform",Company | Product News,Company | Product News,True
833,"Crypto exchange FTX, co-founded by billionaire Sam Bankman-Fried, is in talks to raise fresh funding after carrying out a shopping spree during the recent digital-assets market rout",Company | Product News,M&A | Investments,False
834,"From Apple to Wayfair, these are the tech companies slowing down hiring plans right now",Company | Product News,General News | Opinion,False
835,Tech companies that are slowing hiring and bracing for a recession:  -Apple -Amazon -Google -Lyft -Meta -Microsoft -Netflix -Peloton -Robinhood -Tesla -Twitter,Company | Product News,General News | Opinion,False
836,Shionogi's experimental Covid-19 treatment Xocova fails to win the backing of health experts in Japan who said there wasn’t enough data to show the medicine’s efficacy,Company | Product News,Earnings,False
837,"Just Eat may eliminate 350 jobs in France due to “difficult market dynamics” in the country, the latest delivery company to announce cuts as the industry grapples with slowing growth",Company | Product News,Stock Movement,False
838,"Abu Dhabi Investment Authority, an $829 billion sovereign wealth fund, overhauls its internal structure and processes and redefines how it takes future investment decisions",Company | Product News,Legal | Regulation,False
839,"From Apple to Wayfair, these are the tech companies slowing down hiring plans right now",Company | Product News,General News | Opinion,False
840,"After hiring more women and minorities in recent years, Meta warned that its ongoing efforts to cut costs and revamp products could make further inroads more difficult",Company | Product News,Personnel Change,False
841,What if Elon Musk is ordered to complete his $44 billion Twitter purchase and he refuses? Legal experts weigh in,Company | Product News,Legal | Regulation,False
842,"Uniper is nearing a bailout deal that may see the German government inject billions of euros and take a direct stake in the energy giant, sources say",Company | Product News,M&A | Investments,False
843,"Uniper is nearing a bailout deal that may see the German government inject billions of euros and take a direct stake in the energy giant, sources say",Company | Product News,M&A | Investments,False
844,"Stocktwits will allow users to buy and sell equities on its platform, becoming the latest company to vie for the attention of US stock traders despite this year’s broad market selloff",Company | Product News,Company | Product News,True
845,"Day two of the Farnborough International Airshow kicks off with more jet orders expected, including a potential deal between Airbus and Air Lease",Company | Product News,Energy | Oil,False
846,"Apple reins in hiring and spending plans, energy problems persist and the Fed prepares to hike.   Here's what markets are watching",Company | Product News,Macro,False
847,India’s largest power producer NTPC is constructing its first coal-fired plant in six years,Company | Product News,Energy | Oil,False
848,"Santander UK to give more than 11,000 employees a 4% pay rise",Company | Product News,Stock Movement,False
849,BHP will accelerate the start of a $5.7 billion potash project in Canada as high gas prices and curbs on key exporters disrupt fertilizer supply chains,Company | Product News,Energy | Oil,False
850,Air Lease Said to Be in Advanced Talks for Large Airbus Order,Company | Product News,M&A | Investments,False
851,"Qatar Airways is considering another order for Boeing’s 777X jetliner, a potential boost for the hulking airplane that’s running years behind schedule and struggling to gain sales",Company | Product News,Company | Product News,True
852,"The recent procedure was the first the brain-computer interface startup has done in the US, putting it ahead of competitors including Elon Musk’s Neuralink   https://t.co/qBT96T0cp4 via @BW",Company | Product News,General News | Opinion,False
853,"Gazprom declares force majeure on supplying at least one European customer, according to a Reuters report",Company | Product News,Legal | Regulation,False
854,"Marcelo Claure, ex-COO of SoftBank, has big plans for his next act outside the shadow of Masayoshi Son",Company | Product News,Personnel Change,False
855,"Esprit, the once high-flying Hong Kong fashion retailer, is planning a comeback in Asia, pivoting away from a fast-fashion strategy where it failed to compete with brands such as Zara and H&amp;M",Company | Product News,Company | Product News,True
856,EasyJet extends customer service hours and introduces a new hotline for families travelling with children under 12,Company | Product News,Stock Movement,False
857,Electric bike startup Joco has begun testing a new vehicle called the Deliverator (via @climate),Company | Product News,Company | Product News,True
858,"The coffee chain is evaluating ""strategic options"" for its company-owned international operations",Company | Product News,General News | Opinion,False
859,"Vietnamese electric vehicle maker VinFast said it will stop making gas-powered autos by the end of August, four months earlier than previously planned as it ramps up global sales of electric SUVs",Company | Product News,Company | Product News,True
860,Shein became one of the world’s top startups by turbocharging fast fashion—but its business model is becoming the biggest threat to continued success,Company | Product News,General News | Opinion,False
861,Shipping giant MSC delivers Russian food while navigating sanctions maze,Company | Product News,Currencies,False
862,"LiveOne, an online music and entertainment company, said it raised $8.1 million for its PodcastOne division as part of a plan to spin off the subsidiary as a separate public company",Company | Product News,M&A | Investments,False
863,Shein became one of the world’s top startups by turbocharging fast fashion—but its business model is becoming the biggest threat to continued success,Company | Product News,General News | Opinion,False
864,"Amazon said it would create more than 4,000 new permanent jobs in the UK this year, the smallest number it’s announced in at least three years",Company | Product News,Company | Product News,True
865,Shein became one of the world’s top startups by turbocharging fast fashion—but its business model is becoming the biggest threat to continued success,Company | Product News,General News | Opinion,False
866,"Ken Griffin’s Citadel plans to open a Palm Beach office, taking over the former Neiman Marcus department store building on the Florida town’s main shopping street",Company | Product News,Stock Movement,False
867,Shein became one of the world’s top startups by turbocharging fast fashion—but its business model is becoming the biggest threat to continued success,Company | Product News,General News | Opinion,False
868,"Crypto lender Celsius files for Chapter 11 bankruptcy a month after freezing customer withdrawals, the latest casualty from the rout in cryptocurrencies",Company | Product News,Currencies,False
869,"Credit Suisse Chairman Axel Lehmann says he sees the future of the lender as an independent entity, amid speculation that a wave of scandals and a tumbling share price make it a takeover target",Company | Product News,Legal | Regulation,False
870,United Air’s pilots union says the carrier agreed to re-engage in talks to improve terms of the tentative contract agreement the two sides reached last month,Company | Product News,Personnel Change,False
871,"Polestar, the EV maker linked to Volvo and Geely, is weighing a range of options to finance its expansion after sales more than doubled in the first half of the year",Company | Product News,M&A | Investments,False
872,"Nike and Fanatics have signed a long-term deal to design and manufacture collegiate sports apparel, sharing the rights to serve a number of major universities",Company | Product News,Company | Product News,True
873,Tesla bulls rejoiced last week when Elon Musk sought to terminate his Twitter deal. That initial relief has given way to realization the overhang won't lift anytime soon,Company | Product News,General News | Opinion,False
874,Scandinavia carrier SAS resumes talks with pilot unions in an effort to resolve a strike that has grounded about 78% of its flights,Company | Product News,Personnel Change,False
875,The Japanese banking giant is seeking to bolster its presence in Southeast Asia’s biggest economy,Company | Product News,Legal | Regulation,False
876,"Alphabet’s Google plans to slow hiring for the remainder of the year in the face of a potential economic recession, CEO Sundar Pichai said",Company | Product News,Stock Movement,False
877,Crypto game developer Animoca locked in more funding and maintained its mulitbillion-dollar valuation despite market turmoil and investment firm KKR’s decision to pull out,Company | Product News,General News | Opinion,False
878,"A trailer at Canoo’s Torrance, California, office burned on July 8 after lithium-ion cells caught fire during testing, marking the second battery fire at the electric-vehicle startup’s site in the past year",Company | Product News,Company | Product News,True
879,"Renault sold just over 1 million vehicles in the first half, down 30% from a year ago, as the carmaker pulled out of its second-biggest market",Company | Product News,Earnings,False
880,Lego is stopping operations in Russia and has terminated its contract with the operator of 81 of its stores in the country,Company | Product News,Company | Product News,True
881,GM’s CFO says electric vehicles present new revenue opportunities for car manufacturers  https://t.co/vNsEyGv8dC via @BW,Company | Product News,Stock Commentary,False
882,GE cancels a plan to build a factory making wind-turbine blades in northeast England that would have created hundreds of jobs,Company | Product News,Company | Product News,True
883,"Microsoft is cutting some jobs, but plans to keep hiring and grow headcount in the year ahead",Company | Product News,M&A | Investments,False
884,China’s Fosun is on the hunt for an addition to its collection of fashion brands—a sign of luxury’s resilience despite high inflation and recession concerns,Company | Product News,General News | Opinion,False
885,"Supply-chain snarls mean oilfield-service providers like Halliburton can’t expand fracking fleets any time soon, CEO Jeff Miller tells analysts",Company | Product News,Energy | Oil,False
886,Tesla's chair says Australia has a massive opportunity to meet rising EV battery demand (via @climate),Company | Product News,Stock Commentary,False
887,BHP will accelerate the start of a $5.7 billion potash project in Canada as high gas prices and curbs on key exporters disrupt fertilizer supply chains,Company | Product News,Energy | Oil,False
888,"Qatar Airways is considering another order for Boeing’s 777X jetliner, a potential boost for the hulking airplane that’s running years behind schedule and struggling to gain sales",Company | Product News,M&A | Investments,False
889,Juul is seeking new financing to help it navigate uncertainty as the embattled company navigates lawsuits and a potential US FDA ban,Company | Product News,Legal | Regulation,False
890,"Aeromexico, seeking a more liquid stock market, is planning to delist from the Mexican exchange and trade in New York as soon as this year",Company | Product News,Stock Movement,False
891,What if Elon Musk is ordered to complete his $44 billion Twitter purchase and he refuses? Legal experts weigh in,Company | Product News,Legal | Regulation,False
892,JPMorgan temporarily suspends share buybacks as its second-quarter results fall short of analysts' estimates,Company | Product News,Earnings,False
893,NEW: Shein became one of the world’s top startups by turbocharging fast fashion—but its business model is becoming the biggest threat to continued success,Company | Product News,General News | Opinion,False
894,French energy major TotalEnergies is in talks to potentially provide a floating liquefied natural gas unit to Germany,Company | Product News,Energy | Oil,False
895,"BlockFi will no longer accept GBTC shares as collateral and has unwound its positions in the investment fund, a source says",Company | Product News,Legal | Regulation,False
896,"Electric-vehicle maker Rivian confirmed plans to rethink some operations and trim jobs as necessary, with CEO RJ Scaringe telling employees the company will be “thoughtful” with any staff cut",Company | Product News,Stock Commentary,False
897,Elon Musk's decision to back out of a $44 billion bid for Twitter may mean his bankers dodge hundreds of millions of dollars in losses from underwriting the debt,Company | Product News,Legal | Regulation,False
898,EY boss targets $10bn boost from Silicon Valley tie-ups after break-up,Company | Product News,General News | Opinion,False
899,Lessons for the Twitter board from a billionaire’s fight with Apollo,Company | Product News,General News | Opinion,False
900,Dimensional’s conversion of mutual funds into ETFs pays off,Company | Product News,Company | Product News,True
901,Lloyd’s of London set to stay in landmark City building,Company | Product News,General News | Opinion,False
902,Rajeev Misra to launch new $6bn fund backed by Abu Dhabi groups,Company | Product News,M&A | Investments,False
903,"WATCH: Colorado start-up Boom Supersonic unveiled the latest version of their flagship airliner, Overture, which they hope will almost half the flying time from New York to London",Company | Product News,Company | Product News,True
904,"Barclays sets up Taiwan subsidiary, to offer brokerage services  https://t.co/f3U84fMHse",Company | Product News,Financials,False
905,Mexico's Credito Real requests to enter U.S. Chapter 15 bankruptcy procedure  https://t.co/znLZovGGaj,Company | Product News,Legal | Regulation,False
906,U.S. solar company GAF Energy to open Texas manufacturing plant  https://t.co/rph4HGh8mO,Company | Product News,Energy | Oil,False
907,"WATCH: Netflix hopes to milk more from its most popular shows by pursuing a franchise strategy, pointing to ‘Stranger Things’ as a model that has a stage play and spin-off in the works  https://t.co/hgrIKG1sFG",Company | Product News,Company | Product News,True
908,"WATCH: Scandinavian carrier SAS said it reached a wage deal with pilot unions, ending a 15-day strike that had grounded 3,700 flights and threw the company’s future into doubt  https://t.co/Wvf62TYPQT",Company | Product News,Personnel Change,False
909,NatWest creates new post-Brexit Frankfurt unit for UK customers  https://t.co/yihV8ukHFm,Company | Product News,Financials,False
910,Activist fund manager Bluebell seeks Richemont board changes  https://t.co/cF6GJjQBCp,Company | Product News,M&A | Investments,False
911,Crypto lender Celsius defends bitcoin mining plans as bankruptcy kicks off  https://t.co/aapkUsFbmW,Company | Product News,Company | Product News,True
912,"Boeing kicked off the Farnborough Airshow with a big order from Delta for its 737 MAX 10 jets, as the aerospace industry swelters at its largest event since the global health crisis struck  https://t.co/YYjRiARgpc",Company | Product News,Stock Movement,False
913,Credit Suisse says $291 million provisioned for funds recovery costs  https://t.co/9gwwoF8pcB,Company | Product News,Financials,False
914,"WATCH: Hyundai launched its first electric sedan, Ioniq 6, which the South Korean automaker is betting will help it grab a bigger share of the electric vehicle market dominated by Tesla  https://t.co/arrhhFSzNc",Company | Product News,Company | Product News,True
915,Burned Twitter deal bankers see silver lining in Musk's startups  https://t.co/Ls2Wgw331q,Company | Product News,General News | Opinion,False
916,From Breakingviews - Italy’s Saipem largely fails investor test,Company | Product News,General News | Opinion,False
917,Rise Light &amp; Power to redevelop Ravenswood power plant in New York as renewable energy hub  https://t.co/wzLwpImt24,Company | Product News,Company | Product News,True
918,Credit Suisse delays real estate fund's float due to market turbulence  https://t.co/30iVWi7PbQ,Company | Product News,Financials,False
919,Credit Suisse delays real estate fund's float due to market turbulence  https://t.co/HuTvwYC2Lb,Company | Product News,Financials,False
920,Pernod Ricard denies having put new investments on hold in India  https://t.co/0kQFBOB919,Company | Product News,Company | Product News,True
921,Monte Paschi CEO sees positive market feedback on $2.5 billion cash call  https://t.co/VQdB4AMiIV,Company | Product News,Analyst Update,False
922,Israel's Melio to integrate payments platform with Capital One Business,Company | Product News,M&A | Investments,False
923,"WATCH: Twitter's chairman, Bret Taylor, vowed a legal fight to sue Elon Musk after he terminated the $44 billion acquisition. Musk said the social media company had failed to provide information about fake accounts on the platform  https://t.co/9oaId4ePCI",Company | Product News,Legal | Regulation,False
924,"WATCH: Budget airline, Wizz air, warned that it expected to cut utilization another 5% for the summer to reduce the impact of ‘ongoing external disruptions’ - including labor shortages and staff strikes at European airports  https://t.co/1lHsT6XKFz",Company | Product News,Company | Product News,True
925,DANSKE CUTS PROFIT OUTLOOK DUE TO CHALLENGING FINANCIAL MARKET CONDITIONS - RTRS,Company | Product News,Earnings,False
926,"TikTok parent ByteDance has traded in recent weeks at valuations well below $300 billion after investors cashed out of the social-media giant with its IPO now on ice, sources say",Company | Product News,IPO,False
927,"Euro Nears Dollar Parity  Join @tomkeene, @FerroTV &amp; @lisaabramowicz1 for the conversations that power your day on Bloomberg TV, Bloomberg Radio &amp; the Surveillance podcast:  https://t.co/9DZT2QQ3Y7",Currencies,Currencies,True
928,"A stronger Singapore dollar may be exactly what the country needs to battle inflation, says Barclays",Currencies,Fed | Central Banks,False
929,Euro teeters on the brink of parity with the U.S. dollar on recession fears,Currencies,Currencies,True
930,The euro rallies as traders raised bets on the scale of future policy tightening by the European Central Bank after it raised borrowing costs by more than expected,Currencies,Fed | Central Banks,False
931,Pakistan Finance Minister Miftah Ismail anticipates some reversal in the rupee after the currency’s 5% slump this week spooked bond and equity investors,Currencies,Legal | Regulation,False
932,A Bloomberg survey finds 69% of investors are betting the euro will slide to $0.9 rather than claw back to $1.1,Currencies,General News | Opinion,False
933,Euro rallies and bund yields jump after half-percentage-point ECB rate hike,Currencies,Fed | Central Banks,False
934,Euro jumps on a report ECB will consider half-point rate hike,Currencies,Fed | Central Banks,False
935,"The euro traded below $1 for the first time in 20 years, reflecting both surging U.S. inflation that's raising expectations for Federal Reserve rate hikes as well as the energy crisis in the eurozone.  https://t.co/htoAWtY5yM",Currencies,Currencies,True
936,Euro trades below the $1 mark,Currencies,Currencies,True
937,Euro on doorstep of dollar parity after latest selloff,Currencies,Currencies,True
938,"The currencies of economies such as Australia🇦🇺, Canada🇨🇦, Korea🇰🇷, and Sweden🇸🇪 now account for three-quarters of the latest shift from dollars in the composition of global foreign-exchange reserves.  https://t.co/G7Ad1kofBA",Currencies,Currencies,True
939,Analysts and investors are betting that the euro will continue tumbling even after it reached parity with the dollar as Europe’s economic outlook darkens,Currencies,General News | Opinion,False
940,The Euro is at the weakest level it’s been in 20 years. It is now at par with the dollar.,Currencies,Currencies,True
941,"Dollar Gauge Hits Record High, Surpassing Pandemic Panic Peak – BBG",Currencies,Currencies,True
942,$USD/JPY Above 139 For First Time Since 1998,Currencies,Currencies,True
943,"$EURUSD | Euro Parity Is Still In Play After Near Miss, Strategists Say – BBG",Currencies,Currencies,True
944,Japan's Yen Weakness Has Changed The Competitive Landscape.  https://t.co/mw5FxmRfT7 #markets #business #finance,Currencies,Currencies,True
945,Will U.S. Dollar Uptrend Slow Foreign Real Estate Investment In The U.S.? (Technical Analysis).  https://t.co/lyGNtcLucv #finance #trading #business,Currencies,Currencies,True
946,$USDC-USD - USD Coin Stablecoin Interest Update: CeFi Implosion.  https://t.co/oAxOKbBoEO #markets #trading #stocks,Currencies,Currencies,True
947,U.S. Dollar Strength: How Unintended Can The Consequences Be?.  https://t.co/DGf2XcoHaW #investing #stockmarket #stocks,Currencies,Currencies,True
948,Indonesia’s currency may languish at its weakest level in more than two years as capital outflows accelerate and a dovish central bank lags behind its peers,Currencies,Currencies,True
949,BREAKING: The Indian rupee plummets to a record 80 per US dollar as foreign investors pull out money from the nation's stocks  https://t.co/rm9MCZh2yX,Currencies,Currencies,True
950,The yen slipped further toward the key psychological level of 140 per dollar,Currencies,Currencies,True
951,One euro is now worth the same as a single US dollar for the first time in two decades after a historic slide in Europe’s shared currency,Currencies,Currencies,True
952,"The dollar can extend gains and stocks are likely to keep falling if US inflation data Wednesday show a further acceleration, according to strategists",Currencies,Currencies,True
953,Euro and dollar are trading as close as it gets to parity — but for now the EU currency seems to have hit an invisible wall,Currencies,Currencies,True
954,"With rupee sliding to fresh record lows almost every week, analysts say India’s policy makers can take a leaf from their 2013 taper tantrum playbook to curb further losses",Currencies,Currencies,True
955,President-elect Gustavo Petro advised Colombians not to bet against the peso after the currency suffered the world’s biggest drop on Monday,Currencies,Currencies,True
956,"With the euro in freefall and Italian politics a mess again, Europe might soon need to tackle some of the issues it papered over during the region's last crisis.",Currencies,Currencies,True
957,India’s forex reserves drop to their lowest in 15 months as the central bank probably stepped up its intervention to support the rupee that is testing new lows,Currencies,Currencies,True
958,"The Bloomberg Dollar Spot Index, which tracks the greenback against a basket of developed and emerging market currencies, hits a record high",Currencies,Currencies,True
959,$NDAQ: NASDAQ announces 3-for-1 stock split and quarterly dividend of $0.20/share,Dividend,Dividend,True
960,$NNN: National Retail Properties increases quarterly dividend to $0.55 per share from $0.53 per share,Dividend,Dividend,True
961,$MEOH: Methanex increases its quarterly dividend 20% to $0.175/share,Dividend,Dividend,True
962,$MMC: Marsh McLennan increases quarterly dividend to $0.590 from $0.535/share,Dividend,Dividend,True
963,TriMas Declares Quarterly Dividend  https://t.co/hZE1w4VVec,Dividend,Dividend,True
964,CSI Increases Cash Dividend 7.4% to $0.29 Per Share,Dividend,Dividend,True
965,"Pacific Premier Bancorp, Inc. Announces Second Quarter 2022 Financial Results and a Quarterly Cash Dividend of $0.33 Per Share",Dividend,Dividend,True
966,First Trust Energy Infrastructure Fund Declares its Monthly Common Share Distribution of $0.0625 Per Share for August,Dividend,Stock Movement,False
967,First Trust High Income Long/Short Fund Declares its Monthly Common Share Distribution of $0.105 Per Share for August,Dividend,Stock Movement,False
968,Kinder Morgan Announces Dividend of $0.2775 Per Share and Raises Full Year Financial Guidance  https://t.co/ifMszWyTYD,Dividend,Dividend,True
969,Harleysville Financial Corporation Announces Regular Cash Dividend and Third Quarter Earnings for Fiscal Year 2022  https://t.co/abhIbBZmPK,Dividend,Dividend,True
970,Dream Residential REIT July 2022 Monthly Distribution  https://t.co/uymcKpHp40,Dividend,Stock Movement,False
971,BancPlus Corporation Announces Quarterly Cash Dividend  https://t.co/rlYX5GaRh8,Dividend,Dividend,True
972,Entegris Declares Quarterly Cash Dividend  https://t.co/LMpXXn3uec,Dividend,Dividend,True
973,KKR Real Estate Finance Trust Inc. Declares Preferred Stock Dividend  https://t.co/aH2x5uCwRf,Dividend,Dividend,True
974,Universal Declares Cash Dividend of 16 Cents per Share  https://t.co/uZjmXuVfiE,Dividend,Dividend,True
975,Johnson &amp; Johnson Announces Quarterly Dividend for Third Quarter 2022  https://t.co/kf5ruajHl9,Dividend,Dividend,True
976,NW Natural Holdings Announces Dividend  https://t.co/vCfK7T2rKj,Dividend,Dividend,True
977,Ryder Increases Quarterly Cash Dividend  https://t.co/hKbaQliaiE,Dividend,Dividend,True
978,Gulf Coast Ultra Deep Royalty Trust Announces Quarterly Cash Distribution  https://t.co/GFzhwCn5Q3,Dividend,Dividend,True
979,Paychex Declares Quarterly Dividend  https://t.co/21GwIvRRHz,Dividend,Dividend,True
980,Service Properties Trust Announces Quarterly Dividend on Common Shares  https://t.co/phP3n3vkcv,Dividend,Dividend,True
981,Seven Hills Realty Trust Announces Quarterly Dividend on Common Shares  https://t.co/gXOcj097Zf,Dividend,Dividend,True
982,Marsh &amp; McLennan UK Regulatory Announcement: Marsh McLennan Increases Quarterly Cash Dividend  https://t.co/I7QyNuBoSQ,Dividend,Dividend,True
983,Marsh McLennan Increases Quarterly Cash Dividend  https://t.co/vkeoBvPeIu,Dividend,Dividend,True
984,Phillips 66 Announces Quarterly Dividend  https://t.co/SQHxnmZbJd,Dividend,Dividend,True
985,P&amp;G Declares Quarterly Dividend  https://t.co/NG4Q2yftLe,Dividend,Dividend,True
986,"Dynex Capital, Inc. Declares Monthly Common Stock Dividend Of $0.13  https://t.co/SLlCvCDPNn",Dividend,Dividend,True
987,First Trust Energy Income and Growth Fund Declares its Quarterly Distribution of $0.30 Per Share,Dividend,Dividend,True
988,$EWBC - East West Bancorp declares $0.40 dividend,Dividend,Dividend,True
989,$HCI - HCI Group declares $0.40 dividend,Dividend,Dividend,True
990,$LW - Lamb Weston declares $0.245 dividend,Dividend,Dividend,True
991,$FEI - First Trust MLP&amp;Energy Income Fund declares $0.05 dividend,Dividend,Dividend,True
992,$RF - Regions Financial raises dividend by 18% to $0.20,Dividend,Dividend,True
993,$AWI - Armstrong World declares $0.231 dividend,Dividend,Dividend,True
994,$KNTK - Kinetik declares $0.75 dividend,Dividend,Dividend,True
995,$SWK - Stanley Black &amp; Decker raises dividend by 1.3% to $0.80/share,Dividend,Dividend,True
996,Banner declares $0.44 dividend,Dividend,Dividend,True
997,$MFGP - Micro Focus International goes ex-dividend tomorrow,Dividend,Dividend,True
998,$SHW - Sherwin Williams declares $0.60 dividend,Dividend,Dividend,True
999,$SCHL - Scholastic raises dividend by 33% to $0.20,Dividend,Dividend,True
1000,$HARL - Harleysville Savings Financial declares $0.29 dividend,Dividend,Dividend,True
1001,$OVBC - Ohio Valley declares $0.21 dividend,Dividend,Dividend,True
1002,$ICFNF - Income Financial Trust cuts dividend by 7.5% to CAD 0.1093,Dividend,Dividend,True
1003,$MTX - Minerals Technologies declares $0.05 dividend,Dividend,Dividend,True
1004,$ENTG - Entegris declares $0.10 dividend,Dividend,Dividend,True
1005,$MAC - Macerich declares $0.15 dividend,Dividend,Dividend,True
1006,"$NDAQ - Nasdaq executes 3-for-1 stock split, declares $0.20 quarterly dividend",Dividend,Dividend,True
1007,$MNAT - Marquette National declares $0.28 dividend,Dividend,Dividend,True
1008,$HCSG - Healthcare Services declares $0.2138 dividend,Dividend,Dividend,True
1009,$ELV - Elevance Health declares $1.28 dividend,Dividend,Dividend,True
1010,$WRIV - White River Bancshares raises annual dividend by 100% to $1,Dividend,Dividend,True
1011,$WU - Western Union declares $0.235 dividend,Dividend,Dividend,True
1012,$FNB.PE - FNB Corp Deposit Shs Repr Non Cum Perp Pfd Shs Series E declares $0.4533 dividend,Dividend,Dividend,True
1013,$CRT - Cross Timbers Royalty Trust cuts dividend by 29% to $0.1917,Dividend,Dividend,True
1014,$CPKF - Chesapeake Financial Shares raises dividend by 7% to $0.15,Dividend,Dividend,True
1015,"$MTB - M&amp;T Bank authorizes $3B in share repurchase program, declares preferred dividends",Dividend,Dividend,True
1016,$ENLC - EnLink Midstream declares $0.1125 dividend,Dividend,Dividend,True
1017,$RROYF $RE:CA - RE Royalties declares CAD 0.01 dividend,Dividend,Dividend,True
1018,$WBS - Webster Financial declares $0.40 dividend,Dividend,Dividend,True
1019,$GSY - Invesco Ultra Short Duration ETF declares monthly distribution of $0.0587,Dividend,Dividend,True
1020,$IIGV - Invesco Investment Grade Value ETF declares monthly distribution of $0.0603,Dividend,Dividend,True
1021,$BSMR - Invesco BulletShares 2027 Municipal Bond ETF declares monthly distribution of $0.0292,Dividend,Dividend,True
1022,$BSMN - Invesco BulletShares 2023 Municipal Bond ETF declares monthly distribution of $0.0172,Dividend,Dividend,True
1023,$PGHY - Invesco Global Short Term High Yield Bond ETF declares monthly distribution of $0.0714,Dividend,Dividend,True
1024,$SPLV - Invesco S&amp;P 500 Low Volatility ETF declares monthly distribution of $0.1130,Dividend,Dividend,True
1025,$KBWD - Invesco KBW High Dividend Yield Financial ETF declares monthly distribution of $0.1454,Dividend,Dividend,True
1026,$PGF - Invesco Financial Preferred ETF declares monthly distribution of $0.0717,Dividend,Dividend,True
1027,$CMHF - Community Heritage Financial declares $0.04 dividend,Dividend,Dividend,True
1028,$NWHUF - NorthWest Healthcare Properties declares CAD 0.0667 dividend,Dividend,Dividend,True
1029,$PEYUF - Peyto Exploration declares CAD 0.05 dividend,Dividend,Dividend,True
1030,$B - Barnes Group declares $0.16 dividend,Dividend,Dividend,True
1031,$SRRTF - Slate Grocery REIT declares $0.072 dividend,Dividend,Dividend,True
1032,$QCOM - Qualcomm declares $0.75 dividend,Dividend,Dividend,True
1033,$EXETF - Extendicare declares CAD 0.04 dividend,Dividend,Dividend,True
1034,$BREUF - Bridgemarq Real Estate Services declares CAD 0.1125 dividend,Dividend,Dividend,True
1035,$LH - Laboratory Corporation of America declares $0.72 dividend,Dividend,Dividend,True
1036,$CF - CF Industries declares $0.40 dividend,Dividend,Dividend,True
1037,$EQC.PD - Equity Commonwealth Cum Conv Pfd Shs Series D declares $0.4063 dividend,Dividend,Dividend,True
1038,$HPK - HighPeak Energy declares $0.025 dividend,Dividend,Dividend,True
1039,$FT - Franklin Universal Trust goes ex-dividend tomorrow,Dividend,Dividend,True
1040,$BXSL - Blackstone Secured Lending goes ex-dividend tomorrow,Dividend,Dividend,True
1041,$MS - Morgan Stanley raises dividend by 11% to $0.775,Dividend,Dividend,True
1042,$NJR - New Jersey Resources declares $0.3625 dividend,Dividend,Dividend,True
1043,$ATR - AptarGroup declares $0.38 dividend,Dividend,Dividend,True
1044,$AM - Antero Midstream declares $0.225 dividend,Dividend,Dividend,True
1045,$CE - Celanese declares $0.68 dividend,Dividend,Dividend,True
1046,$WBA - Walgreens Boots declares $0.48 dividend,Dividend,Dividend,True
1047,$CSX - CSX declares $0.10 dividend,Dividend,Dividend,True
1048,$LEO - BNY Mellon Strategic Municipals goes ex-dividend tomorrow,Dividend,Dividend,True
1049,$PG - Procter &amp; Gamble declares $0.9133 dividend,Dividend,Dividend,True
1050,"$ALTG - Alta Equipment initiates $0.057 dividend, to buyback $12.5M shares",Dividend,Dividend,True
1051,$PCAR - PACCAR declares $0.34 dividend,Dividend,Dividend,True
1052,$RNP - Cohen &amp; Steers REIT and Preferred and Income Fund goes ex-dividend tomorrow,Dividend,Dividend,True
1053,$LDP - Cohen &amp; Steers Limited Duration Preferred and Income Fund goes ex dividend tomorrow,Dividend,Dividend,True
1054,$UTF - Cohen &amp; Steers Infrastructure Fund goes ex-dividend tomorrow,Dividend,Dividend,True
1055,$RQI - Cohen &amp; Steers Quality Income Realty Fund goes ex-dividend tomorrow,Dividend,Dividend,True
1056,"Netflix's earnings results mark pivot point for streaming giant, for better or worse",Earnings,Earnings,True
1057,LISTEN NOW: Netflix earnings results are in after the bell. We discuss what to expect. Listen and follow the @CNBCTheExchange podcast here or on your favorite podcast platform:  https://t.co/cZvIn2LDgx,Earnings,General News | Opinion,False
1058,"Santoli: Earnings beats propel some major bank stocks, but they still have a lot to prove",Earnings,Analyst Update,False
1059,Goldman Sachs is set to report second-quarter earnings —here’s what the Street expects,Earnings,Earnings,True
1060,"These companies are likely to beat earnings expectations this season, Bank of America says",Earnings,Analyst Update,False
1061,"LISTEN NOW: Q2 earnings season kicks off this week with Pepsi, Delta and more. Listen and follow the @SquawkStreet podcast here or on your favorite podcast platform: :  https://t.co/W8CK66CW4L",Earnings,Earnings,True
1062,$SUMRX: Earnings/Guidance Movers,Earnings,Earnings,True
1063,"Options expect earnings-day moves to average +/- 6.1% this quarter, the third highest in the past 12 years",Earnings,Stock Movement,False
1064,GATX Corporation Reports 2022 Second-Quarter Results  https://t.co/d86rhqIEJv,Earnings,Earnings,True
1065,Super Group to Report Second Quarter 2022 Financial Results and Provide Updated 2022 Guidance  https://t.co/rg2NQWd2MI,Earnings,Earnings,True
1066,Joby Aviation to Report Second Quarter 2022 Results  https://t.co/b8FirU4iCh,Earnings,Earnings,True
1067,Owens &amp; Minor Announces Second Quarter 2022 Earnings Release Date  https://t.co/iFwpZJcUFS,Earnings,Earnings,True
1068,Ranpak to Hold Conference Call to Discuss Second Quarter 2022 Results  https://t.co/UjU2EO4bc4,Earnings,Earnings,True
1069,Philip Morris International Inc. (PMI) Reports 2022 Second-Quarter and First-Half Results  https://t.co/aCZejshzpz,Earnings,Earnings,True
1070,Superior Industries to Release Second Quarter 2022 Financial Results and Host Conference Call  https://t.co/HCFB9uhc4S,Earnings,Earnings,True
1071,Snap-on Announces Second Quarter 2022 Results  https://t.co/a4BnIomgJ0,Earnings,Earnings,True
1072,"BrightView Holdings, Inc. Announces Third Quarter Fiscal Year 2022 Earnings Release Date, Conference Call and Webcast  https://t.co/fvwVcfLy3Q",Earnings,Earnings,True
1073,"Kosmos Energy to Host Second Quarter 2022 Results and Webcast on August 8, 2022  https://t.co/yMSLovBHhI",Earnings,Earnings,True
1074,United Security Bancshares Reports 2nd Quarter 2022 Financial Results  https://t.co/KEEk2IVq4t,Earnings,Earnings,True
1075,Forum Energy Technologies Announces Timing of Second Quarter 2022 Earnings Release and Conference Call  https://t.co/gzBWXSLALN,Earnings,Earnings,True
1076,Supermicro Provides Fourth Quarter Fiscal Year 2022 Business Update  https://t.co/vvfIHKLMoy,Earnings,Stock Movement,False
1077,ATSG to Host Second Quarter 2022 Investor Conference Call  https://t.co/5O7DpQsbZ2,Earnings,Earnings,True
1078,RYAM Schedules Second Quarter Earnings Release  https://t.co/Sg8LRwdv37,Earnings,Earnings,True
1079,"Light &amp; Wonder to Report Second Quarter 2022 Results on Tuesday, August 9, 2022  https://t.co/SctwEsthlv",Earnings,Earnings,True
1080,"Avalara to Announce Second Quarter 2022 Financial Results on August 8, 2022  https://t.co/2ovkLPApU8",Earnings,Earnings,True
1081,Jamieson Wellness Inc. Announces Date of Second Quarter 2022 Financial Results and Conference Call  https://t.co/qmiEV0m8AO,Earnings,Earnings,True
1082,"TPG RE Finance Trust, Inc. Announces Second Quarter 2022 Earnings Release and Conference Call Dates  https://t.co/VVr7z5Ltw9",Earnings,Earnings,True
1083,Qualtrics Announces Second Quarter 2022 Financial Results  https://t.co/txltr0hRxu,Earnings,Earnings,True
1084,"Central Valley Community Bancorp Reports Earnings Results for the Quarter and Six Months Ended June 30, 2022, and Quarterly Dividend  https://t.co/vxmgvTgR2v",Earnings,Dividend,False
1085,"Martin Midstream Partners Reports Second Quarter 2022 Financial Results, Increases Annual Guidance and Declares Quarterly Cash Distribution  https://t.co/zbjaGHlvmm",Earnings,Earnings,True
1086,Personalis to Announce Second Quarter 2022 Financial Results  https://t.co/AyKUk75xXG,Earnings,Earnings,True
1087,The Marcus Corporation Announces Second Quarter Fiscal 2022 Release Date and Conference Call  https://t.co/diOkFzML3m,Earnings,Earnings,True
1088,Archaea Energy Inc. Announces Timing of Second Quarter 2022 Earnings Release and Conference Call  https://t.co/tw2D0qZ6cz,Earnings,Earnings,True
1089,Badger Meter Reports Second Quarter 2022 Results  https://t.co/GLQDzw9jfP,Earnings,Earnings,True
1090,"Community Trust Bancorp, Inc. Reports Earnings for the 2nd Quarter 2022  https://t.co/G9LShixtRf",Earnings,Earnings,True
1091,ForgeRock Announces Date of Second Quarter 2022 Financial Results and Conference Call  https://t.co/MiI21aXoH7,Earnings,Earnings,True
1092,HNI Corporation Second Quarter Fiscal 2022 Results Conference Call  https://t.co/BZjcaQzVFS,Earnings,Earnings,True
1093,"UserTesting to Announce Financial Results for Second Quarter 2022 on August 4, 2022  https://t.co/xGqhRlBhLI",Earnings,Earnings,True
1094,Aeva Announces Date for Second Quarter 2022 Results and Conference Call  https://t.co/y1lQMg4u3G,Earnings,Earnings,True
1095,"Spectrum Brands Holdings to Report Fiscal 2022 Third Quarter Financial Results and Hold Conference Call and Webcast on August 12, 2022",Earnings,Earnings,True
1096,Fulton Financial Corporation Announces Second Quarter 2022 Results  https://t.co/6hFKUXNutz,Earnings,Earnings,True
1097,APi Group Announces Date for Second Quarter 2022 Earnings Release  https://t.co/B1gGNToFrY,Earnings,Earnings,True
1098,Clearwater Paper Announces Availability and Timing of Second Quarter 2022 Earnings Conference Call and Webcast  https://t.co/I9kYJTD6JO,Earnings,Earnings,True
1099,Forestar Reports Fiscal 2022 Third Quarter Results  https://t.co/1aEHg9UZ5V,Earnings,Earnings,True
1100,CI Financial Announces Second Quarter Earnings Conference Call and Webcast  https://t.co/2nMrbVhNZ5,Earnings,Earnings,True
1101,MSCI Announces Time Change for its Earnings Call to Review Second Quarter 2022 Results  https://t.co/UU33t9DRCl,Earnings,Earnings,True
1102,"Nortech Systems to Report Fiscal Second Quarter Financial Results and Hold Conference Call on August 10, 2022  https://t.co/0yXeizpize",Earnings,Earnings,True
1103,Enpro Announces Date for Second Quarter Earnings Release and Conference Call  https://t.co/jnRnubtgBN,Earnings,Earnings,True
1104,Piper Sandler Companies to Hold Management Conference Call to Discuss Second Quarter 2022 Results  https://t.co/XfNwCfPk48,Earnings,Earnings,True
1105,"ZipRecruiter to Report Second Quarter 2022 Financial Results on August 15, 2022  https://t.co/lAxbzHky7Z",Earnings,Earnings,True
1106,Evolus to Report Second Quarter 2022 Results and Provide Business Update  https://t.co/2WyzBypAf1,Earnings,Earnings,True
1107,Agiliti Announces Second Quarter 2022 Earnings Release Date and Conference Call  https://t.co/9pCbWvyt80,Earnings,Earnings,True
1108,Cimpress to Host Public Q&amp;A Call Following Q4 FY2022 Earnings Announcement,Earnings,Earnings,True
1109,"GrowGeneration Schedules Second Quarter 2022 Earnings Release and Conference Call for August 4, 2022  https://t.co/TJ5c4Kzaby",Earnings,Earnings,True
1110,"LCI Industries Second-Quarter 2022 Conference Call Scheduled for August 2, 2022, at 8:30 a.m. ET  https://t.co/piFNoYlAqV",Earnings,Earnings,True
1111,Modiv to Report Second Quarter 2022 Financial Results on August 11,Earnings,Earnings,True
1112,Ziff Davis to Announce Second Quarter 2022 Earnings  https://t.co/f3OrnCOYN4,Earnings,Earnings,True
1113,"Sage Therapeutics to Report Second Quarter 2022 Financial Results on Tuesday, August 2, 2022  https://t.co/zurVBq5YUG",Earnings,Earnings,True
1114,Altice USA to Hold Conference Call to Discuss Q2 2022 Results  https://t.co/emU8nfXexq,Earnings,Earnings,True
1115,Cohu To Announce Second Quarter 2022 Results on July 28,Earnings,Earnings,True
1116,"Cvent To Announce Second Quarter 2022 Financial Results on August 4, 2022  https://t.co/o5qSmjtOF4",Earnings,Earnings,True
1117,"The Beachbody Company, Inc. Announces Second Quarter 2022 Earnings Release Date, Conference Call and Webcast  https://t.co/pcu13y0uSi",Earnings,Earnings,True
1118,"Sinclair to Report Second Quarter 2022 Results on August 3, 2022 at 7:30 a.m. (Eastern Time)  https://t.co/p66SUXbl9r",Earnings,Earnings,True
1119,"The First Bancshares, Inc. to Announce Second Quarter 2022 Financial Results and Host Conference Call  https://t.co/VWeukA0x6q",Earnings,Earnings,True
1120,Eversource Energy to Discuss Second Quarter Results  https://t.co/xYPG06B8E7,Earnings,Earnings,True
1121,Addus HomeCare Announces Second Quarter Earnings Release and Conference Call  https://t.co/aDyEp8S59H,Earnings,Earnings,True
1122,"Amplitude to Host Second Quarter 2022 Earnings Webcast on August 3, 2022  https://t.co/GU94lHPShI",Earnings,Earnings,True
1123,"Brigham Minerals, Inc. Schedules Second Quarter 2022 Earnings Conference Call for August 5, 2022  https://t.co/4QrOOE1cFg",Earnings,Earnings,True
1124,"US Foods to Announce Second Quarter Financial Results on August 11, 2022  https://t.co/WFTt5fluSR",Earnings,Earnings,True
1125,Encore Wire Announces Earnings Release Date and Conference Call Details  https://t.co/6oNy2K9lTZ,Earnings,Earnings,True
1126,Bimini Capital Management to Announce Second Quarter 2022 Results  https://t.co/OccKsdZIVt,Earnings,Earnings,True
1127,Orchid Island Capital to Announce Second Quarter 2022 Results  https://t.co/6QXprWok9m,Earnings,Earnings,True
1128,Protolabs Sets Conference Call to Discuss Second Quarter 2022 Financial Results  https://t.co/4yapWMRd6M,Earnings,Earnings,True
1129,indie Semiconductor Sets Date for Second Quarter 2022 Earnings Release and Conference Call  https://t.co/PTZjXSwzVY,Earnings,Earnings,True
1130,MultiPlan Corporation Announces Second Quarter 2022 Earnings Conference Call  https://t.co/yGY8PIWlsn,Earnings,Earnings,True
1131,Mirion Technologies Announces Earnings Release and Conference Call Date for Second Quarter 2022  https://t.co/snmmsxlIzH,Earnings,Earnings,True
1132,"The Bancorp, Inc. Sets Second Quarter 2022 Financial Results Release Date and Conference Call  https://t.co/Y5PNXKhCR2",Earnings,Earnings,True
1133,"Ares Commercial Real Estate Corporation Schedules Earnings Release and Conference Call for the Second Quarter Ended June 30, 2022  https://t.co/CeM2r0ZzbG",Earnings,Earnings,True
1134,INDUS Announces 2022 Second Quarter Earnings Call  https://t.co/GKHVv8lV76,Earnings,Earnings,True
1135,American Campus Communities Announces Second Quarter Earnings Release  https://t.co/RF86vxZ6lB,Earnings,Earnings,True
1136,NerdWallet Announces Conference Call to Review Second Quarter 2022 Financial Results  https://t.co/RdM12xyaAx,Earnings,Earnings,True
1137,Evergy Schedules Conference Call to Discuss 2nd Quarter Results  https://t.co/ldXsjzEcjW,Earnings,Earnings,True
1138,ACCO Brands Corporation Announces Second Quarter 2022 Earnings Webcast  https://t.co/1wtQeFYU4x,Earnings,Earnings,True
1139,Crestwood Announces Quarterly Distribution and Schedules Second Quarter 2022 Earnings Release Date,Earnings,Earnings,True
1140,"Marcus &amp; Millichap, Inc. to Report Second Quarter 2022 Financial Results on Friday, August 5, 2022  https://t.co/JfzyHRL2KU",Earnings,Earnings,True
1141,Summit Materials Announces Second Quarter 2022 Results Conference Call Date  https://t.co/mmsESXFyXL,Earnings,Earnings,True
1142,"Doma to Report Second Quarter 2022 Financial Results on Tuesday, August 9th  https://t.co/OR0xYL558o",Earnings,Earnings,True
1143,CCC Intelligent Solutions Announces Date of Second Quarter Fiscal 2022 Earnings Call  https://t.co/lUOnFycQre,Earnings,Earnings,True
1144,"Oshkosh Corporation to Announce Second Quarter Earnings July 28, 2022  https://t.co/5BMILFfuoD",Earnings,Earnings,True
1145,"EMCOR Group, Inc. Second Quarter Conference Call to Be Broadcast Over the Internet  https://t.co/PH6G6p0kZu",Earnings,Earnings,True
1146,Alight to Announce Second Quarter 2022 Results  https://t.co/Omvcv35X0D,Earnings,Earnings,True
1147,"BWX Technologies to Announce Second Quarter 2022 Results on Monday, August 8  https://t.co/sEZtok4oYz",Earnings,Earnings,True
1148,Morgan Stanley Second Quarter 2022 Earnings Results  https://t.co/7wu3UszJEP,Earnings,Earnings,True
1149,Abiomed First Quarter Fiscal 2023 Earnings and Conference Call Notification  https://t.co/sGY1scVRAN,Earnings,Earnings,True
1150,Wallbox Announces Timing of its Second Quarter 2022 Financial Results and Conference Call  https://t.co/khBEudJUxG,Earnings,Earnings,True
1151,Spire Global Schedules Second Quarter 2022 Results Conference Call  https://t.co/z8WhU5WAp6,Earnings,Earnings,True
1152,Vontier Schedules Second Quarter 2022 Earnings Conference Call  https://t.co/7QZcCZ3eVw,Earnings,Earnings,True
1153,"Orchid Island Capital Announces Estimated Second Quarter 2022 Results, July 2022 Monthly Dividend and June 30, 2022 RMBS Portfolio Characteristics  https://t.co/EqRoJTevvS",Earnings,Dividend,False
1154,"Western Alliance Bancorporation Announces Second Quarter 2022 Earnings Release Date, Conference Call and Webcast  https://t.co/uuI8TZifP7",Earnings,Earnings,True
1155,"EPR Properties Second Quarter 2022 Earnings Call Scheduled for August 2, 2022  https://t.co/KDdcYMDyhn",Earnings,Earnings,True
1156,Texas Pacific Land Corporation Sets Dates for Second Quarter 2022 Earnings Release and Conference Call  https://t.co/vJlXaDvp9k,Earnings,Earnings,True
1157,"EVERTEC to Announce Second Quarter 2022 Financial Results on August 4, 2022  https://t.co/cD2DdrkuBL",Earnings,Earnings,True
1158,Sleep Number Corporation to Announce Second Quarter 2022 Results on July 27th  https://t.co/Rq9zBmyfwI,Earnings,Earnings,True
1159,Weave Communications Announces Date of Second Quarter 2022 Financial Results and Conference Call  https://t.co/iSyVVFJYvU,Earnings,Earnings,True
1160,"Zeta to Announce Second Quarter 2022 Results on August 3, 2022  https://t.co/fCsPijZ4Kb",Earnings,Earnings,True
1161,Asbury Automotive Group Schedules Release of Second Quarter 2022 Financial Results  https://t.co/cAv9YVmaDj,Earnings,Earnings,True
1162,NETSCOUT to Report Q1 FY’23 Financial Results on August 4th  https://t.co/mUU5XcOYDV,Earnings,Earnings,True
1163,InterRent REIT Announces Timing of Second Quarter 2022 Results and Conference Call,Earnings,Earnings,True
1164,American States Water Company to Report Second Quarter 2022 Results  https://t.co/4rDjXa0p4O,Earnings,Earnings,True
1165,"Carlisle Companies to Announce Second Quarter 2022 Results on July 27, 2022  https://t.co/m0dz62vH3S",Earnings,Earnings,True
1166,Blackstone Mortgage Trust Announces Second Quarter 2022 Earnings Release and Conference Call  https://t.co/3K280p5kWp,Earnings,Earnings,True
1167,Vertiv Announces Date of Second Quarter 2022 Earnings Release and Conference Call,Earnings,Earnings,True
1168,"Monro, Inc. to Report First Quarter Fiscal 2023 Earnings on July 27, 2022  https://t.co/ux86Z2KU1f",Earnings,Earnings,True
1169,Fastenal Company Reports 2022 Second Quarter Earnings  https://t.co/hl3qjxpjlv,Earnings,Earnings,True
1170,Chegg to Announce Second Quarter 2022 Financial Results  https://t.co/38KeEr7zKb,Earnings,Earnings,True
1171,"Vroom to Release Second Quarter 2022 Earnings on August 8, 2022  https://t.co/6iZI0IRR9w",Earnings,Earnings,True
1172,Hess Midstream LP Schedules Earnings Release Conference Call  https://t.co/dYy3koGKAH,Earnings,Earnings,True
1173,"Gilead Sciences to Release Second Quarter 2022 Financial Results on Tuesday, August 2, 2022  https://t.co/W6aHzuK6rb",Earnings,Earnings,True
1174,"Paycom Software, Inc. Announces Second Quarter 2022 Earnings Release Date and Conference Call  https://t.co/DG0sPH19TD",Earnings,Earnings,True
1175,"Dine Brands Global, Inc. to Host Second Quarter 2022 Earnings Conference Call on August 9, 2022  https://t.co/pEoWjNNAYW",Earnings,Earnings,True
1176,"U.S. Physical Therapy, Inc. Schedules Second Quarter 2022 Earnings Release and Conference Call for Thursday, August 4, 2022  https://t.co/TzSb5YKS8C",Earnings,Earnings,True
1177,Varex Schedules Third Quarter Fiscal Year 2022 Earnings Release and Conference Call  https://t.co/NW2Zu9mIFL,Earnings,Earnings,True
1178,RingCentral Announces Date of Second Quarter 2022 Financial Results Conference Call  https://t.co/Xl8bfcmKLl,Earnings,Earnings,True
1179,"Roblox to Report Fiscal 2022 Second Quarter Financial Results on August 9, 2022  https://t.co/8Qw367bTKX",Earnings,Earnings,True
1180,Incyte to Report Second Quarter Financial Results  https://t.co/cOg14iC9ou,Earnings,Earnings,True
1181,"Bread Financial Schedules Second Quarter 2022 Earnings Conference Call for July 28, 2022  https://t.co/apGhbNp5hG",Earnings,Earnings,True
1182,Hilltop Holdings Inc. Announces Second Quarter 2022 Earnings Conference Call and Webcast  https://t.co/NgjlB6r3MG,Earnings,Earnings,True
1183,"CrossFirst Bankshares, Inc. to Host Second Quarter 2022 Earnings Call  https://t.co/D7b93YTIgA",Earnings,Earnings,True
1184,Solaris Oilfield Infrastructure Schedules Second Quarter 2022 Results Conference Call  https://t.co/FoutLBMB7N,Earnings,Earnings,True
1185,SmartRent to Report Second Quarter 2022 Financial Results on August 11  https://t.co/gVzJWaXAdw,Earnings,Earnings,True
1186,E2open Announces Fiscal First Quarter 2023 Financial Results  https://t.co/oi36wQ0mlI,Earnings,Earnings,True
1187,Eagle Materials Schedules First Quarter Fiscal 2023 Earnings Release and Conference Call With Senior Management  https://t.co/cdQoyRHiHd,Earnings,Earnings,True
1188,Independent Bank Corp.’s Announcement of Date of Second Quarter Conference Call  https://t.co/GJzBp5ResI,Earnings,Earnings,True
1189,RLI Second Quarter Earnings Release &amp; Teleconference,Earnings,Earnings,True
1190,"Resources Connection, Inc. to Announce Fiscal 2022 Fourth Quarter Results on July 28, 2022  https://t.co/LNn18KfC2n",Earnings,Earnings,True
1191,Hess Schedules Earnings Release Conference Call  https://t.co/ZP9uAxBHhO,Earnings,Earnings,True
1192,Elon Musk had a lot to say about the Cybertruck on Tesla's Q2 earnings call,Earnings,Stock Commentary,False
1193,$NFLX after earnings,Earnings,Stock Movement,False
1194,Real Money's @EricJhonsa covers $NFLX's earnings report and video interview with management 👇,Earnings,Stock Commentary,False
1195,How will $NFLX react to earnings?,Earnings,General News | Opinion,False
1196,"Netflix earnings preview: Wall Street expects subscriber decline to continue despite efforts to crack down on account sharing and add a cheaper, advertising-supported streaming tier. $NFLX",Earnings,Earnings,True
1197,"$SIM $GSABF - Grupo Simec, S.A.B. de C.V. reports Q2 results",Earnings,Earnings,True
1198,$PPG - PPG Q2 2022 Earnings Preview,Earnings,Earnings,True
1199,$BJRI - BJ's Restaurants Q2 2022 Earnings Preview,Earnings,Earnings,True
1200,$RHI - Robert Half Q2 2022 Earnings Preview,Earnings,Earnings,True
1201,Dover Q2 2022 Earnings Preview,Earnings,Earnings,True
1202,$SNA - Snap-On Q2 2022 Earnings Preview,Earnings,Earnings,True
1203,$KNX - Knight-Swift Transportation Q2 2022 Earnings Preview,Earnings,Earnings,True
1204,$KMI - Will Kinder Morgan earnings top expectations again in Q2?,Earnings,Earnings,True
1205,$MKTX - MarketAxess Q2 2022 Earnings Preview,Earnings,Earnings,True
1206,$ABT - All eyes on Abbott Q2 results amid potential impact due to baby formula woes,Earnings,Earnings,True
1207,$NTRS - Northern Trust Q2 2022 Earnings Preview,Earnings,Earnings,True
1208,"$AAPL - Apple likely to meet Q3 results, but all eyes on demand as iPhone 14 gets set to launch",Earnings,Earnings,True
1209,$CFG - Citizens Financial Q2 2022 Earnings Preview,Earnings,Earnings,True
1210,$ABQQ - AB International Group reports 9M results,Earnings,Dividend,False
1211,$TSLA - Tesla earnings week is here - analysts are getting more confident,Earnings,Earnings,True
1212,$USB - U.S. Bancorp Q2 2022 Earnings Preview,Earnings,Earnings,True
1213,$CAG - ConAgra Brands Q4 2022 Earnings Preview,Earnings,Earnings,True
1214,Twitter's Q2 earnings approach at a pivotal time for the company  https://t.co/E8I5jSGJNN by @agarfinks,Earnings,Earnings,True
1215,Earnings season heats up amid renewed recession calls: What to know this week  https://t.co/rpW8BEcaCE by @alexandraandnyc,Earnings,Macro,False
1216,Stock investors hoping for bullish earnings season are still waiting,Earnings,General News | Opinion,False
1217,The big banks start reporting second-quarter earnings this week. Investors will be watching what executives say about the state of the economy,Earnings,Earnings,True
1218,Top Earnings Th 7/21 Pre: $AIR $ABB $ALK $AAL $T $AUB $AN $BANC $BKU $BX $COLB $DHI $DHR $DPZ $DOV $DOW $EWBC $FITB $FCX $GATX $HRI $HOMB $HBAN $IIIN $IPG $IQV $KEY $MMC $NURO $NOK $NUE $OFG $PM $POOL $DGX $SAP $SNA $SON $SNV $TCBI $TSCO $TRV $TPH $UNP $WBS $WABC $WNS,Earnings,Earnings,True
1219,Top Earnings Wed 7/20 Aft: $AA $AMTB $BANR $CCI $CCK $CNS $CSX $CVBF $DFS $EFX $EGBN $FNB $FR $GSBC $INBK $KMI $KNX $LSTR $LVS $MMLP $NVEC $PACW $PFBC $RELL $REXR $RLI $SEIC $SLG $STLD $TBK $TSLA $UAL $UMPQ $VMI $WTFC $XM,Earnings,Earnings,True
1220,Major Earnings Releases: (W/C 18th July)  $BAC $IBM $GS $JNJ $NVS $LMT $NFLX $HAL $TSLA $ABT $ASML $CSX $BIIB $UAL $DHR $T $PM $NOK $VZ $AXP $SLB $TWTR,Earnings,Earnings,True
1221,$NOK $NOKBF - Nokia Oyj 2022 Q2 - Results - Earnings Call Presentation.  https://t.co/yxFzhgX5ln #investing #stockmarket #business,Earnings,Earnings,True
1222,$EFX - Equifax Inc. 2022 Q2 - Results - Earnings Call Presentation.  https://t.co/oJ9yeVxMh2 #trading #investing #economy,Earnings,Earnings,True
1223,$UPMKF $UPMMY - UPM-Kymmene Oyj 2022 Q2 - Results - Earnings Call Presentation.  https://t.co/Z8iFq3T6CY #markets #economy #stockmarket,Earnings,Earnings,True
1224,$BDNNY $BOLIF - Boliden AB (publ) 2022 Q2 - Results - Earnings Call Presentation.  https://t.co/kRZv27fAbK #stocks #finance #investing,Earnings,Earnings,True
1225,$XM - Qualtrics International Inc. 2022 Q2 - Results - Earnings Call Presentation.  https://t.co/rJLS9iNz0B #finance #stockmarket #business,Earnings,Earnings,True
1226,$LVS - Las Vegas Sands Corp. 2022 Q2 - Results - Earnings Call Presentation.  https://t.co/stwZiZCCvh #finance #trading #stockmarket,Earnings,Earnings,True
1227,$AA - Alcoa Corporation's (AA) CEO Roy Harvey on Q2 2022 Results - Earnings Call Transcript.  https://t.co/AZI5INCoQy #trading #finance #economy,Earnings,Earnings,True
1228,$CSX - CSX Corporation 2022 Q2 - Results - Earnings Call Presentation.  https://t.co/1umj518TAP #investing #trading #business,Earnings,Earnings,True
1229,$MTB $MTB.PH - M&amp;T Bank Corporation (MTB) CEO Rene Jones on Q2 2022 Results - Earnings Call Transcript.  https://t.co/7P6UsZlZp9 #stocks #markets #stockmarket,Earnings,Earnings,True
1230,$NBHC - National Bank Holdings Corporation's (NBHC) CEO Tim Laney on Q2 2022 Results - Earnings Call Transcript.  https://t.co/bNVximfFwZ #investing #finance #business,Earnings,Earnings,True
1231,$MKTX - MarketAxess Holdings Inc. (MKTX) CEO Richard McVey on Q2 2022 Results - Earnings Call Transcript.  https://t.co/gJXUOjYawh #markets #investing #economy,Earnings,Earnings,True
1232,$FULT $FULTP - Fulton Financial Corporation's (FULT) CEO Phil Wenger on Q2 2022 Results - Earnings Call Transcript.  https://t.co/89ldi8LzG1 #markets #stocks #investing,Earnings,Earnings,True
1233,$WIT - Wipro Limited's (WIT) CEO Thierry Delaporte on Q1 2023 Results - Earnings Call Transcript.  https://t.co/VvUZpp61xT #investing #business #stockmarket,Earnings,Earnings,True
1234,$NESRF $NSTYY - Northern Star Resources Limited (NESRF) CEO Stuart Tonkin on Q4 2022 Results - Earnings Call Transcript.  https://t.co/tPtl31UFvu #investing #economy #finance,Earnings,Earnings,True
1235,$BIIB - Biogen Inc. (BIIB) CEO Michel Vounatsos on Q2 2022 Results - Earnings Call Transcript.  https://t.co/nwjFejDFnN #stockmarket #finance #stocks,Earnings,Earnings,True
1236,$CMA - Comerica Incorporated (CMA) CEO Curt Farmer on Q2 2022 Results - Earnings Call Transcript.  https://t.co/VGBvOxf432 #investing #finance #business,Earnings,Earnings,True
1237,"$NDAQ - Nasdaq, Inc. 2022 Q2 - Results - Earnings Call Presentation.  https://t.co/dvqEfgtLff #trading #finance #business",Earnings,Earnings,True
1238,"$UCBI $UCBIO - United Community Banks, Inc. 2022 Q2 - Results - Earnings Call Presentation.  https://t.co/fqWKD0g4Va #economy #investing #stockmarket",Earnings,Earnings,True
1239,$FBK - FB Financial Corporation 2022 Q2 - Results - Earnings Call Presentation.  https://t.co/HAzB8mjd4z #investing #finance #markets,Earnings,Earnings,True
1240,$DFS - Discover Earnings: Price Levels And Clues From The Options Market.  https://t.co/vCMQDFvekm #trading #business #economy,Earnings,Stock Movement,False
1241,"$NFLX - Netflix Q2 Earnings: Crushes Subscriber Guidance, But It's Still Not Worth Buying.  https://t.co/1NuYUdKJVo #business #markets #investing",Earnings,Earnings,True
1242,$ASAZF $ASAZY - ASSA ABLOY AB (publ) 2022 Q2 - Results - Earnings Call Presentation.  https://t.co/8QQHg0iYkH #business #markets #stockmarket,Earnings,Earnings,True
1243,$OROCF $AKE:CA - Allkem Limited (OROCF) CEO Martin Perez de Solay on Q3 2022 Results - Earnings Call Transcript.  https://t.co/4k18Fkq2Io #markets #business #investing,Earnings,Earnings,True
1244,"$ASPU - Aspen Group, Inc. 2022 Q4 - Results - Earnings Call Presentation.  https://t.co/SzLAAz9StB #stocks #economy #investing",Earnings,Earnings,True
1245,$SBNY $SBNYP - Signature Bank (SBNY) CEO Joseph DePaolo on Q2 2022 Results - Earnings Call Transcript.  https://t.co/tqYL5ablS4 #finance #investing #economy,Earnings,Earnings,True
1246,$NOK $NOKBF - Why Nokia Is A Buy Ahead Of Q2 Earnings.  https://t.co/oPlJdccz3x #stockmarket #trading #stocks,Earnings,Stock Movement,False
1247,$HNSBF - Hansa Biopharma AB (publ) (HNSBF) CEO Søren Tulstrup on Q2 2022 Results - Earnings Call Transcript.  https://t.co/ypNxfh8h8w #stockmarket #trading #economy,Earnings,Earnings,True
1248,"$FBK - FB Financial (FBK) CEO, Chris Holmes on Q2 2022 Results - Earnings Call Transcript.  https://t.co/WTbrl6UiUL #investing #economy #stockmarket",Earnings,Earnings,True
1249,"$BAC - Is Bank of America Stock A Buy After Earnings? Yes, Q2 Shows Net Interest Income Accelerating.  https://t.co/SLb3GGob1e #economy #trading #business",Earnings,Earnings,True
1250,$CSX - Is CSX Corporation Stock A Buy Before Earnings?.  https://t.co/z8libWYO1B #stocks #finance #trading,Earnings,Stock Movement,False
1251,$SGSOF $SGSOY - SGS SA's (SGSOF) CEO Frankie Ng on Q2 2022 Results - Earnings Call Transcript.  https://t.co/vq4ls386LR #markets #trading #economy,Earnings,Earnings,True
1252,$ASAZF $ASAZY - ASSA ABLOY AB (ASAZF) CEO Nico Delvaux on Q2 2022 Results - Earnings Call Transcript.  https://t.co/A6MuHictK1 #investing #finance #stockmarket,Earnings,Earnings,True
1253,"$SFBS - ServisFirst Bancshares, Inc. (SFBS) CEO Tom Broughton on Q2 2022 Results - Earnings Call Transcript.  https://t.co/bj3XYD3iru #trading #finance #economy",Earnings,Earnings,True
1254,"$DLPN - Dolphin Entertainment, Inc. (DLPN) CEO Bill O'Dowd on Q1 2022 Results - Earnings Call Transcript.  https://t.co/0tLKYQ0b4i #finance #business #investing",Earnings,Stock Movement,False
1255,"$BAC - Bank of America: Mixed Q2 Earnings, Great Trajectory.  https://t.co/3kKbRlbaLj #business #economy #stockmarket",Earnings,Earnings,True
1256,$BAC $BAC.PE $BAC.PL - Bank of America Corporation (BAC) CEO Brian Moynihan on Q2 2022 Results - Earnings Call Transcript.  https://t.co/r1VGKKTTsp #stockmarket #trading #investing,Earnings,Earnings,True
1257,"$LYSCF $LYSDY - Lynas Rare Earths, Limited. (LYSCF) CEO Amanda Lacaze on Q4 2022 Results - Earnings Call Transcript.  https://t.co/bjlU5to8e3 #economy #markets #stocks",Earnings,Earnings,True
1258,"$GS $GS.PA $GS.PC - The Goldman Sachs Group, Inc. 2022 Q2 - Results - Earnings Call Presentation.  https://t.co/sgUsmMqnEJ #trading #stocks #stockmarket",Earnings,Earnings,True
1259,$IBM - IBM: 3 Ways To Play Earnings.  https://t.co/kqCZy50tby #business #stocks #economy,Earnings,Stock Movement,False
1260,Earnings Preview Roundtable - Part 1 - Tech And Growth.  https://t.co/BeTz5frUPo #economy #markets #stockmarket,Earnings,Stock Movement,False
1261,"$SFNC - Simmons First National: Acquisition, Margin Expansion To Support Earnings This Year.  https://t.co/EVNxRPbhDS #stocks #investing #stockmarket",Earnings,Earnings,True
1262,$KMI - Kinder Morgan Q2 2022 Earnings Preview: A Solid Prospect In This Space.  https://t.co/fwYexeQpAm #finance #investing #stocks,Earnings,Earnings,True
1263,$SCHW - Schwab: Valuation Down But Higher Rates And Acquisition Synergies Driving Earnings Growth.  https://t.co/zyQSjbB6rc #finance #business #trading,Earnings,Earnings,True
1264,$CWQXF $CWQXY - Castellum AB (publ) (CWQXF) CEO Rutger Arnhult on Q2 2022 Results - Earnings Call Transcript.  https://t.co/bc1wk2fboI #markets #stocks #stockmarket,Earnings,Stock Movement,False
1265,$USB $USB.PH $USB.PA - U.S. Bancorp (USB) CEO Andy Cecere on Q2 2022 Results - Earnings Call Transcript.  https://t.co/rSKafKWcvD #economy #finance #stocks,Earnings,Earnings,True
1266,"$AOUT - American Outdoor Brands, Inc. 2022 Q4 - Results - Earnings Call Presentation.  https://t.co/zTlHGDbwGc #markets #stocks #economy",Earnings,Earnings,True
1267,"$PNC $PNCFO $PNC.PP - The PNC Financial Services Group, Inc. 2022 Q2 - Results - Earnings Call Presentation.  https://t.co/4jxiiSAmgJ #markets #finance #stocks",Earnings,Earnings,True
1268,$C $C.PJ $C.PK - Citigroup Inc. 2022 Q2 - Results - Earnings Call Presentation.  https://t.co/1rWnoAJ583 #finance #trading #economy,Earnings,Earnings,True
1269,$WTER - Alkaline Water Company Inc. (WTER) CEO Frank Lazaran on Q4 2022 Results - Earnings Call Transcript.  https://t.co/OZgo7l659v #trading #markets #stockmarket,Earnings,Stock Movement,False
1270,$ORINF $ORINY - Orion Oyj (ORINF) CEO Timo Lappalainen on Q2 2022 Results - Earnings Call Transcript.  https://t.co/cMhuKpfECp #markets #finance #trading,Earnings,Earnings,True
1271,$JPM - JPMorgan's Earnings Power May Allow It To Thrive Even In Recession.  https://t.co/i7riV7WH3Q #stockmarket #economy #investing,Earnings,Earnings,True
1272,$JPM $JPM.PG $JPM.PH - JPMorgan Chase &amp; Co. (JPM) CEO Jamie Dimon on Q2 2022 Results - Earnings Call Transcript.  https://t.co/PgiqvkWqZ0 #economy #business #stocks,Earnings,Earnings,True
1273,"$RMCF - Rocky Mountain Chocolate Factory, Inc. (RMCF) CEO Rob Sarlls on Q1 2023 Results - Earnings Call Transcript.  https://t.co/9IhJ83Enr6 #stocks #trading #investing",Earnings,Earnings,True
1274,$FRC $FRC.PH $FRC.PI - First Republic Bank 2022 Q2 - Results - Earnings Call Presentation.  https://t.co/2PfKeKP7mQ #investing #markets #economy,Earnings,Earnings,True
1275,$CGEAF $CCA:CA - Cogeco Communications Inc. 2022 Q3 - Results - Earnings Call Presentation.  https://t.co/ziIvtkcP3c #economy #stocks #investing,Earnings,Earnings,True
1276,$TSM - Taiwan Semiconductor Manufacturing Company Limited (TSM) CEO C. C. Wei on Q2 2022 Results - Earnings Call Transcript.  https://t.co/0h5qaFrF8m #stocks #trading #markets,Earnings,Earnings,True
1277,$ORKLY $ORKLF - Orkla ASA 2022 Q2 - Results - Earnings Call Presentation.  https://t.co/2oKc2H1myf #markets #trading #economy,Earnings,Earnings,True
1278,$TSM - Taiwan Semiconductor Manufacturing Company Limited 2022 Q2 - Results - Earnings Call Presentation.  https://t.co/MksLJKASIf #economy #finance #stocks,Earnings,Earnings,True
1279,$TARO - Taro Pharmaceutical: 10%+ Projected Earnings Yield Is A Strong Calling Card.  https://t.co/AOuW5xYQZq #finance #stocks #stockmarket,Earnings,Stock Movement,False
1280,"$FEIM - Frequency Electronics, Inc. (FEIM) Interim CEO Thomas McClelland on Q4 2022 Results - Earnings Call Transcript.  https://t.co/sO4EXviiYx #markets #stocks #investing",Earnings,Earnings,True
1281,Blue Tower Asset Management Q2 2022 Commentary.  https://t.co/rIMWCQUI2D #stocks #trading #finance,Earnings,Stock Commentary,False
1282,The Earnings Season Will Set The Market Direction.  https://t.co/MkGkXJN58L #trading #business #finance,Earnings,General News | Opinion,False
1283,$AZZ - AZZ Inc. 2023 Q1 - Results - Earnings Call Presentation.  https://t.co/YKSQDnCqyf #business #markets #stockmarket,Earnings,Earnings,True
1284,$JPM - Is JPMorgan Chase Stock A Buy Before Upcoming Earnings?.  https://t.co/llHI4tURHq #markets #business #economy,Earnings,Stock Movement,False
1285,From @Breakingviews: Tesla’s second-quarter earnings bear the scars of manufacturing issues similar to those that have plagued its carmaking peers. But a $770 billion market value reflects optimism not afforded to any other car company on Earth,Earnings,Stock Commentary,False
1286,WATCH: Earnings season gets into full swing on Wall Street next week after big misses by JPMorgan and Morgan Stanley this week,Earnings,General News | Opinion,False
1287,"EARNINGS: Netflix Q2 EPS $3.20 vs. $2.94 Est.; Q2 Revs. $7.97B vs. $8.04B Est. • $NFLX reports loss of 970,000 subscribers vs. loss of 2M est. @JBoorstin has the numbers.  https://t.co/8Y9prrDoGz",Earnings,Earnings,True
1288,$AAL American Airlines Q2 22 Earnings:   - Adj EPS: $0.76 (est $0.764)  - Revenue: 13.42Bln (est 13.177Bln)  - Passenger Rev: 12.22Bln (est 11.96Bln),Earnings,Earnings,True
1289,$DOW Dow Inc Q2 22 Earnings:   - Oper EPS $2.31 (est $2.15)  - Revenue: 15.66Bln (est 15.584Bln),Earnings,Earnings,True
1290,$DHR Danaher Corp Q2 22 Earnings:   - Adj EPS: $2.76 (est $2.346)  - Revenue: 7.75Bln (est 7.316Bln),Earnings,Earnings,True
1291,"$JNJ | Johnson &amp; Johnson Q2 22 Earnings:  - Adj EPS: $2.59 (est $2.55)  - Sales: $24.02B (est $23.96B)  - R&amp;D Expenses: $3.70B, (est. $3.44B)  - Sees FY Adj EPS $10 To $10.10, Saw $10.15 To $10.35  - Strengthening US Dollar Impacting Adj EPS Outlook",Earnings,Earnings,True
1292,"$IBM | IBM Beats Quarterly Revenue Estimates, Warns Of $3.5 Bln Forex Hit - RTRS",Earnings,Earnings,True
1293,$IBM | IBM Q2 22 Earnings   - Q2 Operating EPS $2.31 (est $2.29)   - Q2 Revenue $15.50B (est $15.16B)   - Q2 Software Revenue $6.20B (est $6.30B),Earnings,Earnings,True
1294,$SCHW | Charles Schwab Q2 22 Earnings:    - Adj EPS: 0.97$ (est $0.90)  - EPS: $0.87 (est 0.80)  - Revenue: $5.09B (est $5.03B)  - Daily Avg Trades: 6.23M (est 6M)  - Total Client Assets: - 9.8% (est -7.13%),Earnings,Earnings,True
1295,$C | Citigroup Q2 22 Earnings:  - EPS: $2.19 (exp $1.65)  - Revenue: $19.60B (exp $18.43B)  - FICC Sales &amp; Trading Revenue: $4.08B (exp $3.84B)   - Strong Position To Weather Current Times,Earnings,Earnings,True
1296,$PNC | PNC Financial Q2 22 Earnings:  - Adj EPS: $3.42 (exp $3.14)  - Revenue: $5.10B (exp $5.14B)  - Loans: $310.80B (exp $300.75B),Earnings,Earnings,True
1297,$JPM | JPMorgan Q2 22 Earnings:  - EPS: $2.76 (exp $2.88)  - Revenue: $31.63B (exp $31.98B)  - Temporarily Suspended Share Buybacks   - Investment Banking Revenue: $1.35B (exp $1.92B),Earnings,Earnings,True
1298,"“I’m doing all I can to increase the supply.""  President Joe Biden said he expects further oil supply increases after meeting with Saudi rulers  https://t.co/RMwgsQdG9V",Energy | Oil,Energy | Oil,True
1299,This play on an oil price surge offers investors an attractive yield — but lots of complexity,Energy | Oil,Stock Commentary,False
1300,Russia nears gas shutdown in Europe as Germany rejects claims it can't fulfill contracts,Energy | Oil,Politics,False
1301,$COMDX: Energy Settlement Prices,Energy | Oil,Energy | Oil,True
1302,#Energy futures pull back some $XLE $CL_F $TNX $SPY $QQQ $DIA $SPX $COMPQ $DJIA  https://t.co/LzEmmlQJhI #economy #stockmarket,Energy | Oil,Energy | Oil,True
1303,$COMDX: EIA petroleum data for the week ended July 8,Energy | Oil,Energy | Oil,True
1304,$COMDX: Energy Settlement Prices,Energy | Oil,Energy | Oil,True
1305,#Energy futures mostly lower before the open $XLE $GPS $SPY $QQQ $DIA $CL_F $NG_F  https://t.co/LzEmmlQJhI #economy #stockmarket,Energy | Oil,Energy | Oil,True
1306,Many oil/energy names showing in the day high list,Energy | Oil,Energy | Oil,True
1307,"@ManijehM national average fell 3.5c/gal to $4.567 per gallon, a 47 cent drop in the last 31 days, one of the largest monthly declines on record.  So, pretty much already seen massive declines",Energy | Oil,Energy | Oil,True
1308,"The collapse of Oil is good for everything...... inflation, consumers, stock market and so on....",Energy | Oil,Energy | Oil,True
1309,"Energy $XLE down 5 of the last 6 weeks and lower lows 4 of the last 5 weeks. 70 was trend support, testing at  the 40-week MA here.",Energy | Oil,Energy | Oil,True
1310,Insights on the Natural Gas Liquid Global Market to 2027 - Improving Utilization of Associated Gas Presents Opportunities -  https://t.co/guyiBzPH8C  https://t.co/uGxWi04qh0,Energy | Oil,Energy | Oil,True
1311,Russia resumes gas supply to Europe through Nord Stream 1,Energy | Oil,Energy | Oil,True
1312,Baker Hughes: oil rally is no cash gusher  https://t.co/lwqyuOhNE1  | opinion,Energy | Oil,General News | Opinion,False
1313,Oil price wipes out gains from Ukraine war in dip below $95,Energy | Oil,Energy | Oil,True
1314,"A price cap on Russian oil should go into effect alongside the December implementation of the European Union’s restrictions on insurance for the commodity, a Biden administration official say",Energy | Oil,Legal | Regulation,False
1315,European governments and gas traders are counting down to Thursday morning to see if Russia’s biggest pipeline to the continent will restart after maintenance,Energy | Oil,Politics,False
1316,"Russia's Vladimir Putin signals that Europe will start getting gas again through a key pipeline, but warns that unless a spat over sanctioned parts is resolved, flows will be tightly curbed",Energy | Oil,Politics,False
1317,Saudi Arabia’s crude exports look set set to increase this month due to a surge in flows to China,Energy | Oil,Energy | Oil,True
1318,"The European Commission doesn’t expect Russia to restart a key natural gas pipeline this week, according to one of its commissioners",Energy | Oil,Politics,False
1319,The recovery in Russian oil production continues as higher domestic demand offset a slight drop in exports to key markets,Energy | Oil,Energy | Oil,True
1320,"European natural gas prices jump with a heat wave scorching the western half of the region, boosting demand for cooling and pushing energy costs higher",Energy | Oil,Energy | Oil,True
1321,Hedge funds and other investors looking to cash in on Brazil’s surging oil and gas output are turning to new breed of drillers as an alternative to turmoil-wracked Petrobras,Energy | Oil,Company | Product News,False
1322,Russia replaces Algeria as Spain’s second-largest natural gas supplier in June,Energy | Oil,Energy | Oil,True
1323,"Russian natural gas shipments to Europe via the Nord Stream pipeline are due to stop on Monday for planned annual maintenance, and Western allies fear Putin will use the opportunity to cut off flows for good",Energy | Oil,Energy | Oil,True
1324,"Gasoline prices are in retreat from all-time highs at both the wholesale and retail level.   “Gasoline demand weakness against historical seasonal strength is pressing retail prices lower,” Brian Milne, analyst at DTN, told MarketWatch.",Energy | Oil,Energy | Oil,True
1325,"Energy and materials stocks face rough ride as commodity prices come off the boil, says economist",Energy | Oil,Energy | Oil,True
1326,Oil pulls back after Monday bounce,Energy | Oil,Energy | Oil,True
1327,"Oil prices flirt with $100, as buyers pounce after last week’s sharp selloff",Energy | Oil,Energy | Oil,True
1328,"After peaking above $5 a gallon in June, U.S. gas prices should continue to fall in the coming weeks, a top White House energy adviser said Sunday, predicting prices around $4 a gallon, on average.",Energy | Oil,Energy | Oil,True
1329,Biden: 'Expect further steps' from Saudis in coming weeks on oil supply,Energy | Oil,Energy | Oil,True
1330,"Lumber plays ‘canary in the coal mine’, cues downturn in commodities",Energy | Oil,General News | Opinion,False
1331,Nothing has quite seen highs and lows over the last two months like the energy sector. One equity strategist says the value space is looking compelling heading into second-quarter earnings season.,Energy | Oil,Energy | Oil,True
1332,$TRP:CA - Keystone pipeline capacity could be restored next week - S&amp;P Global Platts,Energy | Oil,Energy | Oil,True
1333,"$COP - Conoco CEO warns of looming crude oil shortages, price volatility",Energy | Oil,Energy | Oil,True
1334,$UGA $XLE $VDE - National avg. gasoline prices dip below $4.50 for the first time in 2-months and this ETF noticed,Energy | Oil,Energy | Oil,True
1335,$KSA $CL1:COM $USO - 'Oil for security' back in play as Biden heads to Saudi Arabia,Energy | Oil,Energy | Oil,True
1336,"$USO $CL1:COM - U.S. crude stockpiles rose 4.8M barrels last week, API says",Energy | Oil,Energy | Oil,True
1337,"$VLO $MPC $EQNR - Valero, Marathon Petroleum largest buyers in Strategic Petroleum Reserve sale",Energy | Oil,Energy | Oil,True
1338,$COP - U.S. weighing options for ConocoPhillips' Alaska oil drilling project,Energy | Oil,Energy | Oil,True
1339,BRENT CRUDE OIL FUTURES FALL $5 TO $101.92 A BARREL,Energy | Oil,Energy | Oil,True
1340,U.S. CRUDE OIL FUTURES FALL $4 TO $95.88 A BARREL,Energy | Oil,Energy | Oil,True
1341,"RUSSIAN GAS FLOWS VIA THE NORD STREAM 1 PIPELINE ARE LIKELY TO RESTART ON THURSDAY AT 5.00BST, 12.00A EDT, CEST 6.00, IST 9.30",Energy | Oil,Energy | Oil,True
1342,"GAS DELIVERIES THROUGH NORD STREAM 1 PIPELINE ANNOUNCED FOR THURSDAY - GERMAN MEDIA, CITING GASCADE",Energy | Oil,Energy | Oil,True
1343,U.S. API WEEKLY CRUDE STOCK ACTUAL: 1.860M VS 4.762M PREVIOUS; EST 0.333M,Energy | Oil,Energy | Oil,True
1344,"BRENT CRUDE FUTURES EXTEND GAINS IN VOLATILE TRADE, UP $1 A BARREL",Energy | Oil,Energy | Oil,True
1345,U.S. OIL FUTURES TURN POSITIVE IN VOLATILE TRADE AFTER FALLING BY $2 A BARREL EARLIER IN THE SESSION,Energy | Oil,Energy | Oil,True
1346,"U.S. CRUDE FUTURES EXTEND GAINS, RISE BY $5 TO SESSION HIGH OF $102.70 PER BARREL",Energy | Oil,Energy | Oil,True
1347,LIBYA’S NEW OIL CHIEF PROMISES TO LIFT BLOCKADES - FT,Energy | Oil,Energy | Oil,True
1348,U.S. CRUDE OIL FUTURES FALL BY $3 TO $93.30,Energy | Oil,Energy | Oil,True
1349,"US TREASURY SECRETARY YELLEN: PRICE CAP ON RUSSIAN OIL WOULD LIMIT REVENUES FOR PUTIN'S WAR MACHINE, HELP MAINTAIN GLOBAL OIL SUPPLY.",Energy | Oil,Energy | Oil,True
1350,"U.S. CRUDE OIL FUTURES SETTLE AT $96.30/BBL, UP 46 CENTS, 0.48%",Energy | Oil,Energy | Oil,True
1351,"U.S. WTI FUTURES EXTEND GAINS, UP $2/BBL",Energy | Oil,Energy | Oil,True
1352,U.S CRUDE OIL INVENTORIES ACTUAL: 3254K VS 8234K PREVIOUS; EST -1500K  U.S CUSHING CRUDE OIL INVENTORIES ACTUAL: 316K VS 69K PREVIOUS  U.S GASOLINE INVENTORIES ACTUAL: 5825K VS -2497K PREVIOUS; EST -1000K  U.S DISTILLATE INVENTORY ACTUAL: 2668K VS -1266K PREVIOUS; EST 1700K,Energy | Oil,Energy | Oil,True
1353,CBOE VOLATILITY INDEX HITS HIGHEST LEVEL SINCE MORE THAN ONE WEEK; LAST UP 1.01 POINTS AT 28.30,Energy | Oil,General News | Opinion,False
1354,"U.S. NATURAL GAS FUTURES EXTEND GAINS, UP BY 5%",Energy | Oil,Energy | Oil,True
1355,"IEA SAYS LOWER OIL DEMAND GROWTH IN ADVANCED ECONOMIES, RESILIENT RUSSIAN SUPPLY HAS REDUCED MARKET TIGHTNESS",Energy | Oil,Energy | Oil,True
1356,"IEA CALLS RUSSIAN PROFITS ""UNTENABLE"", SAYS TALKS ONGOING TO IDENTIFY SOLID MARKET MECHANISM FOR PRICE CAP ON RUSSIA'S OIL",Energy | Oil,Energy | Oil,True
1357,"BRENT CRUDE FUTURES OPEN LOWER, FALL BY $1 TO SESSION LOW OF $98.31 PER BARREL",Energy | Oil,Energy | Oil,True
1358,U.S. NATGAS FUTURES FALL 4% ON OIL PRICE PLUNGE - RTRS,Energy | Oil,Energy | Oil,True
1359,U.S. API WEEKLY CRUDE OIL STOCK ACTUAL: 4.762M VS 3.825M PREVIOUS; EST -1.933M,Energy | Oil,Energy | Oil,True
1360,BRENT CRUDE FUTURES FALL BY $8 TO $99.10/BBL,Energy | Oil,Energy | Oil,True
1361,"U.S. CRUDE OIL FUTURES SETTLE AT $95.84/BBL, DOWN $8.25, 7.93%",Energy | Oil,Energy | Oil,True
1362,"OPEC SAYS ITS OIL OUTPUT ROSE BY 234,000 BPD TO 28.72 MILLION BPD IN JUNE",Energy | Oil,Energy | Oil,True
1363,"OPEC FORECASTS WORLD OIL DEMAND WILL GROW BY 2.7 MILLION BPD IN 2023 – MONTHLY REPORT  OPEC LEAVES 2022 WORLD OIL DEMAND GROWTH FORECAST UNCHANGED AT 3.36 MILLION BPD  OPEC FORECASTS NON-OPEC OIL SUPPLY WILL RISE BY 1.7 MLN BPD IN 2023, LED BY U.S.",Energy | Oil,Energy | Oil,True
1364,U.S. WTI CRUDE PRICES FALL BELOW $100 A BARREL,Energy | Oil,Energy | Oil,True
1365,"U.S. WTI CRUDE PRICES EXTEND LOSSES, DOWN BY $4 TO $100.09/BBL",Energy | Oil,Energy | Oil,True
1366,"RUSSIA'S NOVATEK SAYS IN Q2 2022, PRELIMINARY TOTAL NATURAL GAS SALES VOLUMES, INCLUDING VOLUMES OF LNG SOLD, AGGREGATED 16.99 BCM, REPRESENTING A DECREASE OF 4.0% AS COMPARED WITH CORRESPONDING VOLUMES IN Q2 2021",Energy | Oil,Energy | Oil,True
1367,"BRENT CRUDE FUTURES SETTLE AT $107.10/BBL, UP 8 CENTS, 0.07%",Energy | Oil,Energy | Oil,True
1368,"DGCX BRENT CRUDE FUTURES SETTLE AT $107.02/BBL, UP $2.37, 2.26%",Energy | Oil,Energy | Oil,True
1369,Mongolia says Russia-China gas pipeline will break ground in 2024,Energy | Oil,General News | Opinion,False
1370,Gas prices: 'We're in the early- to mid-point' of falling prices  https://t.co/6SGuGjWFJX by @SeanaNSmith,Energy | Oil,General News | Opinion,False
1371,Gas price drop hits 30 straight days as oil prices continue collapse  https://t.co/oh4ji6BnG9 by @daniromerotv,Energy | Oil,General News | Opinion,False
1372,Gas price drop hits 30 straight days as oil prices continue collapse  https://t.co/M1x5lv4RnT by @daniromerotv,Energy | Oil,General News | Opinion,False
1373,Oil prices could spike 'well over $150' a barrel: Energy analyst says  https://t.co/6C1824MfDV by @RebeccaChenP,Energy | Oil,Stock Commentary,False
1374,"Prices of raw materials such as oil, coffee and copper have retrenched as the U.S. dollar strengthens",Energy | Oil,Currencies,False
1375,Corn took out support on the Monthly and Weekly charts. Look for it to run down to Close The Gap at 606-608.,Energy | Oil,General News | Opinion,False
1376,Russia resumes gas flows to Europe after fears of a total shutdown - CNBC,Energy | Oil,Energy | Oil,True
1377,Oil rises on Saudi oil production expectations - SI,Energy | Oil,Energy | Oil,True
1378,Failure to implement Russian oil price cap could jack up oil prices -U.S. official,Energy | Oil,Energy | Oil,True
1379,#OOTT | Saudi Arabia Nears Its Oil Pumping Limit - WSJ,Energy | Oil,Macro,False
1380,EU Said To Weigh 15% Reduction In NatGas Demand For Aug-March    #LNG,Energy | Oil,Energy | Oil,True
1381,Libya NOC’s Subsidiary Mellitah: Production At El Feel Oilfield Is ‘Gradually Restarting’,Energy | Oil,Energy | Oil,True
1382,#OOTT | US Baker Hughes Rig Count 15-Jul: 756 (prev 752)  - Rotary Gas Rigs: 153 (prev 153)  - Rotary Oil Rigs: 599 (est 599; prev 597),Energy | Oil,Energy | Oil,True
1383,#OOTT | US Nat’l Security Advisor: Biden To Discuss Energy Security At Meetings  - To Discuss Accelerating Increase In Production  - Hope To See Additional #OPEC+ Action In Coming Weeks,Energy | Oil,Energy | Oil,True
1384,#OOTT | EU Could Ban Some Russian Fuel Oil Imports Six Months Ahead Of Deadline – RTRS,Energy | Oil,Energy | Oil,True
1385,"#OOTT | US Official: Not Expecting Saudi Arabia To Immediately Boost Oil Production, Eyeing Next OPEC+ Meeting – RTRS",Energy | Oil,Energy | Oil,True
1386,#OOTT | Libya’s New Oil Chief Says Output Will Be Fully Back In A Week – BBG,Energy | Oil,Energy | Oil,True
1387,"Goldman Sachs Revises Copper Price Targets For 3, 6, 12 Months  - 3-Month Forecast Revised To $6,700/T Vs. $8,650/T  - 6-Month Forecast Revised To $7,600/T Vs $10,500/T  - 12-Month Forecast Revised To $9,000/T Vs $12,000/T",Energy | Oil,Gold | Metals | Materials,False
1388,#OOTT | OPEC’s First 2023 Outlook Shows No Relief From Oil Market Squeeze   - Forecasts World Oil Demand Will Grow BY 2.7Mln BPD In 2023,Energy | Oil,Energy | Oil,True
1389,US Believes OPEC Has More Capacity To Raise Crude Production - BBG #OOTT,Energy | Oil,Energy | Oil,True
1390,🛢️ OPEC holds an incredible amount of sway over global oil markets. But what does the group of 13 countries actually do?  @scarletfu breaks it down,Energy | Oil,Energy | Oil,True
1391,OPEC holds an incredible amount of sway over global oil markets. But what does the group of 13 countries actually do? @scarletfu breaks it down,Energy | Oil,General News | Opinion,False
1392,"Asia Pacific Regional Integrated Energy Service Research Highlights, Q2 2022.  https://t.co/lSAaW1JXAE #stockmarket #markets #investing",Energy | Oil,General News | Opinion,False
1393,Credit Spreads And Oil Price.  https://t.co/EaGG4MVyH8 #trading #economy #markets,Energy | Oil,General News | Opinion,False
1394,Crude Oil Collapsed Below $100PPB - Has The Fed Broken Inflation? (Technical Analysis).  https://t.co/u63OaYJdag #economy #finance #stockmarket,Energy | Oil,General News | Opinion,False
1395,Wall Street Breakfast: 'Oil For Security' Back In Play As Biden Heads To Saudi Arabia (Podcast).  https://t.co/DhXko1h6hn #stocks #finance #economy,Energy | Oil,General News | Opinion,False
1396,"Commodities Should March Forward, Despite Recent Step Back.  https://t.co/Ky4zqazjK7 #markets #stockmarket #investing",Energy | Oil,General News | Opinion,False
1397,"European natural gas prices fall after Russia restarted shipments through the Nord Stream pipeline, its biggest link to Europe",Energy | Oil,Energy | Oil,True
1398,"Europe may face a further setback in efforts to manage its energy crisis if there’s a revival in China’s demand for liquefied natural gas, according to Goldman Sachs",Energy | Oil,Energy | Oil,True
1399,A mileage milestone in the world's leading market for EV adoption has major implications for the future of oil demand,Energy | Oil,Energy | Oil,True
1400,"Polysilicon prices rise for an eighth straight week, putting increasing pressure on solar panel developers",Energy | Oil,Energy | Oil,True
1401,"Vale, the world’s second-largest iron ore supplier, lowered its annual production guidance, giving a welcome boost to prices of the steel-making ingredient",Energy | Oil,Energy | Oil,True
1402,Congo's oil and gas permits up for auction this month include an area that overlaps with the Virunga National Park that is home to endangered mountain gorillas,Energy | Oil,Energy | Oil,True
1403,"TotalEnergies, Eni and Occidental Petroleum strike an agreement with Algeria as they look to reduce their dependence on gas from Russia",Energy | Oil,Energy | Oil,True
1404,Japan buys its most expensive ever natural gas shipment as an escalating global energy crunch brings new risks of blackouts and intensifies competition for fuel imports,Energy | Oil,Energy | Oil,True
1405,"US retail gasoline prices fall below $4.50 a gallon for the first time since mid-May, starting to ease pressure at the pump for millions of Americans",Energy | Oil,Energy | Oil,True
1406,"European gas prices fluctuate, with the market remaining focused on the risk of supplies from Russia and a major heat wave bearing down on parts of the region",Energy | Oil,Energy | Oil,True
1407,"Oil will trade at more than $100 a barrel for the rest of the year, Iraq’s energy minister says",Energy | Oil,Energy | Oil,True
1408,"Russian ministries, domestic oil producers and the central bank plan to launch oil trading on a national platform in October",Energy | Oil,Energy | Oil,True
1409,"The new head of Libya’s state oil firm vows to end a blockade, double crude production and protect existing contracts with foreign oil companies",Energy | Oil,Energy | Oil,True
1410,Europe's oil and gas giants are flush with cash and considering whether to turbo-charge their low-carbon plans by buying major renewables producers,Energy | Oil,Energy | Oil,True
1411,"Europe's gas buyers should take into account climate goals and be wary of long-term deals that have historically been inked with Russia, says EU agency",Energy | Oil,Energy | Oil,True
1412,Europe has surpassed Asia to become the top consumer of American oil for the first time in six years,Energy | Oil,Energy | Oil,True
1413,Deputy US Treasury Secretary Wally Adeyemo said he doesn’t anticipate Washington applying sanctions on countries or companies that fail to join a proposed price cap on Russian oil,Energy | Oil,Energy | Oil,True
1414,"Russia’s oil exports rose back above $20 billion in June despite lower shipments abroad because of a rally in energy prices, according to the International Energy Agency",Energy | Oil,Energy | Oil,True
1415,"Germany is in talks with some of the world’s top LNG suppliers, including energy giant Shell, to replace Russian fuel with alternative supplies",Energy | Oil,Energy | Oil,True
1416,"Russia’s oil exports rose back above $20 billion in June despite lower shipments abroad because of a rally in energy prices, according to the International Energy Agency",Energy | Oil,Energy | Oil,True
1417,"Oil prices pose a high risk to the global economic recovery, with signs that fuel costs are starting to “take their toll” on demand growth, says the IEA",Energy | Oil,Energy | Oil,True
1418,The explosion that shut the Freeport LNG natural gas export facility in Texas last month created a 450-feet-high fireball,Energy | Oil,Energy | Oil,True
1419,"Cheniere Energy, the largest LNG exporter in the US, is among companies warning that new federal air pollution requirements threaten to disrupt gas supply to Europe",Energy | Oil,Energy | Oil,True
1420,Oil fell for a second session as a Covid resurgence in China and concerns about a global economic slowdown hang over the market,Energy | Oil,Energy | Oil,True
1421,"A Russian court allowed a crucial export route for Kazakh oil to keep operating, throwing out an order from a lower authority for a 30-day halt",Energy | Oil,Energy | Oil,True
1422,Saudi Arabia’s crude exports look set set to increase this month due to a surge in flows to China,Energy | Oil,Energy | Oil,True
1423,Brazilian investors have trimmed their commodity wagers on growing odds of a global economic downturn  https://t.co/B1LZqPQ9Gj via @markets,Energy | Oil,General News | Opinion,False
1424,Oil is poised to end the week below $100 a barrel for the first time since early April after another volatile period of trading marked by escalating concerns over an economic slowdown  https://t.co/j5jbfdiVy2 via @markets,Energy | Oil,Energy | Oil,True
1425,"Oil prices pose a high risk to the global economic recovery, with signs that fuel costs are starting to “take their toll” on demand growth, the IEA says",Energy | Oil,Energy | Oil,True
1426,"The explosion that shut the Freeport LNG natural gas export facility in Texas last month created a 450-feet-high fireball and happened on a section that had been inspected several weeks earlier, according to a report",Energy | Oil,Energy | Oil,True
1427,"The global economy isn't slowing enough to spark a collapse in oil prices, argues @JavierBlas  https://t.co/IBK1zTgmzC via @opinion",Energy | Oil,General News | Opinion,False
1428,"The US and its allies have discussed capping Russian oil at $40 to $60 a barrel, with the aim of cutting Moscow’s war revenue  https://t.co/iVW48u7xpN via @bpolitics",Energy | Oil,M&A | Investments,False
1429,OPEC Head Mohammad Barkindo Has Died Aged 63,Energy | Oil,Personnel Change,False
1430,"Russia's Vladimir Putin signals that Europe will start getting gas again through a key pipeline, but warns that unless a spat over sanctioned parts is resolved, flows will be tightly curbed",Energy | Oil,Politics,False
1431,"A former unit of Gazprom has missed shipments of contracted liquefied natural gas to India, sources say",Energy | Oil,Energy | Oil,True
1432,"European natural gas prices jump with a heat wave scorching the western half of the region, boosting demand for cooling and pushing energy costs higher",Energy | Oil,Energy | Oil,True
1433,The surge in gasoline prices is starting to make a dent in people’s appetite for fuel,Energy | Oil,General News | Opinion,False
1434,Oil is poised to end the week below $100 a barrel for the first time since early April after another volatile period of trading marked by escalating concerns over an economic slowdown,Energy | Oil,Energy | Oil,True
1435,"Copper supply shortages will be so ""unprecedented and untenable"" in coming years that it could derail the global shift away from fossil fuels, S&amp;P Global says (via @climate)",Energy | Oil,Gold | Metals | Materials,False
1436,Brazilian investors have trimmed their commodity wagers on growing odds of a global economic downturn,Energy | Oil,General News | Opinion,False
1437,"Russia’s government has made a plan to create a national oil benchmark next year, as it seeks to protect itself from efforts by the West to restrict the flow of petrodollars to the country",Energy | Oil,M&A | Investments,False
1438,"Oil prices pose a high risk to the global economic recovery, with signs that fuel costs are starting to “take their toll” on demand growth, the IEA says",Energy | Oil,Energy | Oil,True
1439,Oil to 88 #OOTT,Energy | Oil,Energy | Oil,True
1440,WATCH: U.S. gasoline prices have followed a drop in the futures market for both crude oil and gasoline. Those markets are down because investors are worried interest-rate hikes will slow the economy as central banks get aggressive in combating inflation  https://t.co/tHXiv8mc3Y,Energy | Oil,Energy | Oil,True
1441,"WATCH: The average price of gas in the U.S. has dropped to $4.63 from a record $5.01 a month ago. It's still about $1.48 higher than a year ago, but prices are on a trajectory to keep falling in the next few weeks  https://t.co/tHXiv8mc3Y",Energy | Oil,Energy | Oil,True
1442,Expensive gasoline is keeping more US drivers off the road than the Covid-19 pandemic did at this time two years ago,Energy | Oil,General News | Opinion,False
1443,The EU has approved €5.4bn to fund a hydrogen project of 'common European interest' in an effort to diversify its energy sources as fears of supply pressures and a possible fuel rationing this winter grow,Energy | Oil,Macro,False
1444,PBOC Governor Yi Gang says the bank will step up with stronger support for China’s struggling economy. John Liu reports on Bloomberg Television  https://t.co/1BVTQ7HTVm,Fed | Central Banks,Fed | Central Banks,True
1445,"Morgan Stanley Global Fixed Income Portfolio Manager Jim Caron: “The Fed's in a difficult spot because some of this is messaging.”  He discusses strategies to combat inflation for the remainder of 2022, assets, rhetoric and more  https://t.co/Ypl6Ewts5I",Fed | Central Banks,Fed | Central Banks,True
1446,Kansas City Fed President Esther George is warning that rushing to raise rates could backfire.   George dissented on the central bank’s 75-basis point hike last month. Enda Curran reports on Bloomberg Television  https://t.co/lwfrJDba70,Fed | Central Banks,Fed | Central Banks,True
1447,Watch Christine Lagarde speak after the ECB surprises markets with larger rate hike,Fed | Central Banks,Fed | Central Banks,True
1448,"Rising interest rates and ballooning credit card debt are a ‘double whammy,' economist says",Fed | Central Banks,Macro,False
1449,The Fed is likely to hike rates three-quarters of a point in response to new economic signals,Fed | Central Banks,Fed | Central Banks,True
1450,The Fed hiked interest rates to combat inflation: What that means for you,Fed | Central Banks,Fed | Central Banks,True
1451,Dimon rips Fed stress test as 'terrible way to run' financial system after his bank halts buybacks,Fed | Central Banks,Stock Commentary,False
1452,Inflation scorcher means Fed may be more aggressive. Market pros see higher risk of recession,Fed | Central Banks,Macro,False
1453,Ark Invest's Cathie Wood says deflationary forces could pressure the Fed to make a policy reversal,Fed | Central Banks,Stock Commentary,False
1454,"The Philippines faces pressure to hike rates as peso weakens, inflation persists, economist says",Fed | Central Banks,Macro,False
1455,$ECONX: July Philadelphia Fed Index -12.3 vs. -1.2  https://t.co/M9gpUZQoF7 consensus; prior -3.3,Fed | Central Banks,Macro,False
1456,ECB raised #rates and weekly #jobs report $SPY $QQQ $DIA  https://t.co/LzEmmlQJhI #initalclaims #economy #stockmarket,Fed | Central Banks,Markets,False
1457,$ICE: ICE Benchmark Administration Introduces Calendar Year Inflation Expectations to ICE U.S. Dollar Inflation...,Fed | Central Banks,General News | Opinion,False
1458,Welcome President Susan M. Collins! The international macroeconomist began her tenure as the 14th president and CEO of the @BostonFed on July 1. Collins previously served on the board of the @ChicagoFed. Read the article about President Collins:  https://t.co/OSM2kD4Dn5,Fed | Central Banks,Personnel Change,False
1459,Today marks President Susan M. Collins’ first day as the 14th president and CEO of the @BostonFed. She brings decades of experience as an international macroeconomist and a lifelong interest in policy and public service to the Bank and role. Learn more:,Fed | Central Banks,Personnel Change,False
1460,"#TheCFOSurvey is a quarterly survey of U.S. financial executives issued by @DukeFuqua, @RichmondFed  and @AtlantaFed. Full results from the Q2 survey as well as historical data and commentary can be found at",Fed | Central Banks,General News | Opinion,False
1461,"Barkin: ""The Fed is on a path to return #inflation back to normal. We have credibility with households, businesses and markets required to deliver that outcome. There is of course #recession risk along the way, but there’s the prospect of the economy returning closer to normal.""",Fed | Central Banks,Fed | Central Banks,True
1462,"Similar to the Fed, the ECB will hold a post-meeting press conference during which investors and economists will be waiting to see what the central bank says about the pace of monetary policy actions.",Fed | Central Banks,Fed | Central Banks,True
1463,FOMC tonight: 75bps rate hike expected which once out of the way could result in a rally as uncertainty removed in s/t. Forward guidance key. FED needs demand destruction via rate hikes to tame inflation. Equities not out of the woods in m/t,Fed | Central Banks,Fed | Central Banks,True
1464,Wed: FOMC decision on rates Thurs: SA futures closeout  Fri: US options expiration  Prior US rate hikes have resulted in weakness that has been bought into. Choppy action ahead until Wed and then bigger move,Fed | Central Banks,Fed | Central Banks,True
1465,"European Central Bank raises rates by 50bps, its first rate hike in 11 years",Fed | Central Banks,Fed | Central Banks,True
1466,Cathie Wood thinks the Fed is making a big mistake,Fed | Central Banks,Stock Commentary,False
1467,"In an effort to tame soaring prices across the eurozone, the ECB is prepping to raise interest rates.  What impact will a rising rate environment have on Europe’s debt situation? #CME",Fed | Central Banks,Fed | Central Banks,True
1468,IMF set to make fresh downgrades to global growth,Fed | Central Banks,Macro,False
1469,DNB: Nordic bank feels the warmth of rate rises  https://t.co/x7AMpCE34U  | opinion,Fed | Central Banks,Legal | Regulation,False
1470,"Indonesia’s central bank keeps its benchmark rate unchanged to foster economic growth, as it sits out the global shift toward fighting inflation with tighter monetary policies",Fed | Central Banks,Fed | Central Banks,True
1471,Poland’s government wants to use the central bank’s record profit to pay for subsidies to about 3.8 million households that burn coal to heat their homes,Fed | Central Banks,Legal | Regulation,False
1472,Ghana’s central bank may raise borrowing costs Monday after producer inflation quickens to a near-eight-year high,Fed | Central Banks,Fed | Central Banks,True
1473,"Market bets the Bank of Japan will join the rush to tighten policy have retreated ahead of Thursday’s policy decision, with no repeat expected of the fireworks lit by short sellers targeting the yen and government bonds in previous months",Fed | Central Banks,Fed | Central Banks,True
1474,"Australian Treasurer Jim Chalmers announces a wide-ranging review of the Reserve Bank that will look at its inflation target, policy tools, governance and culture",Fed | Central Banks,Legal | Regulation,False
1475,Canada’s export credit agency is targeting a 15% cut to its financing portfolio for upstream oil and gas production by 2030,Fed | Central Banks,Fed | Central Banks,True
1476,Canada's export credit agency is targeting a 15% cut to its financing portfolio for upstream oil and gas production by 2030 (via @climate),Fed | Central Banks,Fed | Central Banks,True
1477,"The Bank of England will consider a half-point interest rate hike in August, quickening the pace in its fight against inflation, Governor Andrew Bailey says",Fed | Central Banks,Fed | Central Banks,True
1478,BOE Governor Andrew Bailey has revealed that he sent three unused vehicles to Ukraine to help its central bank distribute cash,Fed | Central Banks,Legal | Regulation,False
1479,This week was always going to be tricky for Christine Lagarde at the ECB — and it just got harder... (via @zschneeweiss),Fed | Central Banks,Fed | Central Banks,True
1480,China’s central bank injects additional liquidity into the financial system for the first time since June as a growing mortgage-payment boycott and a virus flareup leads to a sense of crisis,Fed | Central Banks,Fed | Central Banks,True
1481,"China’s central bank will step up the implementation of its prudent monetary policy to provide stronger economic support, Governor Yi Gang said",Fed | Central Banks,Fed | Central Banks,True
1482,"Zimbabwe central bank officials plan to meet with retailers on Tuesday over price hikes, the Sunday Mail reported",Fed | Central Banks,Fed | Central Banks,True
1483,"The European Central Bank’s much-heralded interest-rate hike will arrive too late, according to most economists in a Bloomberg survey (via @CraigStirling)",Fed | Central Banks,Fed | Central Banks,True
1484,"Governments need to focus cost-of-living support to those most vulnerable in order to avoid undoing central bankers’ work in fighting inflation, the IMF’s chief said",Fed | Central Banks,Fed | Central Banks,True
1485,"Governments need to focus cost-of-living support to those most vulnerable in order to avoid undoing central bankers’ work in fighting inflation, the IMF’s chief said",Fed | Central Banks,Fed | Central Banks,True
1486,Ex-Treasury Chief Lawrence Summers issued one of his harshest criticisms yet of the Fed’s slowness in moving to raise interest rates,Fed | Central Banks,Fed | Central Banks,True
1487,Why we're hanging on every word from Fed officials,Fed | Central Banks,Fed | Central Banks,True
1488,Sweden’s Riksbank may have to accelerate the pace of rate increases after a June inflation reading showed that prices rose faster than it expected,Fed | Central Banks,Fed | Central Banks,True
1489,"Argentina’s central bank held its benchmark interest rate at 52%, according to a person with direct knowledge of the matter, even as inflation accelerated to its fastest pace in 30 years",Fed | Central Banks,Fed | Central Banks,True
1490,Boston Fed President Susan Collins says inflation is too high and bringing it down is a top priority for the central bank,Fed | Central Banks,Fed | Central Banks,True
1491,"Citigroup economists now see a 100 basis-point rate increase as the most likely outcome when the Federal Reserve meets in late July, following data that showed US consumer inflation accelerated to a fresh four-decade high",Fed | Central Banks,Fed | Central Banks,True
1492,Tiff Macklem’s decision to deliver the biggest interest rate hike in a generation hasn’t sapped his optimism about Canada’s outlook. But economists aren’t so sure he can nail a soft landing,Fed | Central Banks,Fed | Central Banks,True
1493,US Treasury Secretary Janet Yellen says Russian government officials have “no place” at the upcoming meetings in Bali,Fed | Central Banks,Politics,False
1494,JUST IN: The Philippine central bank unexpectedly raises rates by 75 basis points to 3.25% in an unscheduled move announced via Facebook Live  https://t.co/NOYt94L0uy,Fed | Central Banks,Fed | Central Banks,True
1495,"Colombia’s flexible peso helps the economy weather shocks, and the central bank should refrain from intervening to stem its recent plunge, according to central bank co-director Mauricio Villamizar (via @mjbristow)",Fed | Central Banks,Fed | Central Banks,True
1496,"Global interest rates are likely to return to historically low levels once the current inflation shock has been addressed, but that may store up problems for the future, Bank of England Governor Andrew Bailey says",Fed | Central Banks,Fed | Central Banks,True
1497,Atlanta Fed President Raphael Bostic says “everything is in play” for policy action after data shows that US inflation accelerated again to a fresh 4-decade high,Fed | Central Banks,Fed | Central Banks,True
1498,"Money markets are betting on a three quarter-percentage point hike later this month, wagering the US will need to keep the screws on policy to tame inflation",Fed | Central Banks,Fed | Central Banks,True
1499,"The Bank of France says the economy grew by about 0.25% in the 2nd quarter, despite record inflation, Russia’s invasion of Ukraine and growing uncertainty about the business outlook",Fed | Central Banks,Macro,False
1500,"Australia needs to “stretch” its emissions targets to tackle climate change faster, says former central banker Guy Debelle, who made a dramatic career switch this year to help drive the country’s energy transition",Fed | Central Banks,Legal | Regulation,False
1501,US inflation data this week may stiffen the resolve of Fed policy makers to proceed with another big boost in interest rates later this month,Fed | Central Banks,Fed | Central Banks,True
1502,"Bank of Japan sees inflation hitting 2.3% in current fiscal year, keeps ultra-low interest rates despite yen’s weakness",Fed | Central Banks,Fed | Central Banks,True
1503,St. Louis Fed leader James Bullard said unexpectedly high inflation calls for a more aggressive path of short-term interest rate rises this year.,Fed | Central Banks,Fed | Central Banks,True
1504,Philippines Central Bank Raises Policy Rate to Help Limit Inflation,Fed | Central Banks,Fed | Central Banks,True
1505,Richmond Fed President Tom Barkin said the central bank needs to ensure it can bring down inflation even if that raises the prospect of a recession in the coming year,Fed | Central Banks,Fed | Central Banks,True
1506,The Bank of Canada is expected to deliver its biggest rate increase in decades on Wednesday in an effort to cool inflation.,Fed | Central Banks,Fed | Central Banks,True
1507,Glynn’s Take: RBA’s Forceful Rate-Hike Strategy Is Already Landing Blows,Fed | Central Banks,General News | Opinion,False
1508,Atlanta Fed President Raphael Bostic said hiring data is signs of ongoing economic strength and that he supports another large rate rise later this month,Fed | Central Banks,Fed | Central Banks,True
1509,India’s Central Bank Takes Steps to Stem Rupee’s Slide,Fed | Central Banks,Fed | Central Banks,True
1510,ECB's half-percentage-point interest-rate hike is first in over a decade,Fed | Central Banks,Fed | Central Banks,True
1511,"Inflation expectations key as investors weigh prospect of 100 basis point Fed rate hike, strategist says",Fed | Central Banks,Fed | Central Banks,True
1512,Fed Beige Book finds rising inflation fears,Fed | Central Banks,Fed | Central Banks,True
1513,"Fed will have ‘zero patience’ for high inflation readings, economist",Fed | Central Banks,Fed | Central Banks,True
1514,"Surging gas prices drove the rate of inflation to 9.1%.   By raising rates, the Fed aims to cool off the economy just enough to bring down inflation, ideally without triggering a recession. Yet many economists are doubtful they can succeed.",Fed | Central Banks,Fed | Central Banks,True
1515,Post-CPI futures point to 42% likelihood of full-point Fed rate hike this month,Fed | Central Banks,Stock Movement,False
1516,$EWI $FXE $EUO - ECB set to deliver first rate hike in more than a decade,Fed | Central Banks,Fed | Central Banks,True
1517,Bank of Canada hiked key rate by full percentage point to 2.5%,Fed | Central Banks,Fed | Central Banks,True
1518,"Richmond Fed's Barkin sees path to lower inflation, but recession is possible",Fed | Central Banks,Fed | Central Banks,True
1519,$EWD - Sweden's Riksbank minutes: More rate hikes may be required to tame inflation,Fed | Central Banks,Fed | Central Banks,True
1520,ECB'S LAGARDE SAYS RISKS TO INFLATION TILTED TO UPSIDE,Fed | Central Banks,Fed | Central Banks,True
1521,BANK OF CANADA GOVERNOR MACKLEM SAYS CANADA'S INFLATION TO REMAIN 'PAINFULLY HIGH' IN 2022  BOC'S MACKLEM SAYS CANADA'S INFLATION TO PROBABLY REMAIN ABOVE 7% FOR REST OF 2022   BOC'S MACKLEM SAYS CANADA'S JULY INFLATION LIKELY TO BE LOWER THAN JUNE'S 8.1% -CTV INTERVIEW,Fed | Central Banks,Fed | Central Banks,True
1522,U.S. FED ACCCEPTS $2.240 TRLN IN OVERNIGHT REVERSE REPO BIDS; AWARDS AT 1.55% TO 100 BIDDERS -NY FED,Fed | Central Banks,Fed | Central Banks,True
1523,MOODY'S – AUSTRALIAN NON-BANK LENDERS' IMPROVED LOAN QUALITY TEMPERS RISKS OF RISING INFLATION AND INTEREST RATES,Fed | Central Banks,Macro,False
1524,AUSTRALIAN TREASURER CHALMERS -  RBA REVIEW NOT ABOUT THE TENURE OF GOVERNOR LOWE,Fed | Central Banks,Legal | Regulation,False
1525,IMF SAYS EASTERN EUROPE AND ITALY WOULD SUFFER SERIOUS RECESSIONS UNLESS COUNTRIES POOL RESOURCES - FT,Fed | Central Banks,Macro,False
1526,"FED'S DALY: WE'RE NOT TALKING ABOUT RAISING RATES TO EXTREME HIGHS, MORE LIKE IN THE 3% RANGE",Fed | Central Banks,Fed | Central Banks,True
1527,CHILE'S CENTRAL BANK SETS BENCHMARK INTEREST RATE AT 9.75%  POLICY MAKERS SAY MORE RATE HIKES WILL BE NEEDED,Fed | Central Banks,Fed | Central Banks,True
1528,Candian interest rate futures spread quote on Montreal exchange   @MtlExchange,Fed | Central Banks,Fed | Central Banks,True
1529,"FED'S BOSTIC: NOT PUTTING MUCH PROBABILITY ON POSSIBLE FED ACTIONS AT MEETINGS BEYOND JULY, WILL ADAPT AS DATA WARRANT   ACTION OF JOB MARKET RIGHT NOW ""DOES NOT FEEL LIKE A RECESSION""",Fed | Central Banks,Fed | Central Banks,True
1530,"How have monetary policy frameworks of 50 central banks, including the @FederalReserve and the @ECB, evolved? Check out our new index, which covers independence and accountability, policy and operational strategy, and communications.  https://t.co/rNFP2bvFQv",Fed | Central Banks,Macro,False
1531,"Average interest rates for fixed-rate mortgages tick up in the week ended July 14, to 5.5% for the 30-year and 4.7% for the 15-year. See the long-term trend in FRED:  https://t.co/6QhhgGlAyF",Fed | Central Banks,Macro,False
1532,St. Louis Fed President Jim Bullard talked about his preferences for raising the policy rate and his views of recession predictions in remarks during a European Economics and Financial Centre virtual discussion,Fed | Central Banks,Fed | Central Banks,True
1533,The Dutch central bank has fined Binance more than €3mn for offering services without proper registration in a blow to the crypto exchange’s campaign to win over European regulators,Fed | Central Banks,Legal | Regulation,False
1534,Bank of England battle looms over deregulation plan set to prime City for ‘Big Bang 2.0’,Fed | Central Banks,Legal | Regulation,False
1535,European Investment Bank pledges to cut spending on roads,Fed | Central Banks,Macro,False
1536,"How is the Fed working to fight inflation? @MaryDalyEcon discusses w/ @newsy: “What we're doing...is raising the interest rate to help get those price increases down so that inflation is more like 2%—as opposed to 9.1%, which was the most recent number...""",Fed | Central Banks,Fed | Central Banks,True
1537,The European Central Bank completed a 50 basis-point rate hike as the Nord Stream pipeline re-opens and Italian Prime Minister Mario Draghi resigns.,Fed | Central Banks,Fed | Central Banks,True
1538,"Inflation is “going to keep the Fed on the trajectory it's currently at, in terms of 75 basis points clearly on the table,” @Citi Global Wealth’s Kristen Bitterly says. “We're seeing some abatement in terms of whether it's gas prices, whether it's the commodity sector.""",Fed | Central Banks,Fed | Central Banks,True
1539,"Amid new economic data reports, analysts speculate on the weight of the Fed’s next rate hike and the likelihood of raising another 75 basis points.",Fed | Central Banks,Macro,False
1540,Yellen says U.S. aims to move ahead with global minimum corporate tax despite setback  https://t.co/wV0SFAJQuy via @Reuters,Fed | Central Banks,Fed | Central Banks,True
1541,"“There is this tussle between how much will be too fast too soon,” @acornsCIO Seth Wunder says on Fed tightening. “I’m not overly fixated on what this next move looks like. We know it’s going to be at least 75 [bps].”",Fed | Central Banks,Fed | Central Banks,True
1542,"Bank of America slashes stock market forecast, calls for 'mild recession' this year  https://t.co/HL3j7P86UK by @MylesUdland",Fed | Central Banks,Stock Commentary,False
1543,Shock inflation data may push Fed towards historic rate increase: Strategist  https://t.co/yngRM3kA4K by @BrianSozzi,Fed | Central Banks,Earnings,False
1544,"“The market is pricing in tighter monetary policy,” Heritage Capital President @Paul_Schatz says. If “the Fed wants to hike 100 bps… [they’re] just going to weaken the economy…”",Fed | Central Banks,Stock Commentary,False
1545,#Breaking: Bank of Canada surprises with massive 100 basis point hike  https://t.co/Ow354lU78R via @YahooFinanceCA,Fed | Central Banks,Fed | Central Banks,True
1546,The Bank of Canada raised its policy rate by a full percentage point and said that further rate increases are needed to drive down inflation,Fed | Central Banks,Fed | Central Banks,True
1547,"If Federal Reserve officials thought a recession was coming, would they tell you? The question isn’t an idle one.",Fed | Central Banks,General News | Opinion,False
1548,ECB raise the three key ECB interest rates by 50 basis points,Fed | Central Banks,Fed | Central Banks,True
1549,"Mario Draghi resigns, plunging Italy into political turmoil - Reuters",Fed | Central Banks,Politics,False
1550,Fed to stick to 75 bps hike in July; 40% chance of recession - Reuters,Fed | Central Banks,Stock Commentary,False
1551,"Econ Calendar Th 7/21/22  Jobless Claims Philly Fed 8:30 AM ET  Leading Indicators 10:00 AM ET  EIA Nat Gas 10:30 AM ET  3&amp;6-Mo Bill Announce 2,5&amp;7-Yr Note Announce 11:00 AM ET  4&amp;8-Week Bill Auction 11:30 AM ET  10-Yr TIPS Auction 1:00 PM ET  Fed Balance Sheet 4:30 PM ET",Fed | Central Banks,Macro,False
1552,Powell’s Econ-101 Lesson Presents Best-Case Inflation Scenario - BBG,Fed | Central Banks,General News | Opinion,False
1553,"Yellen sees some use for forex intervention, but not for competitive advantage - Reuters",Fed | Central Banks,Fed | Central Banks,True
1554,Low US And European Default Rates Rising As Market Concern Lists Grow - @FitchRatings,Fed | Central Banks,Financials,False
1555,ECB's Lagarde: All Members Rallied To Consensus Of 50bp Hike,Fed | Central Banks,Fed | Central Banks,True
1556,ECB's Lagarde: Initial Signs Of Inflation Expectations Above Target Warrant Monitoring,Fed | Central Banks,Fed | Central Banks,True
1557,ECB Unveils New Tool Called Transmission Protection Instrument,Fed | Central Banks,Fed | Central Banks,True
1558,BoJ: To Take More Easing Steps Without Hesitation As Needed With Eye On Pandemic's Impact On Economy,Fed | Central Banks,Fed | Central Banks,True
1559,Kuroda Stares Down Market Bets For BOJ Pivot During His Term - BBG,Fed | Central Banks,Politics,False
1560,Italy’s #Draghi Asks For Confidence Vote To Be Placed In Senate    $EUR,Fed | Central Banks,Legal | Regulation,False
1561,India Central Bank Prepared To Spend $100 Bln More Defending Rupee - RTRS Sources,Fed | Central Banks,Fed | Central Banks,True
1562,"Goldman Sachs’ Waldron: Fed Is Moving ‘Aggressively, Appropriately’  - `Impressed' With Fed's Combating Of Inflation",Fed | Central Banks,Stock Commentary,False
1563,ECB's Rehn: ECB’s Council Will Next Week Likely Raise Its Key Interest Rate By 25 Bps And In September By 50 Bps,Fed | Central Banks,Fed | Central Banks,True
1564,RBA 50bp Hike Confirmed For August With No Scope For September Pause - Westpac,Fed | Central Banks,Fed | Central Banks,True
1565,"- PBoC Conducts 100 Bln Yuan Of 1-Year MLF At 2.85% - China 1YR Medium Term Lending Facility Unchanged As Expected 2.85% - 1YR Medium Term Lending Facilities Volume: 100Bln (est 100Bln, prev 200Bln)",Fed | Central Banks,Fed | Central Banks,True
1566,"Exclusive: Tiff Macklem On The Bank Of Canada's Surprise Rate Hike, Wrestling Inflation And Its Forecast Miss - @financialpost    https://t.co/stu7BTp6PF    $CAD",Fed | Central Banks,Stock Commentary,False
1567,Reports Italy’s Draghi Has Not Submitted His Resignation To President - ANSA,Fed | Central Banks,Legal | Regulation,False
1568,Fed's Waller: Market May Have ‘Gotten Ahead Of Themselves’ On 100Bp July Hike   - Market Pricing For 100 Bps Is ‘Getting Ahead Of Themselves’  - Fed Doesn’t Want To Have A Knee-Jerk Reaction To Yesterday's Inflation Data,Fed | Central Banks,Fed | Central Banks,True
1569,"Fed's Waller: Soft Landing Is 'Very Plausible,' Based On Strong Labour Market  - Backs Further Rate Hikes Until Significant Moderation In Core Prices is Seen",Fed | Central Banks,Fed | Central Banks,True
1570,"BoE’s Ramsden: Interest Rates Are ‘Very Likely’ To Have To Go Up Further  - Will Not Let Inflation ‘Go Out Of Control’ Like In The 70s, 80s  - Times Ahead Expected To Continue Being ‘Really Tough’",Fed | Central Banks,Fed | Central Banks,True
1571,$CAD | Bank Of Canada Raises Key Rate By 100Bps To 2.50%,Fed | Central Banks,Fed | Central Banks,True
1572,ECB’s Villeroy: French ‘Livret A’ Bank Savings Rate Could Be Doubled In August – RTRS,Fed | Central Banks,Fed | Central Banks,True
1573,"Fed's Barkin: Expecting Another Elevated Reading From June CPI   - Too Early To Judge 50 -75Bps For July   - Seeing Signs Economy Is Softening, Calls June Jobs Data A Strong Report",Fed | Central Banks,Stock Commentary,False
1574,BoE’s Bailey: Options Other Than 25bp Rate Hikes Are On The Table,Fed | Central Banks,Stock Commentary,False
1575,RBA’s Unreliable Forecasts Have Bond Investors Thinking Twice - BBG,Fed | Central Banks,Stock Commentary,False
1576,"""We cannot allow countries like China to use their market position... to disrupt our economy or exercise unwanted geopolitical leverage.""  US Treasury Secretary Janet Yellen called out China's ""unfair"" trade practices  https://t.co/QxWHUYoJ0d",Fed | Central Banks,Politics,False
1577,Italian Politics Complicate The ECB's Task.  https://t.co/4Ne8P8Yj2i #business #finance #markets,Fed | Central Banks,Politics,False
1578,Fallout Continues From The Fed's Largess.  https://t.co/jLQsyV48ZT #trading #investing #business,Fed | Central Banks,General News | Opinion,False
1579,Could The Fed Raise Rates By 100 Basis Points At Its Next Meeting?.  https://t.co/aOggS7kJBd #economy #investing #markets,Fed | Central Banks,Stock Commentary,False
1580,Federal Reserve Watch: Moving Along.  https://t.co/9ipcwUjzYm #finance #economy #stockmarket,Fed | Central Banks,Macro,False
1581,The Fed's Next Meeting.  https://t.co/H7Z0WLXeNs #trading #stockmarket #finance,Fed | Central Banks,Macro,False
1582,Why The Fed Has Created An Amazing Buying Opportunity.  https://t.co/XamBisx6PB #stocks #business #trading,Fed | Central Banks,Stock Commentary,False
1583,We’ve just raised interest rates in order to achieve stable prices in the euro area.  Tune into #TheECBPodcast to hear President Christine @Lagarde present the decisions in our press conference,Fed | Central Banks,Fed | Central Banks,True
1584,We raised interest rates by 0.5%.  See our latest monetary policy decisions  https://t.co/7arxAFKnmc,Fed | Central Banks,Fed | Central Banks,True
1585,"People are increasingly paying digitally. It is crucial that we all continue to have easy access to central bank money in the digital age, write President Christine Lagarde and Executive Board member Fabio Panetta.  https://t.co/llOcIC9INf",Fed | Central Banks,Legal | Regulation,False
1586,"Letter from the ECB President to Mr Nuno Melo, MEP, on ECB tasks  https://t.co/9xlKSlXdcq (EN)  https://t.co/IwALxrkWBS (PT)",Fed | Central Banks,Fed | Central Banks,True
1587,Ukraine's central bank devalues the official hryvnia exchange rate to protect its foreign-currency reserves as Russia’s invasion ravages the economy,Fed | Central Banks,Currencies,False
1588,It's ECB rate decision day — here's what to expect,Fed | Central Banks,Fed | Central Banks,True
1589,Europe’s banks waited more than a decade for higher interest rates to make lending more profitable again. Now some governments are threatening to spoil the party,Fed | Central Banks,Legal | Regulation,False
1590,The risk of a prolonged gas-supply crunch could unleash a drought in Europe’s credit market that a bigger-than-expected ECB hike won’t fix,Fed | Central Banks,Macro,False
1591,The UK Treasury is looking to avoid a clash with the Bank of England over financial regulation,Fed | Central Banks,Legal | Regulation,False
1592,"The Bank of England will consider a half-point interest rate hike at its August, quickening the pace in its fight against inflation, Governor Andrew Bailey says",Fed | Central Banks,Fed | Central Banks,True
1593,"“Inflation is expected to get worse before it gets better.” The worst of the global price shocks triggered by the war in Ukraine and Covid-induced supply disruptions probably isn’t over yet, Singapore's central bank says",Fed | Central Banks,Macro,False
1594,"African central banks are escalating their fight against blistering inflation and currency weakness, with four out of six monetary policy committees likely to raise interest rates in the next two weeks",Fed | Central Banks,Legal | Regulation,False
1595,"Australian households are in a “fairly good position” to cope with higher interest rates, Reserve Bank No. 2 Michele Bullock says",Fed | Central Banks,Macro,False
1596,The Dutch Central Bank fines Binance after it offered crypto services in the Netherlands without the required registration,Fed | Central Banks,Legal | Regulation,False
1597,"Central bank watchers say UK Foreign Secretary Liz Truss's Bank of England idea ""makes very little sense""",Fed | Central Banks,Politics,False
1598,"Janet Yellen said the US should still move ahead with important legislation that will help lower costs for American consumers, despite the blow to a wider fiscal package from Senator Joe Manchin",Fed | Central Banks,Macro,False
1599,Central bankers are seeking to balance the opportunities offered by cryptocurrencies with the risk that slow progress on regulating them could mean more losses for consumers,Fed | Central Banks,Fed | Central Banks,True
1600,"The ECB is in a tight spot. Inflation is mostly down to soaring energy costs, and higher rates may have a limited effect on prices",Fed | Central Banks,Fed | Central Banks,True
1601,"Janet Yellen said the US should still move ahead with important legislation that will help lower costs for American consumers, despite the blow to a wider fiscal package from Senator Joe Manchin",Fed | Central Banks,Politics,False
1602,Investor fears are rife that the ECB is running out of runway to raise interest rates before it’s even begun,Fed | Central Banks,Fed | Central Banks,True
1603,Central banks in Asia that remained dovish even in the face of soaring inflation may see their resolve tested after a surprise tightening by peers in the region leaves their currencies vulnerable to sell-off,Fed | Central Banks,Fed | Central Banks,True
1604,Investor fears are rife that the ECB is running out of runway to raise interest rates before it’s even begun,Fed | Central Banks,Fed | Central Banks,True
1605,Central banks in Asia that remained dovish even in the face of soaring inflation may see their resolve tested after a surprise tightening by peers in the region leaves their currencies vulnerable to sell-off,Fed | Central Banks,Fed | Central Banks,True
1606,The euro area as well as Italy is set to face a profound crisis that could unsettle markets for months if Mario Draghi doesn’t change his mind about quitting as prime minister,Fed | Central Banks,Politics,False
1607,The ECB’s anti-fragmentation instrument is expected to have soft conditions,Fed | Central Banks,Fed | Central Banks,True
1608,"Chile’s central bank announced plans to support the nation’s currency after it plummeted to a record low, fueling inflation that’s already almost quadruple the target rate",Fed | Central Banks,Currencies,False
1609,Southeast Asian central banks are targeting to link their payment systems within the year that will let people buy goods and services throughout the region by scanning QR codes,Fed | Central Banks,M&A | Investments,False
1610,Chile’s central bank raised its key interest rate to 9.75% on Wednesday and flagged additional increases to come,Fed | Central Banks,Fed | Central Banks,True
1611,"Central banks across the globe are speeding up interest-rate hikes, seeking to crush an inflation surge partly of their own making",Fed | Central Banks,Fed | Central Banks,True
1612,Here are the key takeaways from the Bank of Canada's decision to hike,Fed | Central Banks,Fed | Central Banks,True
1613,"NEW: Fed officials may debate a historic one percentage-point rate hike later this month after another searing inflation report, which cemented odds on a 75-basis point move",Fed | Central Banks,Fed | Central Banks,True
1614,"Economists have started paring expectations on the size of India’s future interest-rate hikes, with half-point moves seen dispensable, after consumer prices rose less than expected in June",Fed | Central Banks,Macro,False
1615,"Australia needs to “stretch” its emissions targets to tackle climate change faster, said former central banker Guy Debelle, who made a dramatic career switch this year to help drive the country’s energy transition",Fed | Central Banks,Legal | Regulation,False
1616,"Zimbabwe’s central bank approves a regulation that will allow the country’s power utility to bill the exporters in dollars, euros and other foreign currencies",Fed | Central Banks,Currencies,False
1617,"India’s central bank announces a plan to settle international trade in the local currency, a move probably aimed at facilitating growing trade with sanctions-hit Russia",Fed | Central Banks,Legal | Regulation,False
1618,"Japan shouldn’t step into the foreign exchange market to prop up the yen at this stage, according to the country’s former chief currency official",Fed | Central Banks,Fed | Central Banks,True
1619,Canada’s export credit agency is targeting a 15% cut to its financing portfolio for upstream oil and gas production by 2030,Fed | Central Banks,Financials,False
1620,"ECB Likely to Hike Rates 25 Basis Points Next Week, Rehn Says",Fed | Central Banks,Fed | Central Banks,True
1621,The IMF called on China to expand fiscal support and apply a more flexible Covid-containment strategy to address a slowdown in the world’s second-biggest economy,Fed | Central Banks,Macro,False
1622,"Australia needs to “stretch” its emissions targets to tackle climate change faster, said former central banker Guy Debelle, who made a dramatic career switch this year to help drive the country’s energy transition",Fed | Central Banks,Legal | Regulation,False
1623,"There may not be enough hawks in the ECB for a 50 basis-point rate hike this month, the Bloomberg Economics Spectrometer suggests",Fed | Central Banks,Fed | Central Banks,True
1624,Bank of England governor Andrew Bailey has revealed that he sent three unused vehicles to Ukraine to help its central bank distribute cash,Fed | Central Banks,General News | Opinion,False
1625,"India’s central bank sees the rupee as moving toward its fair value and will step in to sell dollars from its reserves when it assesses a genuine shortfall, sources say",Fed | Central Banks,Currencies,False
1626,"JUST IN: The ECB may consider raising interest rates on Thursday by double the quarter-point it outlined just last month because of the worsening inflation backdrop, according to people familiar with the situation  https://t.co/MOhEYKQUfB",Fed | Central Banks,Fed | Central Banks,True
1627,"African central banks are escalating their fight against blistering inflation and currency weakness, with four out of six monetary policy committees likely to raise interest rates in the next two weeks",Fed | Central Banks,Macro,False
1628,"“Inflation is expected to get worse before it gets better.” The worst of the global price shocks triggered by the war in Ukraine and Covid-induced supply disruptions probably isn’t over yet, Singapore's central bank says",Fed | Central Banks,Macro,False
1629,"JUST IN: Singapore's central bank says it intends to expand crypto regulations, including tightening retail investors' access even more",Fed | Central Banks,Legal | Regulation,False
1630,The International Monetary Fund approved the disbursement of a $235.6 million loan to Kenya,Fed | Central Banks,General News | Opinion,False
1631,"Bank Indonesia is selling government bond holdings in the secondary market, ratcheting up its efforts to mop up excess liquidity in the financial system",Fed | Central Banks,Financials,False
1632,This week was always going to be tricky for Christine Lagarde at the ECB — and it just got harder,Fed | Central Banks,Fed | Central Banks,True
1633,"No matter how much ECB officials dismiss the prospect of starting interest-rate hikes with a half-point move this week, there’s still a case for it",Fed | Central Banks,Fed | Central Banks,True
1634,"No matter how much ECB officials dismiss the prospect of starting interest-rate hikes with a half-point move this week, there’s still a case for it",Fed | Central Banks,Fed | Central Banks,True
1635,"Even if the economy cooperates, the Federal Reserve is in for a very difficult couple years, says the former head of the New York Fed",Fed | Central Banks,General News | Opinion,False
1636,Tiff Macklem raised Canada's policy rate to 2.5% in a decision announced Wednesday in Ottawa that warned of more hikes to come,Fed | Central Banks,Fed | Central Banks,True
1637,"The European Central Bank is watching the euro-dollar exchange rate as recent lows can further stoke already record inflation, according to a member of the governing council",Fed | Central Banks,Currencies,False
1638,The planned reopening of a key Russian gas pipeline next week may be a bigger deal for the euro than the first interest-rate hike in a decade by the ECB,Fed | Central Banks,Energy | Oil,False
1639,"The Bank of Canada is set to deliver a super-sized interest rate hike, accelerating efforts to withdraw stimulus from an overheated economy and rein in soaring inflation",Fed | Central Banks,Fed | Central Banks,True
1640,Bank of America calls on the US Treasury to improve market plumbing,Fed | Central Banks,Stock Commentary,False
1641,"Kansas City Fed President Esther George, who dissented last month against the US central bank’s jumbo 75 basis-point increase in interest rates, cautioned that rushing to tighten policy could backfire",Fed | Central Banks,Fed | Central Banks,True
1642,Higher interest rates to test buoyant housing markets,Fed | Central Banks,Macro,False
1643,Dutch central bank fines Binance in blow to exchange’s European push,Fed | Central Banks,Legal | Regulation,False
1644,"Eurozone banks are underestimating the hit from climate change, warns ECB",Fed | Central Banks,Legal | Regulation,False
1645,Michael S. Barr sworn in as Vice Chair for Supervision of the Board of Governors of the Federal Reserve System:  https://t.co/v7U2XjmKYK,Fed | Central Banks,Personnel Change,False
1646,"@federalreserve invites comment on proposal that provides default rules for certain contracts that use LIBOR reference rate, which will be discontinued next year:",Fed | Central Banks,Fed | Central Banks,True
1647,Interactive guide to our weekly #BalanceSheet report:  https://t.co/75xiVYkEIu #FedData,Fed | Central Banks,Fed | Central Banks,True
1648,Read about economic conditions in Reserve Bank Districts in the #BeigeBook:  https://t.co/SBVXIf61Su,Fed | Central Banks,Fed | Central Banks,True
1649,"We have posted the minutes from the #FOMC meeting held June 14-15, 2022:",Fed | Central Banks,Fed | Central Banks,True
1650,@federalreserve @FDICgov extend deadline for U.S. GSIB resolution plan feedback:,Fed | Central Banks,Fed | Central Banks,True
1651,@federalreserve @FDICgov @USOCC release list of distressed or underserved nonmetropolitan middle-income geographies:,Fed | Central Banks,Fed | Central Banks,True
1652,Hungary central bank leaves one-week deposit rate on hold at 9.75% at tender  https://t.co/hDb1SWAtjJ,Fed | Central Banks,Fed | Central Banks,True
1653,U.S. banks boost outlook for net interest income amid Fed rate rises  https://t.co/N6a4CQtHfh,Fed | Central Banks,Financials,False
1654,Hungary central bank leaves one-week deposit rate steady at 9.75%  https://t.co/PjKtAZ6lKs,Fed | Central Banks,Fed | Central Banks,True
1655,"The Bank of Korea raised its benchmark interest rate by 50 basis points to 2.25%, the biggest increase since the bank adopted the current policy system in 1999  https://t.co/FFoOUpi3qC",Fed | Central Banks,Fed | Central Banks,True
1656,Spain pledges $1.9 billion to IMF new sustainability trust  https://t.co/FoqbqiLiJX,Fed | Central Banks,Macro,False
1657,Spain pledges $1.9 billion to IMF new sustainability trust  https://t.co/megyceOTve,Fed | Central Banks,Macro,False
1658,"Bank of America posted an increase in net interest income with the lender reaping the benefits of Federal Reserve rate hikes.   Second-quarter results were hurt by higher expenses related to regulatory settlements, and net interest income rose 22%  https://t.co/E0WH1CWIz7",Financials,Financials,True
1659,Halliburton beats on earnings and makes case for 'multiyear upcycle' in oil,Financials,Energy | Oil,False
1660,Bank of America tops expectations on revenue as lender benefits from higher interest rates,Financials,Earnings,False
1661,Morgan Stanley misses analysts’ profit expectations on worse-than-expected investment banking,Financials,Earnings,False
1662,World's largest chipmaker TSMC posts record profit allaying fears over semiconductor headwinds,Financials,Earnings,False
1663,JPMorgan Chase says second-quarter profit fell 28% after building reserves for bad loans,Financials,Earnings,False
1664,"$SFNC: Simmons First National beats by $0.03, net interest income increased 26% yr/yr",Financials,Earnings,False
1665,"$NUE: Nucor beats by $0.91, beats on revs; demand remains stable and resilient",Financials,Earnings,False
1666,"$TSCO: Tractor Supply beats by $0.01, reports revs in-line; raises FY22 guidance; comps +5.5%",Financials,Earnings,False
1667,"$HBAN: Huntington Banc beats by $0.02, net interest income increased 10%",Financials,Earnings,False
1668,$BANC: Banc of California beats by $0.02,Financials,Earnings,False
1669,"$EFX: Equifax beats by $0.07, reports revs in-line; guides Q3 EPS below consensus, revs below consensus; guides FY22...",Financials,Earnings,False
1670,"$FNB: F.N.B. Corp beats by $0.01, reports revs in-line",Financials,Earnings,False
1671,"$UAL: United Airlines provides quarterly, FY22, and FY23 outlook: expects no more than ~8% capacity in FY23 compared...",Financials,Earnings,False
1672,"$WTFC: Wintrust Fin misses by $0.21, net interest income increased 21% yr/yr",Financials,Earnings,False
1673,"$LVS: Las Vegas Sands misses by $0.05, beats on revs",Financials,Earnings,False
1674,"$KNX: Knight-Swift beats by $0.06, beats on revs; guides FY22 EPS in-line",Financials,Earnings,False
1675,#AbbottLabs' beat-and-raise report struggles to overcome a string of headwinds in Q2 $ABT $UNH $THC $HCA $UHS $SGRY  https://t.co/UmIMwpd7jE #earnings #laboratory #medicaldevice #healthcare #products #supplier #China #lockdowns #COVID #babyformula #shortage #stockmarket,Financials,Earnings,False
1676,$BBWI: Bath &amp; Body Works lowers Q2 EPS guidance and FY22 sales guidance,Financials,Earnings,False
1677,"$ELV: Elevance Health beats by $0.30, beats on revs; guides FY22 EPS above consensus",Financials,Earnings,False
1678,#Hasbro rides resilient demand for #toys and strength in #tabletop #games to post #earnings beat $HAS $MAT  https://t.co/b4dpIaNypk #consumer #spending #entertainment #DungeonsandDragons #inflation #economy #stockmarket,Financials,Earnings,False
1679,$SBNY: Signature Bank beats by $0.21,Financials,Earnings,False
1680,$AXGN: AxoGen guides Q2 revs above consensus; reaffirms FY22 revs guidance; announces changes to its commercial...,Financials,Earnings,False
1681,"$BAC: Bank of America misses by $0.02, reports revs in-line",Financials,Earnings,False
1682,"$C: Citigroup beats on EPS and revs; revenue was driven by increased rates, client activity in Markets and continued...",Financials,Earnings,False
1683,"$UNH: UnitedHealth beats by $0.36, reports revs in-line; raises FY22 EPS outlook",Financials,Earnings,False
1684,$TXG: 10x Genomics guides Q2 revs below consensus,Financials,Earnings,False
1685,"$CTAS: Cintas beats by $0.13, beats on revs; guides FY23 EPS in-line, revs above consensus",Financials,Earnings,False
1686,"$CAG: Conagra beats by $0.02, reports revs in-line; guides FY23 EPS below consensus",Financials,Earnings,False
1687,"$EGO: Eldorado Gold announces Q2 preliminary gold production of 113,462 ounces and maintains full year production...",Financials,Company | Product News,False
1688,$CPA: Copa Holdings reports June traffic declined 3.4% from June 2019,Financials,Stock Movement,False
1689,$RICK: RCI Hospitality reports Q3 sales for clubs and restaurants; announces that it repurchased 1.78% of shares...,Financials,Stock Commentary,False
1690,$HL: Hecla Mining reports Q2 silver production increased 10% over Q1,Financials,Earnings,False
1691,$CME: CME Group reports international ADV increased 21% yr/yr,Financials,Markets,False
1692,$COHU: Cohu issues upside Q2 revenue guidance,Financials,Earnings,False
1693,"Limestone Bancorp Reports Net Income of $4.0 million, or $0.53 per Diluted Share, for the 2nd Quarter of 2022 and $7.6 million, or $1.00 per Diluted Share, for the Six Months Ended June 30, 2022  https://t.co/Cy5hbNHTgF",Financials,Earnings,False
1694,ORPEA First-Half 2022 Revenue  https://t.co/VHctjPAem4,Financials,Company | Product News,False
1695,"John Marshall Bancorp, Inc. Reports 27.3% Earnings per Share Growth Driven by Strong Loan Growth, Expense Management and Outstanding Asset Quality  https://t.co/3nSMh4dbcP",Financials,Earnings,False
1696,"PNFP Reports Diluted EPS of $1.86, ROAA of 1.46% and ROATCE of 17.62% For 2Q2022  https://t.co/NkMWYVlquX",Financials,Earnings,False
1697,Hancock Whitney reports second quarter 2022 EPS of $1.38  https://t.co/IFSPbSpRg4,Financials,Earnings,False
1698,"Hasbro Reports Growth in Revenues, Operating Profit, Net Earnings and EBITDA  https://t.co/YindboTuwG",Financials,Earnings,False
1699,"Theradiag Reports Revenue of €6.3 Million for the First Half of 2022, Up 14.3%  https://t.co/ArJqpJdzqg",Financials,Earnings,False
1700,Software AG Continues Robust Revenue and Profit Performance; Updates Digital Business Bookings Guidance  https://t.co/2NGdWcpUI7,Financials,Earnings,False
1701,Christie’s Global Sales Achieve £3.3 B / $4.1 B in First Half 2022  https://t.co/gdrb52zVVz,Financials,Company | Product News,False
1702,SMAIO: First-half 2022 Sales up +28% to €1.3 Million  https://t.co/SDhhysRObR,Financials,Earnings,False
1703,Novo Integrated Sciences Announces Preliminary Revenue Range for Fiscal 2022 Third Quarter  https://t.co/75cItll219,Financials,Earnings,False
1704,"IMPLANET Reports Its Revenue for Q2 2022, Up 33%  https://t.co/yGyPWo2Jc5",Financials,Earnings,False
1705,"Tesla ($TSLA) is expected to report adjusted earnings of $1.86 a share in the second quarter, which would compare with adjusted earnings of $1.45 a share in the second quarter of 2021, according to analysts polled by FactSet.",Financials,Analyst Update,False
1706,"Nordea profit beats estimates, launches €1.5 billion ($1.51 billion) buyback",Financials,Financials,True
1707,"Ericsson profit misses forecasts amid inflationary pressures, supply-chain woes",Financials,Earnings,False
1708,PepsiCo reiterates outlook as second-quarter earnings top expectations,Financials,Earnings,False
1709,"$SAABF - Saab AB GAAP EPS of SEK3.15, revenue of SEK10.17B",Financials,Earnings,False
1710,"$PFIS - Peoples Financial Services Non-GAAP EPS of $1.30 in-line, revenue of $27.59M beats by $0.39M",Financials,Earnings,False
1711,"$NUE - Nucor routs Q2 estimates, foresees continued strong demand in Q3",Financials,Earnings,False
1712,"$HFWA - Heritage Financial GAAP EPS of $0.52 beats by $0.07, revenue of $57.06M beats by $0.18M",Financials,Earnings,False
1713,"$COLB - Columbia Banking System GAAP EPS of $0.75 misses by $0.02, revenue of $172.46M misses by $5.31M",Financials,Earnings,False
1714,"$FCX - Freeport-McMoRan Non-GAAP EPS of $0.58 misses by $0.08, revenue of $5.42B misses by $720M",Financials,Earnings,False
1715,"$AIR - AAR GAAP EPS of $0.72 beats by $0.04, revenue of $476M beats by $14.12M",Financials,Earnings,False
1716,"$STBA - S&amp;T Bancorp GAAP EPS of $0.74 beats by $0.08, revenue of $87.82M beats by $2.61M",Financials,Earnings,False
1717,"$DPZ - Domino's Pizza Non-GAAP EPS of $2.82 misses by $0.08, revenue of $1.07B beats by $20M",Financials,Earnings,False
1718,"$STLFF - Stillfront Group AB (publ) GAAP EPS of SEK 0.23, revenue of SEK 1.81B",Financials,Earnings,False
1719,"$IQV - IQVIA Non-GAAP EPS of $2.44 beats by $0.06, revenue of $3.54B beats by $50M, raises FY22 guidance",Financials,Earnings,False
1720,"$NURO - NeuroMetrix GAAP EPS of -$0.17, revenue of $2.1M",Financials,Earnings,False
1721,"$HRI - Herc Non-GAAP EPS misses by $0.12, revenue beats by $9.29M, narrows FY2022 Adjusted EBITDA outlook",Financials,Earnings,False
1722,"$WNS - WNS Non-GAAP EPS of $0.90 beats by $0.12, revenue of $274.8M beats by $4.32M",Financials,Earnings,False
1723,"$BANC - Banc of California Non-GAAP EPS of $0.45 beats by $0.02, revenue of $85.49M misses by $0.46M",Financials,Earnings,False
1724,"$TPH - Tri Pointe Homes GAAP EPS of $1.33 beats by $0.12, revenue of $1B beats by $1.9M",Financials,Earnings,False
1725,"$SDMHF $SRTOY - Sartorius Stedim Biotech S.A. GAAP EPS of €4.40, revenue of €1.72B",Financials,Earnings,False
1726,"$SARTF $SOAGY $SSSGY - Sartorius Aktiengesellschaft GAAP EPS of €4.88, revenue of €2.06B",Financials,Earnings,False
1727,"$DUAVF - Dassault Aviation Non-GAAP EPS of €3.82, revenue of €3.11B",Financials,Earnings,False
1728,"$GSBC - Great Southern Bancorp GAAP EPS of $1.44, revenue of $58.15M",Financials,Earnings,False
1729,$ABB - ABB misses Q1 earnings; reaffirms FY22 guidance and issues Q3 soft guidance,Financials,Earnings,False
1730,$DFS - Discover Financial Q2 earnings slip from Q1 as it boosts credit loss provision,Financials,Earnings,False
1731,"$CCK - Crown Holdings Non-GAAP EPS of $2.10 beats by $0.08, revenue of $3.51B beats by $320M",Financials,Earnings,False
1732,$CCI - Crown Castle bumps up 2022 adjusted EBITDA guidance after strong Q2 earnings,Financials,Earnings,False
1733,"$GRPRF - Grupo Rotoplas S.A.B. de C.V. GAAP EPS of Ps. 0.43, revenue of Ps. 6.11M",Financials,Earnings,False
1734,"$UNB - Union Bankshares GAAP EPS of $0.65, Net interest income of $9.7M",Financials,Earnings,False
1735,"$FNLC - First Bancorp GAAP EPS of $0.91, revenue of $22.78M",Financials,Earnings,False
1736,"$UAL - United Airlines Non-GAAP EPS of $1.43 misses by $0.45, revenue of $12.11B in-line",Financials,Earnings,False
1737,"$LSTR - Landstar System GAAP EPS of $3.05 misses by $0.22, revenue of $1.98B misses by $40M",Financials,Earnings,False
1738,"$FCCO - First Community GAAP EPS of $0.41 misses by $0.03, revenue of $14.06M misses by $0.64M",Financials,Earnings,False
1739,"$FMFG - Farmers and Merchants Bancshares GAAP EPS of $0.67, revenue of $6.21M",Financials,Earnings,False
1740,"$LAD - Lithia Motors Non-GAAP EPS of $12.18 beats by $0.04, revenue of $7.24B beats by $20M",Financials,Earnings,False
1741,"$CYSNF - C-Com Satellite Systems GAAP EPS of -C$0.01, revenue of C$3.72M",Financials,Earnings,False
1742,"$ABT - Abbott Laboratories Non-GAAP EPS of $1.43 beats by $0.29, revenue of $11.3B beats by $930M, raises full-year EPS guidance",Financials,Earnings,False
1743,"$HCSG - Healthcare Services GAAP EPS of $0.09 misses by $0.04, revenue of $424.86M misses by $2.36M",Financials,Earnings,False
1744,"$MKTX - MarketAxess GAAP EPS of $1.78 beats by $0.06, revenue of $182.23M misses by $2.79M",Financials,Earnings,False
1745,"$ALFVY $ALFVF - Alfa Laval AB (publ) GAAP EPS of SEK 2.75, revenue of SEK 11.85B",Financials,Earnings,False
1746,"$FNBT - FineMark Holdings GAAP EPS of $0.59, revenue of $27.3M",Financials,Earnings,False
1747,"$CSHX - Cashmere Valley Bank GAAP EPS of $0.34, revenue of $12.13M",Financials,Earnings,False
1748,"$NIC - Nicolet Bankshares GAAP EPS of $1.73 beats by $0.04, revenue of $69.22M beats by $11.88M",Financials,Earnings,False
1749,"$BCNAF - Barco NV GAAP EPS of Є0.25, revenue of Є473M",Financials,Earnings,False
1750,"$TELNF - Telenor ASA GAAP EPS of -NOK0.08, revenue of NOK28.04B beats by NOK25.35B",Financials,Earnings,False
1751,"$SGSOF - SGS SA Non-GAAP EPS of CHF40.37, revenue of CHF3.26B misses by CHF90M",Financials,Earnings,False
1752,$AREC - American Resources cheers significant estimated Y/Y growth in Q2 revenue,Financials,Company | Product News,False
1753,"$ATLKY - Atlas Copco GAAP EPS of MSEK1.17 beats by MSEK1.08, revenue of MSEK33.11B beats by $30.09B",Financials,Earnings,False
1754,"$HNSBF - GAAP EPS of -SEK6.94, revenue of SEK56.7M",Financials,Earnings,False
1755,"$MLI - Mueller GAAP EPS of $3.65, revenue of $1.15B",Financials,Earnings,False
1756,"$TFC - Truist Financial Non-GAAP EPS of $1.20 beats by $0.05, revenue of $5.66B beats by $10M",Financials,Earnings,False
1757,$FWRD - Forward Air raises Q2 EPS and revenue view above estimates,Financials,Stock Commentary,False
1758,"$FNGR - FingerMotion GAAP EPS of -$0.03, revenue of $4.86M",Financials,Earnings,False
1759,$APLD - Applied Blockchain expects higher FQ4 projected revenue,Financials,Company | Product News,False
1760,"$FBK - FB Financial Non-GAAP EPS of $0.64 misses by $0.15, revenue of $135.38M misses by $4.97M",Financials,Earnings,False
1761,"$IVSXF - Investor AB GAAP EPS of -SEK43.93, revenue of SEK23.93B",Financials,Earnings,False
1762,$WFC - Wells Fargo sees 2022 net interest income growing 20% from last year,Financials,Earnings,False
1763,"$WFC - Wells Fargo Q2 earnings decline hurt by VC, mortgage, investment banking",Financials,Earnings,False
1764,"$PNC - PNC Financial Non-GAAP EPS of $3.42 beats by $0.31, revenue of $5.12B misses by $10M",Financials,Earnings,False
1765,"$BLK - BlackRock Q2 earnings miss estimates amid volatile markets for stocks, bonds",Financials,Earnings,False
1766,"$UNH - UnitedHealth Non-GAAP EPS of $5.57 beats by $0.37, revenue of $80.3B beats by $620M, raises FY22 guidance",Financials,Earnings,False
1767,$BVN - Buenaventura reports Q2 production and volume sold output; updates FY22 guidance,Financials,Company | Product News,False
1768,"$ICPBF $INQ:CA - Inscape GAAP EPS of $0.02, revenue of $11M",Financials,Earnings,False
1769,$MDPCF $MPC.C:CA $MPC:CA - Madison Pacific Properties GAAP EPS of $0.60,Financials,Earnings,False
1770,"$MICS - Singing Machine GAAP EPS of $0.14, revenue of $47.51M",Financials,Earnings,False
1771,"$WRIV - White River Bancshares GAAP EPS of $1.79, revenue of $9.81M",Financials,Earnings,False
1772,$TURN - 180 Degree Capital estimates Q2 NAV to decline,Financials,Stock Commentary,False
1773,"$FMBL - Farmers &amp; Merchants Bank of Long Beach GAAP EPS of $228.51, revenue of $82.86M",Financials,Earnings,False
1774,"$ORKLY - Orkla Non-GAAP EPS of NOK1.33, revenue of NOK14.3B beats by NOK12.95B",Financials,Earnings,False
1775,$PCRX - Pacira BioSciences sees Q2 revenue below consensus,Financials,Earnings,False
1776,$GOLD - Barrick Gold maintains full-year production view after preliminary Q2 results,Financials,Gold | Metals | Materials,False
1777,$MS - Morgan Stanley Q2 earnings trail consensus as volatile markets take their toll,Financials,Earnings,False
1778,$JPM - JPMorgan Chase Q2 earnings miss consensus as investment banking fees sink,Financials,Earnings,False
1779,"$LOGN - Logansport Financial GAAP EPS of $1.35, revenue of $2.11M",Financials,Earnings,False
1780,"$FTGFF - Firan Technology GAAP EPS of C$0.00, revenue of C$22.32M",Financials,Earnings,False
1781,$PKANF - Simply Better Brands raises annual outlook on better-than-expected Q2 results,Financials,Earnings,False
1782,$MJNA - Medical Marijuana's Kannaway reports largest revenue month for Japan division,Financials,Earnings,False
1783,"$PEP - PepsiCo tops consensus in Q2, reaffirms FY2022 outlook",Financials,Earnings,False
1784,$NGD - New Gold cuts full-year gold production guidance on flooding at Rainy River,Financials,Dividend,False
1785,$COHU - Cohu expects to report Q2 revenue beat,Financials,Stock Movement,False
1786,$DMLRY - Mercedes Benz sales hit hard by persistent supply chain issues,Financials,General News | Opinion,False
1787,PwC set for record revenues as it rejects audit and consulting split,Financials,Financials,True
1788,"Just in: Net income at JPMorgan Chase dropped nearly 30% in the second quarter of the year, the bank said",Financials,Earnings,False
1789,United Airlines 2Q profit of $329M misses Wall Street target,Financials,Earnings,False
1790,"IBM beats quarterly revenue estimates, warns of $3.5 billion forex hit  https://t.co/vB4GMjsNZJ",Financials,Earnings,False
1791,"Heard on the Street: Quarterly sales from Burberry and Cartier-owner Richemont beat expectations, but there are signs that frenzied buying has peaked",Financials,General News | Opinion,False
1792,$AMD - AMD: Revenue On Track To Triple By 2025.  https://t.co/LxUMjZtWSl #economy #stocks #business,Financials,Earnings,False
1793,"$HAL - Halliburton Reports Big Q2 2022 Beat On Much Better Revenue, Strong Margins.  https://t.co/MSnwjOI7lf #stocks #business #economy",Financials,Earnings,False
1794,$ADSK - Autodesk: Revenue Growth Driven By Transition To Direct Sales.  https://t.co/SSntdfeOuk #business #markets #stocks,Financials,Earnings,False
1795,"$DIS - The Walt Disney Co. Could Miss Subscriber, Profit Estimates.  https://t.co/LgpLak9aYN #economy #stockmarket #business",Financials,Earnings,False
1796,$NCNO - nCino Grows Revenue While Operating Losses Mount.  https://t.co/YL7LVWSK0x #stocks #business #markets,Financials,Earnings,False
1797,$NVO - Novo Nordisk: EPS Growth With Impressive Relative Strength.  https://t.co/U4PNL5Ks5J #trading #investing #stockmarket,Financials,Earnings,False
1798,"Tesla reported second-quarter earnings that beat Wall Street estimates, reflecting the company’s progress in getting production back on track",Financials,Earnings,False
1799,"ASML, Europe’s largest semiconductor equipment maker, halves its sales growth guidance for this year",Financials,Macro,False
1800,"Netflix lost 970,000 subscribers in the second quarter, less than half what Wall Street feared",Financials,Earnings,False
1801,"IBM reported sales that topped analysts’ estimates, signaling that demand for mainframe computers, consulting and cloud services remains strong amid concerns of a pullback in tech spending",Financials,Earnings,False
1802,Deliveroo slashes its projections for sales growth this year after the value of transactions on its platform grew more slowly in the latest quarter,Financials,Earnings,False
1803,"Delta fell short of profit expectations in the second quarter and said high operating costs will persist through the rest of the year, weighing on a possible rebound",Financials,Earnings,False
1804,Goldman Sachs profits nearly halve as dealmaking slows,Financials,Earnings,False
1805,Swiss investment group GAM issues profit warning,Financials,Earnings,False
1806,Citigroup beats estimates as trading strength offsets drop in dealmaking,Financials,Earnings,False
1807,"WATCH: Monopoly maker Hasbro reported a 10% rise in quarterly adjusted earnings, beating market estimates for quarterly profit  https://t.co/1ohA06LTn0",Financials,Earnings,False
1808,"Akzo Nobel reports Q2 profit miss hit by China lockdowns, weaker Europe  https://t.co/MQkm53Gx2J",Financials,Earnings,False
1809,"WATCH: Hasbro reported a 10% rise in quarterly adjusted earnings, helped by demand for the toymaker's tabletop game ‘Magic: The Gathering’  https://t.co/1ohA06uivs",Financials,Earnings,False
1810,"WATCH: As consumers trim their spending amid a worsening cost of living crisis, British food delivery app Deliveroo slashed its full-year revenue guidance to the range of 4% to 12%  https://t.co/Cyi2VViYwa",Financials,Earnings,False
1811,Bank of America posts drop in quarterly profit as dealmaking slumps  https://t.co/yXxXi1Oppo,Financials,Earnings,False
1812,Finland's Nordea posts higher profit amid economic uncertainty  https://t.co/e4SFvnnkgs,Financials,Earnings,False
1813,WATCH: Clothing brand Uniqlo reported record profits of about $587 million for the three months to the end of May as Fast Retailing shares surged to the highest level this year in Tokyo  https://t.co/VI1UEXPju4,Financials,Earnings,False
1814,"JPMorgan suspends buybacks, warns on global economy as profit slumps  https://t.co/nQWD6UTgbn",Financials,Earnings,False
1815,PageGroup profit swells as employers fast-track hiring  https://t.co/Vfm5fhTgPr,Financials,Earnings,False
1816,BASF says Q2 operating income well above projections  https://t.co/xZ3SGKQxty,Financials,Earnings,False
1817,U.S. bank profits to tumble on higher bad loan reserves  https://t.co/XGKjMWd4of,Financials,Earnings,False
1818,"Demand reduction is necessary to resist Russia’s gas blackmail, but so is sharing the cost, says @LionelRALaurent  https://t.co/Hdt8HCSXku via @opinion",General News | Opinion,General News | Opinion,True
1819,The dollar is the only thing that's up. Here's what that means for you,General News | Opinion,Currencies,False
1820,Rail infrastructure is at risk of buckling in heat waves hitting transit systems from the United States to the United Kingdom,General News | Opinion,General News | Opinion,True
1821,The face-off between China property developers and disgruntled homeowners looks set to continue,General News | Opinion,Legal | Regulation,False
1822,"Finland sells its hoard of confiscated Bitcoins just as the market for crypto cools, raising less than previously anticipated",General News | Opinion,Stock Movement,False
1823,Inflation is here and a recession is looming. How should you prepare?,General News | Opinion,Macro,False
1824,The best new place to stay in the French countryside,General News | Opinion,General News | Opinion,True
1825,"Russia resumes gas shipments, Draghi's plan backfires, and the ECB will unveil a new tool.   Here's what people are talking about 🔽",General News | Opinion,Fed | Central Banks,False
1826,NEW: Billionaire Vincent Bollore wants to create a European empire that will rival Netflix and Walt Disney ⁠— with a conservative twist  Read The Big Take ⬇️,General News | Opinion,M&A | Investments,False
1827,The oldest-ever male giant panda in captivity has died at age 35 at a Hong Kong theme park after his health deteriorated (via AP),General News | Opinion,General News | Opinion,True
1828,"The Secret Service may have violated the Federal Records Act by not preserving text messages of 24 employees from the day before and during the US Capitol attack, leaders of the House Jan. 6 panel said",General News | Opinion,Legal | Regulation,False
1829,Beijing’s strict “Covid-zero” rules have kept Chinese gamblers at home and caused Macau to fall behind Las Vegas in gambling revenue    https://t.co/T6tcam4jzt via @BW,General News | Opinion,Macro,False
1830,"Today on Bloomberg Deals, we're looking at the investing career of NFL free agent Ndamukong Suh, the latest in the Musk/Twitter spat and a SPAC scoop.",General News | Opinion,General News | Opinion,True
1831,"If President Biden thinks climate is a national emergency, he should focus on the most efficient way to reduce fossil fuel consumption: Raise its price relative to alternatives, says @portereduardo  https://t.co/OOycwkSsaI via @opinion",General News | Opinion,Politics,False
1832,"Turkish artillery strikes in the semi-autonomous Kurdistan region of northern Iraq have left 8 people dead and 23 wounded, the government in Baghdad says",General News | Opinion,Legal | Regulation,False
1833,Japan isn’t seeing a flood of tourists even after the country began taking steps to reopen its borders to tourists for the first time in more than two years,General News | Opinion,Macro,False
1834,An initial case over suspected Russian war crimes in Ukraine could be presented by the end of the year or early next year,General News | Opinion,Legal | Regulation,False
1835,"In one LA neighborhood, capitalism may hold the key to solving the affordable-housing crisis (via @BW)",General News | Opinion,General News | Opinion,True
1836,"As the crypto rout drags on, Sam Bankman-Fried has put up about $1 billion to expand his empire.  To his fans, he’s keeping the industry afloat. But he’s also positioning himself to become a crypto baron",General News | Opinion,Stock Movement,False
1837,Investors are learning that online advertising stocks may be just as vulnerable as old-school media companies amid a looming potential economic downturn,General News | Opinion,Macro,False
1838,"France is urging citizens to switch off lights, unplug the wifi and lower air conditioning to save energy as Russia’s war in Ukraine leads to soaring power costs and threatens supply",General News | Opinion,Energy | Oil,False
1839,"Russia will try to annex parts of Ukraine later this year, US National Security Council spokesman John Kirby says  Latest updates:  https://t.co/qGa4ptk8k1",General News | Opinion,Politics,False
1840,"Indonesia’s constitutional court rejects requests to use marijuana for medical purposes, though it did crack the door for potential future use by ordering a government review on categorizing narcotics",General News | Opinion,Legal | Regulation,False
1841,"Being a digital nomad sounds cool. But there are good reasons not to untether yourself from the mothership, says @adwooldridge  https://t.co/k9RuDimeRD via @opinion",General News | Opinion,General News | Opinion,True
1842,"“He’s not doing this out of the goodness of his own heart.”  Sam Bankman-Fried, the 30-year-old billionaire founder of FTX, is using this moment of crypto carnage to expand his already vast empire.  Read The Big Take ⬇️",General News | Opinion,Personnel Change,False
1843,High temperatures continue to bring severe disruption to UK rail services,General News | Opinion,Macro,False
1844,"Countries that took a hard line on Covid-19 at the start of the pandemic are proving reluctant to enforce mandates again, even as cases mount",General News | Opinion,Macro,False
1845,"British retailers need to do more to improve diversity at the top of their businesses to better reflect the consumers they serve, according to a new report",General News | Opinion,General News | Opinion,True
1846,New EU rules requiring messaging services like iMessage and WhatsApp to talk to each other are raising alarms over personal privacy  https://t.co/LAYNDDCP66 via @BW,General News | Opinion,Legal | Regulation,False
1847,"“He’s not doing this out of the goodness of his own heart.”  Sam Bankman-Fried, the 30-year-old billionaire founder of FTX, is using this moment of crypto carnage to expand his already vast empire.  Read The Big Take ⬇️",General News | Opinion,Personnel Change,False
1848,"The UK has made little progress in settling disputes with suppliers of personal-protective gear that turned out to be of little use in the pandemic, potentially wasting as much as £2.7 billion pounds in taxpayers’ money",General News | Opinion,Legal | Regulation,False
1849,These are the cities where rents have risen the most,General News | Opinion,General News | Opinion,True
1850,"After years of bulking up, the biggest tech companies are bracing for recession and slowing hiring",General News | Opinion,Macro,False
1851,The keeper of federal records asked the Secret Service to determine whether any text messages by agents around the time of the Jan. 6 attack on the US Capitol were improperly deleted,General News | Opinion,Politics,False
1852,"From just a handful of monkeypox cases in Europe in early May, more than 13,000 cases, mostly in men, have been reported across dozens of countries by mid-July. Here's what it means",General News | Opinion,Currencies,False
1853,Climate change-driven heat events will become more frequent and intense for decades to come (via @climate),General News | Opinion,Macro,False
1854,"Expect more frequent and intense heat waves for decades to come, the UN says",General News | Opinion,Macro,False
1855,"What's the most luxurious, longest-lasting faux leather? These startups have the key",General News | Opinion,General News | Opinion,True
1856,"Reeling from a first half where the ETF market shrank by $1 trillion, fund issuers may get help from a new class of funds — single-stock products",General News | Opinion,General News | Opinion,True
1857,China's rich are trying to pull an exit with the second-largest predicted wealth outflow for a country this year.  The big question hanging over them is whether Xi Jinping’s government will let them leave.  Read The Big Take ⬇️,General News | Opinion,Politics,False
1858,A fungus collected from a hot spring in Yellowstone is now on the menu at Le Bernardin. It also might hold the key to solving world hunger,General News | Opinion,Company | Product News,False
1859,"After 76 years, the Blue Angels have their first female demonstration pilot",General News | Opinion,Personnel Change,False
1860,"Sam Bankman-Fried, the crypto billionaire who tried to bail out ailing firms during the industry’s implosion, said the turmoil has prompted investors to link valuations to profitability rather than just revenue",General News | Opinion,Stock Commentary,False
1861,Americans spend more on prescription drugs than anyone else in the world.   Here's a look at why prescription drug prices in the US are so high,General News | Opinion,General News | Opinion,True
1862,"Nearly 400 law enforcement officials rushed to the May 24 mass shooting that left 21 people dead at a Uvalde elementary school, a report shows  https://t.co/19Qx2F3AxR via @AP",General News | Opinion,Legal | Regulation,False
1863,The very oldest trees are good at standing up to changes in climate — that’s one of their superpowers — but there are some threats that even they can’t endure  https://t.co/MaCTdCeg7H via @opinion,General News | Opinion,General News | Opinion,True
1864,China's wealthy are looking to flee the country after being scarred by the nation's strict Covid Zero lockdowns. Getting out is anything but easy,General News | Opinion,Politics,False
1865,The Queen carries on with her royal duties during the heatwave despite the UK facing its hottest day on record,General News | Opinion,General News | Opinion,True
1866,"The Vatican is set to centralize the financial investments of its institutions, in a bid to turn the page on decades of scandals that have tarnished the reputation of the Catholic church",General News | Opinion,Legal | Regulation,False
1867,"After years of price battles to attract and keep customers, wireless carriers are, for the moment, in a position to take away those treats and raise rates without any immediate backlash",General News | Opinion,Stock Commentary,False
1868,"The dollar has taken on many of the attributes of a meme stock, writes Jared Dillian (via @opinion)",General News | Opinion,General News | Opinion,True
1869,How did the South Beach Diet become such a sensation?,General News | Opinion,General News | Opinion,True
1870,"As Europe bakes in a heatwave, about 14 1/2 inches of water are now all that’s preventing parts of the continent from being effectively cut-off from supplies of vital commodities",General News | Opinion,Energy | Oil,False
1871,Stronger winds in Europe will increase wind power generation and provide some relief to soaring power prices this week,General News | Opinion,Energy | Oil,False
1872,"Undeterred by European airport chaos and double-digit inflation, visitors are flocking back to Spain’s sun-drenched beaches in near-record numbers",General News | Opinion,Company | Product News,False
1873,Ghana declares the country’s first outbreak of Marburg virus disease after a World Health Organization laboratory confirmed earlier test results,General News | Opinion,Legal | Regulation,False
1874,China's rich are trying to pull an exit with the second-largest predicted wealth outflow for a country this year.  The big question hanging over them is whether Xi Jinping’s government will let them leave.  Read The Big Take ⬇️,General News | Opinion,Politics,False
1875,The best restaurant in the world is in a football stadium,General News | Opinion,General News | Opinion,True
1876,A Turkish businessman accused of helping a Los Angeles man and polygamists from a Utah family launder $133 million was detained without bail,General News | Opinion,Legal | Regulation,False
1877,These are the cities where rents have soared the most  https://t.co/JSpxY7jWZU,General News | Opinion,General News | Opinion,True
1878,#5things: China may allow mortgage grace period. Apple plans to slow hiring. Biden wants to limit chipmakers' China expansion.  Here's what you need to know today. ⬇️,General News | Opinion,General News | Opinion,True
1879,The best restaurant in the world is located in a football stadium,General News | Opinion,General News | Opinion,True
1880,"A powerful rainstorm swept over New York City Monday afternoon, flooding a major highway and subway line",General News | Opinion,General News | Opinion,True
1881,"At Bear Stearns, manipulating the gold futures market with bogus spoof orders was “common practice,” especially for its top trader, Gregg Smith, a former colleague told jurors",General News | Opinion,Legal | Regulation,False
1882,"It will take almost a lifetime — or seven decades — for US colleges and universities to achieve racial parity among its freshman class, according to analysis by McKinsey &amp; Co.",General News | Opinion,General News | Opinion,True
1883,Scenes from people grappling with the heat,General News | Opinion,General News | Opinion,True
1884,"Office buildings that have been retrofitted into apartments can be particularly vulnerable to extreme heat, thanks to their poor ventilation and other design features.",General News | Opinion,General News | Opinion,True
1885,"Today on Bloomberg Deals: Haleon joins the ranks of London’s listed titans, a big banking deal in Australia and the road ahead for Marcelo Claure",General News | Opinion,M&A | Investments,False
1886,"A program at the center of a $34 million contract fight between New Jersey and its health insurer delivered no apparent savings, one reason why the state's health-care expenses are spiking",General News | Opinion,Legal | Regulation,False
1887,A brutal heatwave is sweeping through Europe and impacting everything from transport to food and energy production,General News | Opinion,Macro,False
1888,"In a new series from @citylab, @mslaurabliss uncovers how the far right is making inroads to local government — and how people are fighting back.  Episodes begin July 20. Subscribe to “Bedrock, USA” now on @iHeartRadio or wherever you get your podcasts  https://t.co/ZRz6TQ5MDB",General News | Opinion,Politics,False
1889,The City of London has scrapped its black-tie dress code for the Square Mile’s most prestigious annual dinner as part of a move to modernize the event,General News | Opinion,General News | Opinion,True
1890,"As recession looms, what are the risks Wall Street is watching for long term?",General News | Opinion,Macro,False
1891,"As a recession looms over markets, here’s what Wall Street heavy hitters say are the next big risks for investors.  Read The Big Take ⬇️",General News | Opinion,Macro,False
1892,"Doctors, nurses, teachers and police are prepared to strike if they’re asked to take a real-term pay cuts, union officials say",General News | Opinion,Personnel Change,False
1893,A procedure pioneered by a brain-computer interface startup will help an ALS patient text by thinking—representing a major step forward in a nascent industry  https://t.co/CTpIY6OA6y via @BW,General News | Opinion,Company | Product News,False
1894,"After a disappointing experience, the drugmakers behind controversial Alzheimer's therapy Aduhelm are not giving up and have another treatment on the way.",General News | Opinion,Company | Product News,False
1895,"The UK government intervenes in a London legal spat between Kuwait’s sovereign wealth fund and an ex-manager, after the fund was ordered by a court to hand over “sensitive” documents",General News | Opinion,Legal | Regulation,False
1896,The days when investors had to shell out thousands of dollars to buy a single share of some of the world's biggest tech companies are gone,General News | Opinion,General News | Opinion,True
1897,EXCLUSIVE: China may allow homeowners who are boycotting their mortgages on stalled property projects to halt payments without incurring penalties  https://t.co/CU1J2U2xoi,General News | Opinion,General News | Opinion,True
1898,"As a recession looms over markets, here’s what Wall Street heavy hitters say are the next big risks for investors.  Read The Big Take ⬇️",General News | Opinion,Macro,False
1899,Thousands of people have been forced to flee their homes across Europe as deadly wildfires sparked by soaring temperatures burn down swathes of woodland and threaten to destroy homes,General News | Opinion,Macro,False
1900,"Four people, including a gunman, were killed Sunday evening at an Indiana mall after a man with a rifle opened fire in a food court and an armed civilian shot him, police said (via AP)",General News | Opinion,General News | Opinion,True
1901,Chinese people are refusing to pay mortgages and getting beaten up for protesting at banks. The troubles may just be getting started  https://t.co/V1eImZNbf9 via @opinion,General News | Opinion,Legal | Regulation,False
1902,#5things: Ukraine's state security head removed on alleged Russia ties. US confident Gulf producers will boost oil output. Supply chains inch back to normal.  Here's what you need to know ⬇️,General News | Opinion,Politics,False
1903,"NEW: As a recession looms over markets, here’s what Wall Street heavy hitters say are the next big risks for investors.  Read The Big Take ⬇️",General News | Opinion,Macro,False
1904,"Three Arrows became the most important hedge fund in crypto. But when the price of Bitcoin fell, the fund's sudden collapse revealed how interconnected the crypto industry is",General News | Opinion,General News | Opinion,True
1905,Why now is the best time to ask for a raise and other job perks,General News | Opinion,General News | Opinion,True
1906,The mental-health emergency number 988 will link to about 200 local crisis centers when it launches across the US next month.   Some will need to scramble to get ready,General News | Opinion,General News | Opinion,True
1907,Britons were hoping this summer would mark the return of vacations abroad and cheap flights to continental Europe. But chaos at airports and sweltering temperatures at home mean many are choosing to simply head to seaside towns,General News | Opinion,General News | Opinion,True
1908,Thousands of UK patients with long Covid are leaving the country to seek expensive unproven treatments such as “blood washing”,General News | Opinion,General News | Opinion,True
1909,These are the worst airports in Europe for delays right now  https://t.co/ZEGSi9CBzx,General News | Opinion,General News | Opinion,True
1910,"Saudi Arabia will open its airspace to all airlines, including flights to and from Israel, in what's seen as a win for US President Joe Biden",General News | Opinion,Politics,False
1911,"The Saudi crown prince’s urban megaproject is supposed to have a ski resort, swim lanes for commuters, and “smart” everything. It’s going great—for the consultants",General News | Opinion,General News | Opinion,True
1912,"A new ETF-for-everything era may have just begun on Wall Street, swelling an industry that already boasts nearly 3,000 products and $6.2 trillion in assets",General News | Opinion,Stock Commentary,False
1913,"MBS's futuristic desert megaproject is supposed to have a ski resort, swim lanes for commuters, and ""smart"" everything.  Even with a $500 billion budget, Neom's builders say it’s sliding into science fiction.  Read The Big Take ⬇️  https://t.co/FTi2MHjABM via @BW",General News | Opinion,Stock Commentary,False
1914,Is the US in a recession? Here's what you need to know and how to prepare,General News | Opinion,Macro,False
1915,"Three Arrows became the most important hedge fund in crypto. But when the price of Bitcoin fell, the fund's sudden collapse revealed how interconnected the crypto industry is",General News | Opinion,Stock Commentary,False
1916,"The crypto market has been ravaged by turmoil lately, but Bitcoin's late-week bounce may be signaling an ""all clear""",General News | Opinion,Stock Commentary,False
1917,"A new ETF-for-everything era may have just begun on Wall Street, swelling an industry that already boasts nearly 3,000 products and $6.2 trillion in assets",General News | Opinion,Stock Commentary,False
1918,"Raj Rajaratnam, former inmate 62785-054, is searching for his next big trade",General News | Opinion,General News | Opinion,True
1919,California’s historic drought may leave the state with the largest amount of empty farmland in recent memory as farmers face unprecedented cuts to crucial water supplies,General News | Opinion,Macro,False
1920,The world's best coffee makers are turning to moldy beans to make their brews taste even better,General News | Opinion,General News | Opinion,True
1921,Camilla at 75: Duchess of Cornwall marks milestone birthday. Via @AP,General News | Opinion,General News | Opinion,True
1922,"The latest action from the British Open, via @AP",General News | Opinion,General News | Opinion,True
1923,"In China, where activism is increasingly suppressed and where art and literature are closely scrutinized, one artist gets his environmental message across. For now.",General News | Opinion,General News | Opinion,True
1924,"MBS's futuristic desert megaproject is supposed to have a ski resort, swim lanes for commuters, and ""smart"" everything.  Even with a $500 billion budget, Neom's builders say it’s sliding into science fiction.  Read The Big Take ⬇️  https://t.co/HiCVsIKVPI via @BW",General News | Opinion,General News | Opinion,True
1925,The global competition with China is also showcasing how there are some geographies that were forgotten in the post-Cold War decades,General News | Opinion,General News | Opinion,True
1926,"It was supposed to be a post-Covid-19 summer. Masks are gone in most places, and vacation season is in full swing. But the reality confronting people is that the virus hasn't gone away",General News | Opinion,General News | Opinion,True
1927,"The Saudi crown prince’s urban megaproject is supposed to have a ski resort, swim lanes for commuters, and “smart” everything. It’s going great—for the consultants",General News | Opinion,General News | Opinion,True
1928,"MBS's futuristic desert megaproject is supposed to have a ski resort, swim lanes for commuters, and ""smart"" everything.  Even with a $500 billion budget, Neom's builders say it’s sliding into science fiction.  Read The Big Take ⬇️  https://t.co/F0inV0esVK via @BW",General News | Opinion,General News | Opinion,True
1929,"In China, where activism is increasingly suppressed and where art and literature are closely scrutinized, one artist gets his environmental message across. For now.",General News | Opinion,General News | Opinion,True
1930,"CEOs who live within a few miles of their office can improve the performance of their company, according to new research (via @citylab)",General News | Opinion,General News | Opinion,True
1931,Macau will extend a city-wide shutdown as the gaming hub struggles to contain its worst ever Covid-19 outbreak,General News | Opinion,General News | Opinion,True
1932,"It was supposed to be a post-Covid-19 summer. Masks are gone in most places, and vacation season is in full swing. But the reality confronting people is that the virus hasn't gone away",General News | Opinion,General News | Opinion,True
1933,Here's the latest news on Russia's invasion of Ukraine,General News | Opinion,Politics,False
1934,A financial-market crisis focused on Italy might usher in the worst turmoil in the history of the euro,General News | Opinion,Macro,False
1935,US President Biden said Saudi Arabia had committed to extending and strengthening a UN-mediated truce in Yemen,General News | Opinion,Politics,False
1936,"Venture capitalist Matthew Ball has written an explanatory guide to the metaverse, which he sees as a practical business opportunity",General News | Opinion,General News | Opinion,True
1937,"Step aside, makeup tutorials and viral dance challenges — TikTok for urban planning has arrived  https://t.co/zeZmxmSStA via @citylab",General News | Opinion,General News | Opinion,True
1938,The latest Weekly Fix takes a look at why we're hanging on every word Fed officials say  @kgreifeld explains:,General News | Opinion,Fed | Central Banks,False
1939,Russia remains barred from international soccer competitions including the Champions League after the Court of Arbitration for Sport rejected appeals by the national soccer federation and four clubs  https://t.co/VORi4B19OV via @AP,General News | Opinion,Legal | Regulation,False
1940,"For bulls searching for signals that the worst is over, the exodus from smaller companies is ominous because the group is traditionally viewed as the most exposed to the domestic economy",General News | Opinion,Stock Movement,False
1941,"In many states, demand for baby formula is still outstripping supply",General News | Opinion,General News | Opinion,True
1942,"The US and Russian space agencies have agreed to resume having crew members ride to the International Space Station on each others’ rockets, NASA said Friday",General News | Opinion,M&A | Investments,False
1943,The mental-health emergency number 988 will link to about 200 local crisis centers when it launches across the US next month.   Some will need to scramble to get ready,General News | Opinion,General News | Opinion,True
1944,"After a seven-month wait, Sony's ""Spider-Man: No Way Home"" is finally making its streaming debut",General News | Opinion,Company | Product News,False
1945,The Zenith 585 cleanly slices envelopes while sparing you paper cuts,General News | Opinion,Company | Product News,False
1946,Abortion on a boat? Reproductive rights activists are looking to mobile solutions where abortion is now illegal,General News | Opinion,Legal | Regulation,False
1947,"China is censoring crowd-sourced documents tallying the number of mortgage boycotts spreading across the country, potentially hampering a key source of data for global investors and researchers tracking the property crisis",General News | Opinion,Legal | Regulation,False
1948,Silicon Valley and manufacturing don't always go together. These DeepMind alums have built a startup to bring machine learning to the giants of industry,General News | Opinion,Company | Product News,False
1949,"MBS's futuristic desert megaproject is supposed to have a ski resort, swim lanes for commuters, and ""smart"" everything.  Even with a $500 billion budget, Neom's builders say it’s sliding into science fiction.  Read The Big Take ⬇️  https://t.co/xoTJIe72Rd via @BW",General News | Opinion,M&A | Investments,False
1950,Poland has racked up 237 million euros in unpaid fines since the EU’s top court issued a record penalty over democratic backsliding last year,General News | Opinion,Legal | Regulation,False
1951,Airport baggage chaos is getting so bad that people are using AirTags to keep tabs on their bags,General News | Opinion,General News | Opinion,True
1952,11 fine writing instruments when a Bic won't cut it,General News | Opinion,Company | Product News,False
1953,A society-altering shift is happening now with electric vehicles (via @climate),General News | Opinion,Macro,False
1954,"MBS's futuristic desert megaproject is supposed to have a ski resort, swim lanes for commuters, and ""smart"" everything.  Even with a $500 billion budget, Neom's builders say it’s sliding into science fiction.  Read The Big Take ⬇️  https://t.co/Fh42w1ULYP via @BW",General News | Opinion,M&A | Investments,False
1955,"UK researchers who analyzed decades of data found that two drugs sold under the brand names Lunesta and Dayvigo appear to perform better than others, including Ambien, in treating insomnia",General News | Opinion,Dividend,False
1956,The baggage chaos at airports is getting so bad that travelers are turning to AirTags and similar devices to keep tabs on their belongings,General News | Opinion,General News | Opinion,True
1957,"JUST IN: Saudi Arabia will open its airspace to all airlines, including flights to and from Israel, as Biden aims to improve relations in the Middle East",General News | Opinion,Politics,False
1958,What's the best EV for you?  Explore our new interactive dashboard,General News | Opinion,Macro,False
1959,Take note! These stationery cards will make you want to hand-write everything from thank yous to congratulations.,General News | Opinion,Company | Product News,False
1960,Airport baggage chaos is getting so bad that people are using AirTags to keep tabs on their bags,General News | Opinion,General News | Opinion,True
1961,Chinese property is again grabbing the attention of global investors — this time for all the wrong reasons,General News | Opinion,General News | Opinion,True
1962,"NTSB: dad, not boy, was driving truck that hit golfers' van",General News | Opinion,General News | Opinion,True
1963,"New York’s first retail licenses to sell recreational cannabis will go to applicants who were convicted of marijuana-related offenses before recreational pot was legalized, or whose relatives were found guilty of a crime connected to pot",General News | Opinion,Legal | Regulation,False
1964,🎙If you've ever interacted with Bitcoin maximalists you might find some of them to be...abrasive. And it's not just no-coiners who are the target of scorn.  #OddLots breaks down Bitcoin maximalist culture  Apple ▶️  https://t.co/wJkL5kOD09 Spotify ▶️  https://t.co/aO31oTzWsP,General News | Opinion,General News | Opinion,True
1965,"Europe's fashion industry was never known for its diversity. Now, a first-of-its kind report shows just far it has to go",General News | Opinion,General News | Opinion,True
1966,"The Dutch state is considering becoming a shareholder of three struggling network operators, in a bid to prevent further bottlenecks in the country’s clogged grid",General News | Opinion,Legal | Regulation,False
1967,Airport baggage chaos is getting so bad that people are using AirTags to keep tabs on their bags,General News | Opinion,General News | Opinion,True
1968,Planned strikes by hundreds of UK bus workers have been suspended while a ballot is held on a new pay offer,General News | Opinion,General News | Opinion,True
1969,Global shocks have forced Europe to turn back towards coal power. Heat waves drying out swaths of the continent show the danger of backsliding on climate goals,General News | Opinion,Macro,False
1970,"A group fighting antitrust legislation targeting the biggest US tech companies presents itself as a grassroots advocate for American taxpayers. Yet, it hasn't disclosed a significant source of funding from one of the industry's giants: Amazon",General News | Opinion,Legal | Regulation,False
1971,A startup wants to give workers with wanderlust (and disposable income) a taste of the van life with RV camps that resemble a WeWork,General News | Opinion,General News | Opinion,True
1972,"""Russia’s actions are not the actions of a government that upholds international norms and laws""",General News | Opinion,Politics,False
1973,"South Africa’s rooibos tea industry paid 12.2 million rand ($716,000) to groups representing indigenous people in the country, part of a benefit-sharing agreement to recognize the original cultivators of the plant",General News | Opinion,Legal | Regulation,False
1974,A financial-market crisis focused on Italy might augur the worst turmoil in the history of the euro,General News | Opinion,Macro,False
1975,An impasse on how to characterize the economic fallout from Russia’s invasion of Ukraine is hanging over prospects for agreement on it and related issues as G-20 finance chiefs gather for meetings in Bali,General News | Opinion,Macro,False
1976,"A painting that is ""most certainly"" a previously unknown self-portrait of Vincent Van Gogh has been discovered",General News | Opinion,General News | Opinion,True
1977,A third of the meals surveyed by campaign group Action on Salt contained 2g or more of salt — two-thirds of a four to six year old's maximum daily limit,General News | Opinion,General News | Opinion,True
1978,"Shanghai reported the fewest new Covid-19 cases in a week for Wednesday, with all infected people already in government-run quarantine, a sign the city may avoid tighter restrictions as the outbreak comes under control",General News | Opinion,Currencies,False
1979,Lombard Odier teams up with cast of billionaires to start new climate-tech fund,General News | Opinion,Financials,False
1980,Most of the emergency housing vouchers created for people in crisis as part of the federal pandemic relief effort are now spoken for (via @citylab),General News | Opinion,General News | Opinion,True
1981,"The CPI data landed like a gut punch on markets, which then mostly recovered. Why? Wall Street cited everything from valuations to stale data to a belief that the worst is over",General News | Opinion,Earnings,False
1982,"There’s a new world’s thinnest watch in town, and it’s a Ferrari",General News | Opinion,Company | Product News,False
1983,Billionaire real estate investor Sam Zell has a stark warning for the Federal Reserve: Break that inflation mentality,General News | Opinion,Stock Commentary,False
1984,"Talks held in Istanbul with representatives from Ukraine, Russia and Turkey in an effort to keep Ukraine crops moving were constructive, Turkey said, with parties set to resume meetings next week",General News | Opinion,Politics,False
1985,"In today's Bloomberg Deals newsletter, we talk to the private equity firm of NFL great Steve Young, recap the epic Twitter filing and Unity does a $4 billion acquisition",General News | Opinion,M&A | Investments,False
1986,Steve Young is among the more ambitious retired NFL players who have pursued business careers after their playing days,General News | Opinion,General News | Opinion,True
1987,Swiss-franc mortgages are coming back to haunt foreign lenders years after they reduced their Polish operations to a minimum,General News | Opinion,Currencies,False
1988,"With bold pay requirements, indecisiveness and disappearing acts, young job seekers are making recruiters' jobs harder",General News | Opinion,General News | Opinion,True
1989,The UAE aims to continue using its hydrocarbon wealth to attract international investors as the Persian Gulf state aims to expand its economy and prepare for a post-oil age,General News | Opinion,Energy | Oil,False
1990,Solar providers in Nigeria are seeking to raise additional funds to expand as a surge in diesel prices to run generators prompts companies to switch to the renewable power source,General News | Opinion,Company | Product News,False
1991,"Three Arrows became the most important hedge fund in crypto. But when the price of Bitcoin fell, the fund's sudden collapse revealed how interconnected the crypto industry is",General News | Opinion,Stock Commentary,False
1992,"Thousands of UK patients with long Covid are leaving the country to seek expensive unproven treatments such as “blood washing” abroad, according to a report",General News | Opinion,General News | Opinion,True
1993,"Twitter goes after Elon Musk, a new destination for Russia’s fuel, and cracks in Italy’s coalition.   Here’s what people are talking about 🔽",General News | Opinion,M&A | Investments,False
1994,"A luxury cruise firm, a disputed family inheritance, and a Monaco-based tycoon fighting to protect his fortune. This is the story of Italian brothers battling over the ownership of the business their father built.",General News | Opinion,Legal | Regulation,False
1995,"Three Arrows became the most important hedge fund in crypto. But when the price of Bitcoin fell, the fund's sudden collapse rocked the industry.  Read The Big Take ⬇️",General News | Opinion,Stock Commentary,False
1996,What's the best electric car for you?  Explore our new interactive dashboard,General News | Opinion,General News | Opinion,True
1997,"Shanghai’s Covid cases appear to be leveling off following a recent spike, though some residents have been urged to stockpile food and medicines as the fear of returning to lockdown hangs over the city",General News | Opinion,Macro,False
1998,"NEW: Three Arrows became the most important hedge fund in crypto. But when the price of Bitcoin fell, the fund's sudden collapse rocked the industry.  Read The Big Take ⬇️",General News | Opinion,Stock Commentary,False
1999,#5things: OPEC outlook suggests no relief for consumers. Twitter sues Elon Musk over abandoned $44 billion takeover. WHO worries about new Covid wave.  Here's what you need to know ⬇️,General News | Opinion,General News | Opinion,True
2000,Chinese farmers are churning out so much pork this year that it’s shaking up world markets for the meat,General News | Opinion,General News | Opinion,True
2001,"Less than 30 minutes after New York City released vaccine appointments, it confirmed the scheduling website had crashed",General News | Opinion,General News | Opinion,True
2002,Everyday low prices (on the cloud),General News | Opinion,General News | Opinion,True
2003,"There’s a new world’s thinnest watch in town, and it’s a Ferrari",General News | Opinion,General News | Opinion,True
2004,All the latest updates from the Jan. 6 hearings,General News | Opinion,Legal | Regulation,False
2005,"A slowdown in M&amp;A is coming this quarter as turmoil in the stock market pressures pending takeovers and raises the risks of more deals collapsing, like Elon Musk’s purchase of Twitter",General News | Opinion,M&A | Investments,False
2006,One in four inmates at Wyoming’s most populous prison has tested positive for Covid-19 as cases rise again across the US,General News | Opinion,General News | Opinion,True
2007,The crypto world is grappling with founding principles around centralization as market turmoil pressures companies,General News | Opinion,General News | Opinion,True
2008,The US military said it killed a top Islamic State leader and seriously wounded another in a drone strike in Syria,General News | Opinion,Politics,False
2009,Firefighters are gaining ground on the blaze threatening an ancient grove of giant sequoias in Yosemite National Park,General News | Opinion,General News | Opinion,True
2010,"Libya’s western-based government has said the state oil company’s board must be dissolved and that its long-standing chairman should step down, sources say",General News | Opinion,Legal | Regulation,False
2011,More people are moving back in with their parents. Here's why,General News | Opinion,General News | Opinion,True
2012,Billionaire real estate investor Sam Zell has a stark warning for the Federal Reserve: Break that inflation mentality,General News | Opinion,Stock Commentary,False
2013,This one app became so powerful that it could have posed a real threat to Beijing’s rule,General News | Opinion,General News | Opinion,True
2014,The Texas power grid avoided blackouts Monday despite a searing heat wave that depleted electric supplies (via @climate),General News | Opinion,General News | Opinion,True
2015,"If you live in the UK, this is a terrible time to remodel your home",General News | Opinion,General News | Opinion,True
2016,"Recession fears pervade, energy crisis is far from over and dollar strength resumes.   Here's what markets are watching  https://t.co/rfaojhaXXx",General News | Opinion,Macro,False
2017,We’ve gotten a lot wrong about calories — and pretty much everything else about weight,General News | Opinion,General News | Opinion,True
2018,Hong Kong suspends some hospital services as a Covid surge strains the health-care system,General News | Opinion,General News | Opinion,True
2019,A long-running US effort to steer Israel’s tech industry away from China is starting to work,General News | Opinion,Legal | Regulation,False
2020,Business leaders join computer education nonprofit Code .org to push for more computer science in K-12 schools,General News | Opinion,General News | Opinion,True
2021,EXCLUSIVE: Sri Lanka's ex-finance chief — who is President Gotabaya Rajapaksa's brother — was blocked by airport staff and protesters from leaving the country,General News | Opinion,Legal | Regulation,False
2022,"Tension is spreading through Shanghai as residents watch the Covid caseload tick higher, fueling fears they’re headed back into lockdown",General News | Opinion,Macro,False
2023,#5things: Markets at risk of another bruising day. US officials on diplomacy tour across Asia. Hong Kong may allow home quarantine.   Here's what you need to know ⬇️,General News | Opinion,Markets,False
2024,"Chinese shoppers have mounted at least 78 boycotts of foreign companies since 2016, more than six times the number seen in the preceding eight years, a new study found",General News | Opinion,General News | Opinion,True
2025,The US Department of Health and Human Services says its law requiring emergency medical treatment takes priority over state restrictions prohibiting abortions,General News | Opinion,Legal | Regulation,False
2026,"How many times can the ""perfect storm"" happen?",General News | Opinion,General News | Opinion,True
2027,"Today on Bloomberg Deals, we're looking at the latest on the Twitter/Musk fiasco, covering the changes at the top of Morgan Stanley's investment bank and more",General News | Opinion,M&A | Investments,False
2028,UK's Information Commissioners Office calls for a review over the use of private messaging channels by ministers and officials during the pandemic,General News | Opinion,Legal | Regulation,False
2029,"Didn't make it to Stonehenge for the solstice? There's still time to catch Manhattanhenge, when the setting sun aligns with the Manhattan street grid and bathes the urban canyons in a rosy glow",General News | Opinion,General News | Opinion,True
2030,"The US will once again extend its Covid-19 public health emergency, continuing measures that have given millions of Americans special access to health insurance and telehealth services",General News | Opinion,Macro,False
2031,Most of Africa's gas is going to Europe—leaving millions in Africa to rely on dirty diesel and kerosene for power. Africa's leaders say they're ready to put an end to that exploitation.  Read The Big Take ⬇️,General News | Opinion,Energy | Oil,False
2032,"The founders of bankrupt crypto hedge fund Three Arrows haven’t been cooperating in the firm’s liquidation process and their whereabouts were unknown as of Friday, according to court papers",General News | Opinion,Financials,False
2033,"Like in many parts of the world, harvests underway in eastern Europe have suffered from a fertilizer crisis—and things could get worse  https://t.co/rmMXvG2B3N via @markets",General News | Opinion,Energy | Oil,False
2034,"Like in many parts of the world, harvests underway in eastern Europe have suffered from a fertilizer crisis—and things could get worse",General News | Opinion,Energy | Oil,False
2035,"Europe will face a tough winter with even higher energy costs, Shell’s chief executive says",General News | Opinion,Energy | Oil,False
2036,A blistering heatwave in Europe shows what's at stake for the region's climate ambitions in today's Brussels Edition,General News | Opinion,Macro,False
2037,"The global energy crisis is accelerating a shift to renewable sources and hastening the end of the dominance of fossil fuels, according to India’s Power and Renewable Energy Minister Raj Kumar Singh",General News | Opinion,Energy | Oil,False
2038,"California truckers, now facing legal limbo on their employment status, may add to strains at West Coast ports",General News | Opinion,General News | Opinion,True
2039,Homeowners from Las Vegas to Sydney are swapping real grass for artificial turf as climate change forever alters what a normal yard looks and smells like,General News | Opinion,General News | Opinion,True
2040,Protests are building in Africa over surging fuel costs that have governments scrambling over how to respond,General News | Opinion,Macro,False
2041,Pigs show how China's been winning the battle against inflation.,General News | Opinion,General News | Opinion,True
2042,"A wave of energy nationalizations is starting in Europe, in today's Brussels Edition",General News | Opinion,Energy | Oil,False
2043,"World needs to boost spending to cut methane emissions tenfold to $110 billion a year, study finds.",General News | Opinion,Macro,False
2044,"EU Warns of Dire Climate Season Ahead With Droughts, Fires",General News | Opinion,Macro,False
2045,His giant bet broke the nickel market. Here's the inside story of how Xiang Guangda escaped the drama with his multibillion-dollar empire intact,General News | Opinion,General News | Opinion,True
2046,Romania is urging people to cut back on water use as a severe drought strains supplies that are needed for electricity generation and agriculture,General News | Opinion,Macro,False
2047,"Shipping systems developed before Covid-19 struck weren’t battle-tested for pandemics, wars and extreme weather",General News | Opinion,General News | Opinion,True
2048,NEW: Billionaire Vincent Bollore wants to create a European empire that will rival Netflix and Walt Disney ⁠— with a conservative twist  Read The Big Take ⬇️,General News | Opinion,General News | Opinion,True
2049,A mileage milestone in the world's leading market for EV adoption has major implications for the future of oil demand (via @climate),General News | Opinion,Energy | Oil,False
2050,"Some suppliers to Chinese real estate developers are refusing to repay bank loans because of unpaid bills owed to them, a sign that the loan boycott that started with homebuyers is starting to spread",General News | Opinion,Legal | Regulation,False
2051,"New Covid-19 cases in China jumped to almost 1,000, with more infectious strains continuing to pressure the country’s goal of eliminating the virus as outbreaks spread beyond major cities",General News | Opinion,Macro,False
2052,Colleagues recalled in testimony how a JPMorgan trader was able to rapidly place and cancel bogus gold and silver orders,General News | Opinion,General News | Opinion,True
2053,Thailand is the first country in Asia to decriminalize cannabis and the first in Southeast Asia to move toward legalizing same-sex unions. Here's what's happening,General News | Opinion,Politics,False
2054,"NEW: “He’s not doing this out of the goodness of his own heart.”  Sam Bankman-Fried, the 30-year-old billionaire founder of FTX, is using this moment of crypto carnage to expand his already vast empire.  Read The Big Take ⬇️",General News | Opinion,General News | Opinion,True
2055,"As Europe bakes in a heatwave, about 14 1/2 inches of water are now all that’s preventing parts of the continent from being effectively cut-off from supplies of vital commodities",General News | Opinion,Macro,False
2056,The case for generous 0% financing deals is getting harder for UK retailers to justify,General News | Opinion,General News | Opinion,True
2057,China’s Covid cases jumped to almost 700 as Shanghai widened a testing blitz to cover around 20 million residents,General News | Opinion,Macro,False
2058,Hiding your tattoos at the office might be a thing of the past,General News | Opinion,General News | Opinion,True
2059,NEW: China's rich are trying to pull an exit with the second-largest predicted wealth outflow for a country this year.  The big question hanging over them is whether Xi Jinping’s government will let them leave.  Read The Big Take ⬇️,General News | Opinion,Politics,False
2060,A trader is pocketing big profits for breaking with the pack and placing a sizable bet that the Fed won’t increase the size of its interest-rate hikes,General News | Opinion,Stock Commentary,False
2061,"UK nationwide rail strikes planned for later this month are still due to go ahead, a union leader has said, as ""no-one's coming to the table"" to find a way out",General News | Opinion,Legal | Regulation,False
2062,A blind spot is building up in the UK energy market as temperatures are set to break new records in England (via @climate),General News | Opinion,Macro,False
2063,Already beleaguered crypto miners could soon be facing some additional pressure from the Celsius bankruptcy,General News | Opinion,Currencies,False
2064,"Despite its reputation for overpowering strength and bitterness, robusta coffee is finding new followers, and Brazilian farmers are stepping in to supply it",General News | Opinion,Company | Product News,False
2065,A delayed deal between Thailand’s oldest bank and its largest crypto exchange is raising doubts about the 115-year-old financial group’s ambition to become a regional fintech powerhouse,General News | Opinion,M&A | Investments,False
2066,"JUST IN: Saudi Arabia will open its airspace to all airlines, including flights to and from Israel, as Biden aims to improve relations in the Middle East",General News | Opinion,Politics,False
2067,#5things: Mortgage boycotts in China’s property sector. Inflation pain. And a very costly $1 billion texting habit.  Here’s what you need to know. ⬇️,General News | Opinion,General News | Opinion,True
2068,"NEW: MBS's futuristic desert megaproject is supposed to have a ski resort, swim lanes for commuters, and ""smart"" everything.  Even with a $500 billion budget, Neom's builders say it’s sliding into science fiction.  Read The Big Take ⬇️  https://t.co/3PNMiCKZnB via @BW",General News | Opinion,Company | Product News,False
2069,Wall Street’s two most outspoken CEOs said the US is more than prepared to withstand an economic downturn,General News | Opinion,Stock Commentary,False
2070,The former CEO of Anglo American is talking to a number of private equity firms about new ways to invest in the mining sector as the energy transition gathers pace,General News | Opinion,Personnel Change,False
2071,The early entrants into digital assets scooped up much of the wealth. And the volatility along with it,General News | Opinion,Stock Movement,False
2072,Solar providers in Nigeria are seeking to raise additional funds to expand as a surge in diesel prices to run generators prompts companies to switch to the renewable power source,General News | Opinion,Company | Product News,False
2073,"For the first time in two decades, one euro is worth the same as a single US dollar — here's why",General News | Opinion,Currencies,False
2074,"Twitter goes after Elon Musk, a new destination for Russia’s fuel, and cracks in Italy’s coalition.   Here’s what people are talking about 🔽",General News | Opinion,General News | Opinion,True
2075,#5things: OPEC outlook suggests no relief for consumers. Twitter sues Elon Musk over abandoned $44 billion takeover. WHO worries about new Covid wave.  Here's what you need to know ⬇️,General News | Opinion,General News | Opinion,True
2076,"In the global debate about what's behind the current high rates of inflation, Japan provides an awkward counterexample (via @opinion)",General News | Opinion,Macro,False
2077,"🇭🇰 🇸🇬 Hong Kong or Singapore? From buying a cup of coffee to owning a car, here’s our guide to which city is best for expats  https://t.co/pjfCjywWJ2",General News | Opinion,General News | Opinion,True
2078,"Europe insists Africa shouldn't use fossil fuels, while it buys up the continent's gas. That's irking African leaders who need fuel to lift millions out of poverty",General News | Opinion,Politics,False
2079,"There’s no quick recovery in sight for stocks and bonds that are having their worst year in at least three decades, according to strategists at BlackRock",General News | Opinion,Stock Movement,False
2080,The man engineering a once-in-a-generation break-up,General News | Opinion,General News | Opinion,True
2081,The crypto crash has important lessons for asset managers,General News | Opinion,General News | Opinion,True
2082,Chinese regulators rush to tame investor panic over mortgage boycotts,General News | Opinion,Legal | Regulation,False
2083,Victims of financial crime suffer psychological shocks,General News | Opinion,General News | Opinion,True
2084,Save for retirement or just put it all on red?,General News | Opinion,General News | Opinion,True
2085,Insurance rules should prioritise policyholders over politics,General News | Opinion,Legal | Regulation,False
2086,Money Clinic Podcast: Fraud and the fight to get your money back,General News | Opinion,General News | Opinion,True
2087,These apps have eyes on your work emails,General News | Opinion,General News | Opinion,True
2088,Wealth management booms as the rich get richer but markets get choppy,General News | Opinion,General News | Opinion,True
2089,A SoftBank trader pulls the escape cord,General News | Opinion,General News | Opinion,True
2090,‘Forget about space’: industry pioneer quibbles with New York’s life sciences vision,General News | Opinion,General News | Opinion,True
2091,Watch live:,General News | Opinion,General News | Opinion,True
2092,#FedFAQ:  I received a suspicious-looking e-mail that claims to be from the Federal Reserve. Is it a scam? Learn more:  https://t.co/GY6gSUE4mA,General News | Opinion,Fed | Central Banks,False
2093,"Every once in a while on a Sunday nite, I take a ""junkie scalp trade"" in the $ES_F  the only tool I use is the VWAP",General News | Opinion,Stock Movement,False
2094,going live now!,General News | Opinion,General News | Opinion,True
2095,@SamRo which ones specifically?,General News | Opinion,General News | Opinion,True
2096,@bclund crypto solves that!,General News | Opinion,General News | Opinion,True
2097,@Sundevil781 @SunriseTrader,General News | Opinion,General News | Opinion,True
2098,@CMegla @TraderLion_ @RichardMoglen @RayTL_ wow!  glad it was useful,General News | Opinion,General News | Opinion,True
2099,@ukraine_special thank you Alex,General News | Opinion,General News | Opinion,True
2100,"Tune into @PatrickWalker56 now and I will be following him at 1045AM  All sessions are recorded  I have a brief PPT and we will look at a bunch of stocks including some actionable for Monday, LONG &amp; SHORT!",General News | Opinion,Stock Commentary,False
2101,"@JJonFire5 no, that was for the trade ideas video  the EOD was a public one",General News | Opinion,General News | Opinion,True
2102,"@JJonFire5 Thats because it was a free post, texts are only sent out on premium content.  have a good wknd!",General News | Opinion,General News | Opinion,True
2103,"In the weeks leading up to the Jan. 6 Capitol attack, Oath Keepers founder Stewart Rhodes tried to get the organization’s general counsel, Kellye SoRelle, to put him in touch with the White House, SoRelle told @NBCNews.",General News | Opinion,Legal | Regulation,False
2104,"James Caan, best known for his work in big-screen classics such as ""The Godfather"" and ""Elf,"" has died at age 82, his family said in a statement.",General News | Opinion,General News | Opinion,True
2105,"Highland Park shooting suspect charged with 7 counts of first-degree murder, official says, adding ""there will be more charges.""",General News | Opinion,Legal | Regulation,False
2106,@VolatilityVIX Go back and look at my original tweet......it was about the PGA's response to the whole thing.,General News | Opinion,General News | Opinion,True
2107,@VolatilityVIX Looking at Official World Golf Rankings which are updated weekly.,General News | Opinion,General News | Opinion,True
2108,"@tweet_at_DLH Yes, but you have to have your eyes open to seeing those reflected weaknesses.",General News | Opinion,General News | Opinion,True
2109,"@fed_speak My under/over on when you actually take off, given staffing shortages, is tomorrow at 1:33 pm.",General News | Opinion,Fed | Central Banks,False
2110,I love this sort of thing.,General News | Opinion,General News | Opinion,True
2111,Great podcast from @jsoloff   Lots of good info about vol and good option strategies.,General News | Opinion,Stock Commentary,False
2112,@GemeenAapje @Nations_Indexes Will look.,General News | Opinion,General News | Opinion,True
2113,Those of you who get it will really get it....  If something bad happens to Kim Wexler then Vince Gilligan is going to have to go into the witness protection program.,General News | Opinion,General News | Opinion,True
2114,@fed_speak Do you think it’s common or rare?  I think it’s rarer than most people do.,General News | Opinion,Fed | Central Banks,False
2115,@fed_speak And I’d bet you’re the only member.,General News | Opinion,Fed | Central Banks,False
2116,@benchmarkhaley We did.  He kept selling at lower and lower prices.  But at some point there's no way to lay it off.,General News | Opinion,General News | Opinion,True
2117,Is there anyone out there who didn't lend money to Three Arrows?,General News | Opinion,General News | Opinion,True
2118,@JoeDubyk I wish the airlines would hire the smartest kid in any random 10th grade algebra class and ask them:  We have 300 planes and 1200 pilots so can we schedule 10 million flights for next Tuesday?,General News | Opinion,General News | Opinion,True
2119,@ResearchRonin I’m assuming they knew but were betting they could get the bridge temporarily dismantled to get it to sea.   Will be interesting to watch.,General News | Opinion,General News | Opinion,True
2120,I am genuinely curious as to what they're going to do next.,General News | Opinion,General News | Opinion,True
2121,"“At the Bering Strait with the United States,” the 9-year-old boy ventured hesitantly. Mr. Putin, who chairs the board of the Russian Geographic Society, contradicted the boy to triumphant applause. “The borders of Russia,” he pronounced, “never end.”",General News | Opinion,Politics,False
2122,From Breakingviews - Fintech crash is an M&amp;A opportunity for bold banks,General News | Opinion,Stock Commentary,False
2123,Ambition of 'guilt-free' travel through offsets faces rocky road  https://t.co/iOs0yqX2Ec,General News | Opinion,General News | Opinion,True
2124,"WATCH: ‘Overture,’ a supersonic passenger plane by Colorado start-up Boom Supersonic hopes to half the fly time between New York and London. The company is targeting its maiden flight in 2026",General News | Opinion,Company | Product News,False
2125,"Striking S.Korea shipyard workers in talks to end siege, deliveries delayed  https://t.co/zkAlREhZtK",General News | Opinion,Legal | Regulation,False
2126,WATCH - From @Breakingviews: GE announced the names of the three resulting companies once it splits up. Lauren Silva Laughlin says the names are as bad as the company's stock performance,General News | Opinion,Stock Commentary,False
2127,WATCH: Here are the week's big stories in the world of virtual money 👇,General News | Opinion,General News | Opinion,True
2128,From Breakingviews - Twitter-Musk divorce court favors the kids,General News | Opinion,Stock Commentary,False
2129,From Breakingviews - France’s generous EDF buyout born of necessity,General News | Opinion,Stock Commentary,False
2130,New Vatican policy orders foreign investment accounts closed  https://t.co/ot1vGCPTcp,General News | Opinion,Legal | Regulation,False
2131,"Automotive chip order times remain long around the world, but brokers like Kelvin Pang and thousands like him are focusing on China, which has become ground zero for a crunch that the rest of the industry is gradually moving beyond",General News | Opinion,General News | Opinion,True
2132,"S.Korea's Yoon says 'illegal' shipyard strike cannot be tolerated, 'waited long enough'  https://t.co/kkn654gTrd",General News | Opinion,Legal | Regulation,False
2133,From Breakingviews - Chinese banks’ half-truths hinder mortgage fix,General News | Opinion,Stock Commentary,False
2134,South Korean government calls on strikers to end 'illegal' siege of Daewoo shipyard  https://t.co/PpMipRiQqt,General News | Opinion,Stock Movement,False
2135,From Breakingviews - Wells Fargo battles forces it chose not to control,General News | Opinion,Stock Commentary,False
2136,"WATCH: From Elon Musk's bid to avoid buying Twitter to earnings season for U.S. banks, we round up the big stories in business and finance over the week",General News | Opinion,General News | Opinion,True
2137,From Breakingviews - China’s economy could beggar its neighbours,General News | Opinion,Macro,False
2138,From Breakingviews - Investment bankers wait for the axe to fall,General News | Opinion,Stock Commentary,False
2139,"From Breakingviews - Japan’s post-Abe future, Europe’s currency problem: podcast",General News | Opinion,General News | Opinion,True
2140,"From @Breakingviews: Inflation is way too hot in the U.S., but oil and gas prices have come down of late as have some agricultural products like wheat. The question is whether that makes things better, or worse, says @GinaChon  https://t.co/70pmCQ6PKK",General News | Opinion,Macro,False
2141,From Breakingviews - FOMO will be private equity’s saving grace,General News | Opinion,General News | Opinion,True
2142,"Shareholder ESG support down but not out, researchers say  https://t.co/BXUztilrMi",General News | Opinion,Stock Commentary,False
2143,Singapore sets up first battery storage system to improve port energy usage  https://t.co/oh4JgwtrZF,General News | Opinion,Gold | Metals | Materials,False
2144,"WATCH: New data from Glassnode shows that investors with less than one bitcoin, also known as shrimps, are adding to their holdings at the fastest rate on record. Meanwhile, big players, or whales, are snapping up bitcoin at the fastest pace since early 2021",General News | Opinion,Stock Movement,False
2145,WATCH: Energy-hungry crypto miners are helping Texas avoid blackouts by curtailing work to aid a power grid hit by high demand,General News | Opinion,Energy | Oil,False
2146,"Elon Musk’s trash may be another’s treasure. After he walked away from a $44 billion deal to buy Twitter, the social network’s valuation fell to $25 billion. If that continues to fall, other buyers might be interested, says @TheRealLSL of @Breakingviews",General News | Opinion,M&A | Investments,False
2147,Nordic insurer Tryg says long-haul travel more popular than pre-pandemic  https://t.co/ig4mBQRj56,General News | Opinion,Company | Product News,False
2148,"Amid fears in Europe that the Nord Stream 1 pipeline’s planned maintenance shutdown could be extended, here’s a look at the energy alternatives if Russia turns off the gas taps  https://t.co/52JuXswBsf",General News | Opinion,Energy | Oil,False
2149,Citron's Left says crypto is a 'complete fraud'  https://t.co/1OWiKwsBb5,General News | Opinion,Legal | Regulation,False
2150,Ibrahima Sangare was among the first Malian cotton truck drivers to cross the border into Ivory Coast last week after the lifting of regional sanctions - a move that will get much needed trade flowing for one of the world's poorest economies,General News | Opinion,Politics,False
2151,"From @Breakingviews: Europe’s landmark cryptocurrency regulation is good news for big banks and companies but bad news for smaller crypto players, Karen Kwok explains",General News | Opinion,Legal | Regulation,False
2152,#Gold lower as #dollar gains $GC_F $USDX $SPY $QQQ $DIA $SPX $COMPQ $DJIA  https://t.co/LzEmmlQJhI #economy #stockmarket,Gold | Metals | Materials,Currencies,False
2153,#Gold higher amid #dollar weakness; market hit on reports #Apple plans to slow spending next year $SPY $QQQ $DIA $SPX $COMPQ $DJIA $GL_F $USDX  https://t.co/LzEmmm8k9g #economy #stockmarket,Gold | Metals | Materials,Currencies,False
2154,$COMDX: Metals Settlement Prices,Gold | Metals | Materials,Gold | Metals | Materials,True
2155,Copper: long-term promise cannot overcome bearish tone  https://t.co/4Vzqe1rVU9  | opinion,Gold | Metals | Materials,General News | Opinion,False
2156,Gold ends higher as dollar pulls back,Gold | Metals | Materials,Gold | Metals | Materials,True
2157,"UBS: LOWERS GOLD FORECAST TO USD 1,600/OZ AT END-SEPTEMBER AND END-2022 (FROM USD 1,800 AND USD 1,700, RESPECTIVELY). END-JUNE 2023 TARGET IS USD 1,650/OZ",Gold | Metals | Materials,Analyst Update,False
2158,Goldman Sachs: Aluminium And Zinc Expected To Outperform Copper If Gas Flows Remain At Zero Post-NS1 Maintenance    #NordStream1,Gold | Metals | Materials,Energy | Oil,False
2159,"UBS: Lowers Gold Forecast To $1,600/Oz At End-Sep And End-2022 (From $1,800 And $1,700, Respectively)  - End-June 2023 Target Is $1,650/Oz",Gold | Metals | Materials,Analyst Update,False
2160,JUST IN: Copper tumbles to its lowest level in 20 months as fears of a worldwide recession continue to mount,Gold | Metals | Materials,Gold | Metals | Materials,True
2161,Investors are still angry at the London Metal Exchange's handling of the nickel squeeze. But will anger lead to an exodus?,Gold | Metals | Materials,Legal | Regulation,False
2162,Bitcoin settles into a holding pattern ahead of US inflation figures that could inject fresh volatility,Gold | Metals | Materials,Macro,False
2163,"Gold edges higher from an 11-month low as the dollar dips, with traders dialing back expectations of aggressive Federal Reserve interest-rate hikes and assessing the outlook for inflation",Gold | Metals | Materials,Treasuries | Corporate Debt,False
2164,"There’s worse to come for copper after a sharp slump, according to Goldman Sachs",Gold | Metals | Materials,Gold | Metals | Materials,True
2165,"FaZe Clan goes public in $725 million SPAC, a market bet on Gen Z and the creator economy",IPO,IPO,True
2166,Our very own @jrtuttle joined @cheddar to discuss what macroeconomic factors are weighing on the IPO market coming off of a record year in 2021 🏛,IPO,Macro,False
2167,Chinese fashion company Shein is eyeing a U.S. IPO as soon as 2024,IPO,IPO,True
2168,"All four companies that went public in Hong Kong on Wednesday fell below their IPO prices, including Tianqi Lithium, which raised $1.7 billion",IPO,IPO,True
2169,U.S. IPO Weekly Recap: Chinese Fintech AMTD Digital Leads A 3 IPO Week.  https://t.co/jgFAb6FmW6 #finance #economy #stockmarket,IPO,IPO,True
2170,$GCT - GigaCloud Technology Seeks U.S. IPO For Corporate Growth Plans.  https://t.co/3BeYY8BgnQ #trading #stockmarket #economy,IPO,IPO,True
2171,$LYT - Lytus Technologies Stock: What To Know About This New IPO.  https://t.co/G8rSlvAYFh #business #finance #stockmarket,IPO,IPO,True
2172,Vietnamese developer Hung Thinh Land plans to offer a 10% stake worth at least $200 million in an IPO that would value it at $2.1 billion,IPO,IPO,True
2173,"Porsche is pitching its IPO as a chance to invest in a company that combines the best of carmaking rivals like Ferrari and luxury brands such as Louis Vuitton. The problem is, not all investors are buying it",IPO,IPO,True
2174,Volkswagen’s newly formed battery business is working to overcome supply-chain hurdles is preparing for an IPO as soon as next year,IPO,IPO,True
2175,UK startup Zepz struggles with its accounts and turnover in its senior ranks prior to a potential IPO in the US,IPO,IPO,True
2176,"LianLian DigiTech, a rival to Jack Ma’s Ant Group, is in talks to raise as much as $223 million ahead of an IPO in Hong Kong as soon as next year, sources say",IPO,IPO,True
2177,SoftBank halts work on Arm’s London IPO following political turmoil,IPO,Legal | Regulation,False
2178,always be aware of the ⚓️VWAP from the IPO  $GTLB,IPO,Stock Movement,False
2179,Chipotle union files complaint with labor board after chain shutters Maine restaurant seeking to organize,Legal | Regulation,General News | Opinion,False
2180,"Federal consumer finance watchdog to tighten bank rules around money-transfer scams, report says",Legal | Regulation,Legal | Regulation,True
2181,"Taiwan accuses Chinese Apple supplier of stealing secrets, charges 14",Legal | Regulation,Legal | Regulation,True
2182,SEC asked Musk for more information about his Company acquisition tweet,Legal | Regulation,Legal | Regulation,True
2183,Here are Company's biggest accusations against Musk in its lawsuit,Legal | Regulation,Legal | Regulation,True
2184,Justice Department investigating PGA Tour for possible antitrust violations tied to LIV Golf,Legal | Regulation,Legal | Regulation,True
2185,$UBER: Uber commits to changes and pays millions to resolve DOJ lawsuit for overcharging people with disabilities,Legal | Regulation,Stock Movement,False
2186,$NOTV: Inotiv entered into settlement with the DOJ and U.S. Department of Agriculture that resolves investigation...,Legal | Regulation,Stock Movement,False
2187,"17EDTECH ALERT: Bragar Eagel &amp; Squire, P.C. Announces that a Class Action Lawsuit Has Been Filed Against 17 Education &amp; Technology Group, Inc. and Encourages Investors to Contact the Firm",Legal | Regulation,Legal | Regulation,True
2188,"ROSEN, THE FIRST FILING FIRM, Encourages Missfresh Limited Investors to Secure Counsel Before Important Deadline in Securities Class Action Commenced by the Firm – MF  https://t.co/hb3zCLzJ3S",Legal | Regulation,Legal | Regulation,True
2189,"TG THERAPEUTICS ALERT: Bragar Eagel &amp; Squire, P.C. Announces that a Class Action Lawsuit Has Been Filed Against TG Therapeutics, Inc. and Encourages Investors to Contact the Firm",Legal | Regulation,Legal | Regulation,True
2190,"Bronstein, Gewirtz &amp; Grossman, LLC Notifies Missfresh Limited (MF) Investors of Class Action and Encourages Investors to Contact the Firm  https://t.co/3RsBD8PfYJ",Legal | Regulation,Legal | Regulation,True
2191,"INVESTIGATION ALERT: The Schall Law Firm Encourages Investors in The J. M. Smucker Company with Losses of $100,000 to Contact the Firm  https://t.co/HVgM4bmIRq",Legal | Regulation,Legal | Regulation,True
2192,"CAVCO ALERT: Bragar Eagel &amp; Squire, P.C. is Investigating Cavco Industries, Inc. on Behalf of Cavco Stockholders and Encourages Investors to Contact the Firm",Legal | Regulation,Legal | Regulation,True
2193,"INVESTIGATION ALERT: The Schall Law Firm Encourages Investors in American Outdoor Brands, Inc. with Losses of $100,000 to Contact the Firm  https://t.co/3Uo96Uv54n",Legal | Regulation,Legal | Regulation,True
2194,"EQUITY ALERT: Rosen Law Firm Encourages TG Therapeutics, Inc. Investors with Losses in Excess of $100K to Secure Counsel Before Important Deadline in Securities Class Action – TGTX  https://t.co/vnfpOQfDp4",Legal | Regulation,Stock Movement,False
2195,"Glancy Prongay &amp; Murray LLP Reminds Investors of Looming Deadline in the Class Action Lawsuit Against Outset Medical, Inc. (OM)  https://t.co/fziCmkllVu",Legal | Regulation,Stock Movement,False
2196,"GEO GROUP INVESTIGATION INITIATED by Former Louisiana Attorney General: Kahn Swick &amp; Foti, LLC Investigates the Officers and Directors of The GEO Group, Inc. - GEO",Legal | Regulation,Legal | Regulation,True
2197,"OKTA DEADLINE ALERT: Bragar Eagel &amp; Squire, P.C. Reminds Investors that a Class Action Lawsuit Has Been Filed Against Okta, Inc. and Encourages Investors to Contact the Firm",Legal | Regulation,Stock Movement,False
2198,"F-STAR THERAPEUTICS INVESTOR ALERT by the Former Attorney General of Louisiana: Kahn Swick &amp; Foti, LLC Investigates Adequacy of Price and Process in Proposed Sale of F-star Therapeutics, Inc. - FSTX  https://t.co/TkiDvcoNSQ",Legal | Regulation,Legal | Regulation,True
2199,"USA TRUCK INVESTOR ALERT by the Former Attorney General of Louisiana: Kahn Swick &amp; Foti, LLC Investigates Adequacy of Price and Process in Proposed Sale of USA Truck, Inc. - USAK  https://t.co/YPpXhx6Msr",Legal | Regulation,Legal | Regulation,True
2200,Glancy Prongay &amp; Murray LLP Reminds Investors of Looming Deadline in the Class Action Lawsuit Against Unity Software Inc. (U)  https://t.co/yRP25rfnrl,Legal | Regulation,Legal | Regulation,True
2201,"INVESTIGATION REMINDER: The Schall Law Firm Encourages Investors in Ebix, Inc. with Losses of $100,000 to Contact the Firm  https://t.co/qED9mPDh9P",Legal | Regulation,Legal | Regulation,True
2202,SHAREHOLDER ALERT: Labaton Sucharow Researching Possible Securities Law Violations – Hannon Armstrong Sustainable Infrastructure Capital  https://t.co/2KPdFfjVtA,Legal | Regulation,Legal | Regulation,True
2203,"INVESTOR ACTION REMINDER: The Schall Law Firm Encourages Investors in SOL Tokens Promoted by Solana Labs, Inc. with Losses of $100,000 to Contact the Firm  https://t.co/Ks1YWjkMgq",Legal | Regulation,Legal | Regulation,True
2204,"INVESTIGATION REMINDER: The Schall Law Firm Encourages Investors in Hemisphere Media Group, Inc. with Losses to Contact the Firm  https://t.co/tbluXItW2l",Legal | Regulation,Legal | Regulation,True
2205,"INVESTIGATION ALERT: The Schall Law Firm Encourages Investors in Cavco Industries, Inc. with Losses to Contact the Firm  https://t.co/1pPGr256oV",Legal | Regulation,Legal | Regulation,True
2206,"IRONSOURCE INVESTOR ALERT by the Former Attorney General of Louisiana: Kahn Swick &amp; Foti, LLC Investigates Adequacy of Price and Process in Proposed Sale of ironSource Ltd. - IS  https://t.co/NKo6uPBUcS",Legal | Regulation,M&A | Investments,False
2207,EQUITY ALERT: Rosen Law Firm Encourages Molecular Partners AG Investors to Secure Counsel Before Important Deadline in Securities Class Action – MOLN  https://t.co/HA1DdaUrm5,Legal | Regulation,Legal | Regulation,True
2208,"RADIUS HEALTH INVESTOR ALERT by the Former Attorney General of Louisiana: Kahn Swick &amp; Foti, LLC Investigates Adequacy of Price and Process in Proposed Sale of Radius Health, Inc. - RDUS  https://t.co/F6g4MBhdQO",Legal | Regulation,M&A | Investments,False
2209,FINRA Bars Two Individuals for Cheating on Online Qualification Exams  https://t.co/eAkK3Jo8b9,Legal | Regulation,General News | Opinion,False
2210,"INVESTIGATION NOTICE: The Schall Law Firm Encourages Investors in Hannon Armstrong Sustainable Infrastructure Capital, Inc. with Losses of $100,000 to Contact the Firm  https://t.co/0EDwpEWejt",Legal | Regulation,Legal | Regulation,True
2211,U Stock Alert: Halper Sadeh LLP Is Investigating Whether the Merger of Unity Software Inc. Is Fair to Shareholders  https://t.co/PlgpYaMWTi,Legal | Regulation,Stock Movement,False
2212,"INVESTIGATION ALERT: The Schall Law Firm Encourages Investors in Hannon Armstrong Sustainable Infrastructure Capital, Inc. with Losses of $100,000 to Contact the Firm  https://t.co/v3kChZKoyH",Legal | Regulation,Legal | Regulation,True
2213,Silgan Settles With European Commission to End Investigation Since 2015 of Its European Metal Packaging Operations  https://t.co/GjOA2f51Pt,Legal | Regulation,Legal | Regulation,True
2214,INVESTOR ALERT: Law Offices of Howard G. Smith Announces Investigation of 17 Education &amp; Technology Group Inc. (YQ) on Behalf of Investors  https://t.co/ENbLp5gyLp,Legal | Regulation,Legal | Regulation,True
2215,"INVESTOR ALERT: Law Offices of Howard G. Smith Announces the Filing of a Securities Class Action on Behalf of Outset Medical, Inc. (OM) Investors  https://t.co/oMKLy3zDW2",Legal | Regulation,Legal | Regulation,True
2216,"INVESTIGATION REMINDER: The Schall Law Firm Encourages Investors in Applied Molecular Transport Inc. with Losses of $100,000 to Contact the Firm  https://t.co/JZ6YPHw8L4",Legal | Regulation,Legal | Regulation,True
2217,A recent court ruling against Tesla is highlighting concerns about electric vehicle fires,Legal | Regulation,General News | Opinion,False
2218,Uber is being sued by hundreds of women who claim they were sexually assaulted by drivers,Legal | Regulation,General News | Opinion,False
2219,Ukraine accuses US and European banks over Russia links,Legal | Regulation,Politics,False
2220,Financial engineering to be put on trial in bankruptcy courts  https://t.co/o8BqDRTsXn  | opinion,Legal | Regulation,General News | Opinion,False
2221,"Company won the first legal battle in its merger saga with Elon Musk on Tuesday, when a Delaware judge sided with the social network’s proposal for an expedited trial to begin in October.",Legal | Regulation,Legal | Regulation,True
2222,Elon Musk reportedly plans to countersue Company to get out of deal,Legal | Regulation,Legal | Regulation,True
2223,Company and Elon Musk are digging in for what could be an epic legal battle over Musk’s decision to terminate his agreement to purchase $TWTR.,Legal | Regulation,Legal | Regulation,True
2224,$EXEL - Exelixis again sues MSN Pharmaceuticals over Cabometyx generic,Legal | Regulation,Legal | Regulation,True
2225,"$HOOD - SEC enforcement head voice concerns on ESG, gamification, crypto risks",Legal | Regulation,Legal | Regulation,True
2226,$AAPL - Apple agrees to pay $50M to settle 'butterfly' keyboard lawsuit,Legal | Regulation,Legal | Regulation,True
2227,$GNUS - Class action lawsuit filed against Genius Brands gets dismissed,Legal | Regulation,Legal | Regulation,True
2228,"$TEVA $ABBV $WBA - Teva, AbbVie reaches $54M opioid deal with San Francisco",Legal | Regulation,Legal | Regulation,True
2229,CHINA'S CYBERSPACE REGULATOR: FINES DIDI GLOBAL 8.026 BLN YUAN FOR VIOLATING RULES INCLUDING DATA SECURITY LAW,Legal | Regulation,Legal | Regulation,True
2230,The UK competition regulator has opened an investigation into whether the groups are fixing the rate offered to freelance workers who provide their services for sports broadcasts,Legal | Regulation,Legal | Regulation,True
2231,Judge's ruling on Company-Musk timeline offers clues on how case will play out  https://t.co/xHbznKWF8C by @alexiskweed,Legal | Regulation,Legal | Regulation,True
2232,Lawsuit accuses Apple of antitrust violations over Apple Pay  https://t.co/YbAlKK5Ohz,Legal | Regulation,Legal | Regulation,True
2233,Elon Musk's legal battle with Company turns on ambiguous contract language  https://t.co/TknHcZCWvi by @alexiskweed,Legal | Regulation,Legal | Regulation,True
2234,San Francisco reaches $54 million opioid settlement with Teva and Allergan,Legal | Regulation,Legal | Regulation,True
2235,Company v. Musk: Tesla CEO to fight case in court that 'does not defer to billionaires'  https://t.co/LFadUAgZWY via @AlexisKeenan_,Legal | Regulation,Legal | Regulation,True
2236,Company v. Musk: Tesla CEO to fight case in court that 'does not defer to billionaires'  https://t.co/xf4GORPanB via @AlexisKeenan_,Legal | Regulation,Legal | Regulation,True
2237,The Consumer Financial Protection Bureau is preparing to prod banks to pay back more customers who are the victims of scams on Zelle and other money-transfer services,Legal | Regulation,Legal | Regulation,True
2238,The SEC is considering two rules that could elevate investor influence over company affairs,Legal | Regulation,Legal | Regulation,True
2239,Company sued Elon Musk to enforce the terms of his $44 billion takeover offer after the Tesla CEO said he was terminating the deal over fake accounts,Legal | Regulation,Legal | Regulation,True
2240,"$DIDI $DIDIY China to fine Didi more than $1 billion for data breaches, sources say - Reuters",Legal | Regulation,Legal | Regulation,True
2241,U.S. SEC set to rescind Trump-era curbs on shareholder advisers - Reuters,Legal | Regulation,Legal | Regulation,True
2242,"$AAPL | EU Antitrust Regulators Likely To Reinforce Apple Probe With New Evidence, No New Charges - RTRS Sources",Legal | Regulation,Legal | Regulation,True
2243,$TWTR $TSLA | Delaware Judge Sets October Date For Company Trial Over Musk’s Acquisition,Legal | Regulation,M&A | Investments,False
2244,UK Antitrust Court Overturns Order Forcing Meta To Sell Giphy    - UK'S CMA Will Reconsider Meta Buy Of Giphy,Legal | Regulation,Legal | Regulation,True
2245,Company can fast-track its lawsuit against billionaire Elon Musk over his canceled $44 billion buyout of the platform.  A Delaware judge has ruled that a five-day trial should take place in October  https://t.co/yCsjFXMolE,Legal | Regulation,M&A | Investments,False
2246,Fresh Fines For Tech Giants: Another Regulatory Storm Or Just A Flurry?.  https://t.co/8G9fBTBXEi #economy #investing #trading,Legal | Regulation,Legal | Regulation,True
2247,A federal appeals court on Wednesday overturned a lower court ruling and said Georgia’s restrictive 2019 abortion law should be allowed to take effect (via AP),Legal | Regulation,Politics,False
2248,South Korean financial regulators are probing abnormal foreign-exchange transactions at some of the country’s largest commercial banks for any links to money laundering or currency speculation using crypto assets,Legal | Regulation,Currencies,False
2249,The FDA is beginning an outside review of its divisions that oversee safety and inspection activities for food and tobacco,Legal | Regulation,Macro,False
2250,A jury found Tesla just 1% responsible for the 2018 death of a teenager who crashed a Model S into a wall at high-speed,Legal | Regulation,Legal | Regulation,True
2251,Tesla faces a lawsuit in Germany over potential privacy concerns linked to its car surveillance cameras and claims that buying its vehicles helps cut CO2 emissions,Legal | Regulation,Legal | Regulation,True
2252,Tesla faces a lawsuit in Germany over potential privacy concerns linked to its car surveillance cameras and claims that buying its vehicles helps cut CO2 emissions,Legal | Regulation,Legal | Regulation,True
2253,JUST IN: France offers to pay $9.9 billion to fully nationalize EDF as it seeks to resolve problems at the power generator that are exacerbating Europe’s energy crisis  https://t.co/dN565KNy4H,Legal | Regulation,Legal | Regulation,True
2254,Two New York state residents were charged in a $27 million fraud in which they allegedly raised money from foreign nationals for phony investments by claiming they had access to politicians like then-president Donald Trump,Legal | Regulation,Legal | Regulation,True
2255,"A judge in Tennessee temporarily blocked the Biden administration’s rules ensuring transgender people at schools and workplaces have access to bathrooms, locker rooms and sports teams",Legal | Regulation,Politics,False
2256,"Major League Baseball agreed to pay $185 million as part of a settlement with minor league ballplayers who say the league exploits them, knowing they will play for peanuts for a chance to make it to the big show",Legal | Regulation,Legal | Regulation,True
2257,"Major League Baseball agreed to pay $185 million as part of a settlement with minor league ballplayers who say the league exploits them, knowing they will play for peanuts for a chance to make it to the big show",Legal | Regulation,Legal | Regulation,True
2258,"Elon Musk’s lawyers say Company officials are unfairly pushing for a “warp speed” trial over claims he improperly canceled his proposed $44 billion deal, and asked for the case to be heard next year instead",Legal | Regulation,Legal | Regulation,True
2259,The law firm Kirkland &amp; Ellis will lead first-of-its-kind crypto insolvencies,Legal | Regulation,M&A | Investments,False
2260,Correction: Uber could be sued by more than 500 women across the US who claim to have been assaulted by drivers on the platform (corrects to clarify the number of lawsuits filed),Legal | Regulation,Legal | Regulation,True
2261,Hungary is facing EU court suit over alleged curbs on LGBTIQ rights,Legal | Regulation,Politics,False
2262,A JPMorgan gold trader turned whistleblower lied to authorities about gold and silver price manipulation,Legal | Regulation,Legal | Regulation,True
2263,Ben &amp; Jerry’s and corporate parent Unilever are in talks to try to resolve their dispute over the sale of ice cream in the Israeli-occupied West Bank,Legal | Regulation,Legal | Regulation,True
2264,Bank of America was fined $225 million by regulators for unfair and deceptive practices related to a prepaid card program to distribute unemployment insurance and other public benefit payments,Legal | Regulation,Legal | Regulation,True
2265,"Executives from Alibaba’s cloud division have been summoned for talks by authorities in Shanghai in connection with the theft of a vast police database, the Wall Street Journal reports",Legal | Regulation,Legal | Regulation,True
2266,"Elon Musk’s tweets are under the microscope with regulators again, this time over a missive in May that cast doubt on whether he’d go through with his $44 billion takeover bid for Company",Legal | Regulation,Legal | Regulation,True
2267,Volkswagen suffers a setback at the EU's top court over its right to deploy software that protects car components from damage at certain temperatures and altitude,Legal | Regulation,Legal | Regulation,True
2268,Citigroup wins part of its appeal in a discrimination lawsuit brought by a former banker who was laid off after being called “old” at the age of 55,Legal | Regulation,Legal | Regulation,True
2269,"France’s Engie, Italy’s Enel and Spain’s Acciona Energia are among the foreign companies that Mexico’s energy regulator has blocked from operating wind and solar plants",Legal | Regulation,Legal | Regulation,True
2270,US SEC Chair Gary Gensler cast doubt on the possibility of a deal being reached with China on access to Chinese companies’ audit reports,Legal | Regulation,Legal | Regulation,True
2271,"China’s securities regulator suspends vetting an onshore fund distribution application by Goldman Sachs, after putting on hold similar requests from both local and foreign firms earlier this year",Legal | Regulation,Legal | Regulation,True
2272,"JPMorgan's gold trading and sales team was so focused on making money that they scammed the market for years with so-called spoofing trades, according to a former colleague who testified at the trial of three former employees",Legal | Regulation,Legal | Regulation,True
2273,"Musk has caused “irreparable harm” to Company’s business, the suit alleges.  “Company has suffered and will continue to suffer irreparable harm as a result of defendants’ breaches”",Legal | Regulation,Stock Movement,False
2274,A sprawling regulatory probe that’s ensnared the Indian partner of Schroders is roiling one of the nation’s largest asset managers and is poised to shake up India’s $465 billion mutual fund industry,Legal | Regulation,Legal | Regulation,True
2275,Three people have been charged in New York with conspiring to illegally possess about 100 pages of manuscripts related to the Eagles album “Hotel California”,Legal | Regulation,General News | Opinion,False
2276,The US Justice Department is investigating the PGA Tour over potential antitrust violations related to its ongoing dispute with a Saudi-backed rival circuit,Legal | Regulation,Legal | Regulation,True
2277,Former US Attorney General William Barr was subpoenaed in a $1.6 billion defamation suit brought against Fox News by the voting-machine company falsely accused of rigging the 2020 election,Legal | Regulation,Legal | Regulation,True
2278,"Generic drugmaker Teva misled a judge about the extent of its US ties to dodge a high-stakes opioids trial last year, according to New York’s top law enforcement officer",Legal | Regulation,Legal | Regulation,True
2279,"JPMorgan's gold trading and sales team was so focused on making money that they scammed the market for years with spoofing trades, according to a former colleague who testified at the trial of three ex employees",Legal | Regulation,Legal | Regulation,True
2280,"A group of chicken industry executives was found not guilty of trying to fix prices from 2012 to 2019, a defeat for prosecutors after two mistrials",Legal | Regulation,Legal | Regulation,True
2281,Nigeria will continue its $3.5 billion civil claim against Shell and Eni after Italian prosecutors dropped criminal proceedings against the companies,Legal | Regulation,Legal | Regulation,True
2282,"JUST IN: Elon Musk’s lawyers say Company officials are unfairly pushing for a “warp speed” trial over claims he improperly canceled his proposed $44 billion deal, and asked for the case to be heard next year instead",Legal | Regulation,Legal | Regulation,True
2283,Bank of America was fined $225 million by regulators for unfair and deceptive practices related to a prepaid card program to distribute unemployment insurance and other public benefit payments,Legal | Regulation,Legal | Regulation,True
2284,"Denmark broke EU rules by letting local dairy producers market and export a white, crumbly cheese as “Feta” outside the region, the bloc's top court says",Legal | Regulation,Legal | Regulation,True
2285,Accounting firms ordered to explain how they stop staff cheating in exams,Legal | Regulation,Legal | Regulation,True
2286,Supreme Court rules that President Biden can shut down a Trump admin. program designed to restrict immigration at the southern border.,Legal | Regulation,Politics,False
2287,"WATCH: Company will get an October trial in its legal fight to hold Elon Musk to his $44 billion takeover, after a Delaware judge said the social media company deserved a quick resolution of the deal's uncertainty  https://t.co/rCq2sgwOew",Legal | Regulation,Legal | Regulation,True
2288,Company and Musk laid out competing proposals for the trial date.  Chancellor Kathaleen McCormick said the parties were capable of handling an expedited trial and as a public company Company deserved to have the cloud hanging over it resolved quickly $TWTR,Legal | Regulation,Legal | Regulation,True
2289,"WATCH: Kathaleen McCormick, a judge known for her no-nonsense reputation, was assigned the Company's lawsuit seeking to force Elon Musk to complete his deal for the company  https://t.co/7ExllMpTfJ",Legal | Regulation,Legal | Regulation,True
2290,"WATCH: Kathaleen McCormick, the judge overseeing Company’s $44 billion lawsuit against Elon Musk, has the distinction of being one of the few jurists who has ever ordered a reluctant buyer to close a U.S. corporate merger  https://t.co/7ExllMHuEj",Legal | Regulation,Legal | Regulation,True
2291,"Citi, Goldman, BofA in talks with regulators over texting fine - Bloomberg  https://t.co/jNZWWmMxUc",Legal | Regulation,Legal | Regulation,True
2292,"WATCH: Trying to end two investigations and possible hefty fine, Amazon has offered to stop using sellers’ data for its own competing retail offers which EU antitrust regulators regard as anti-competitive  https://t.co/bbcOWVxLAp",Legal | Regulation,Legal | Regulation,True
2293,"WATCH: In a move aimed at staving off a possible hefty fine, Amazon has offered to refrain from using sellers' data for its own competing retail business and to boost the visibility of rival products on its platform, EU regulators said  https://t.co/bbcOWVgabP",Legal | Regulation,Legal | Regulation,True
2294,The Tokyo district court has ordered four former executives of Tokyo Electric Power Company to pay $95 billion in damages over the 2011 Fukushima nuclear disaster  https://t.co/C88fj23tpk,Legal | Regulation,Legal | Regulation,True
2295,UK watchdog investigates Morrisons' purchase of McColl's  https://t.co/7K2jtu8Dyy,Legal | Regulation,Legal | Regulation,True
2296,Britain's competition regulator to probe Morrisons' purchase of McColls  https://t.co/Vc9uvUMtKc,Legal | Regulation,Legal | Regulation,True
2297,"U.S. state regulator says it believes crypto lender Celsius is ""deeply insolvent""  https://t.co/dOgjtNcWeE",Legal | Regulation,Legal | Regulation,True
2298,"Spotify buying Heardle, the Wordle-inspired music game",M&A | Investments,Company | Product News,False
2299,Elon Musk’s decision to terminate his bid to buy Twitter could now head to the Delaware courts. @JBoorstin has the details.  https://t.co/uofdn7hhcA,M&A | Investments,Stock Movement,False
2300,$EFX: Equifax announces that it has signed a definitive agreement to acquire LawLogix,M&A | Investments,M&A | Investments,True
2301,$SPSC: SPS Commerce acquires EDI provider GCommerce for $45 mln in cash,M&A | Investments,M&A | Investments,True
2302,$PRPB: CC Neuberger Principal Holdings II announces shareholder approval of proposed business combination with Getty...,M&A | Investments,IPO,False
2303,$HI: Hillenbrand Announces Intention to Explore Strategic Alternatives for its Batesville Business,M&A | Investments,M&A | Investments,True
2304,$KKR: KKR acquires Atlantic Yards from Hines and its institutional joint venture partner advised by Invesco Real...,M&A | Investments,M&A | Investments,True
2305,$STGW: Stagwell announces the acquisition of Apollo Program; financial terms were not disclosed,M&A | Investments,M&A | Investments,True
2306,$TDY: Teledyne Tech has acquired a majority interest in Noiseless Acoustics Oy; financial terms were not disclosed,M&A | Investments,M&A | Investments,True
2307,$CLSK: CleanSpark Expands Bitcoin Mining Capacity by over 90 Petahashes with Acquisition of Latest Generation...,M&A | Investments,M&A | Investments,True
2308,$TGA: Transglobe Energy to be acquired by VALLCO Energy (EGY) in stock-for-stock strategic business combination,M&A | Investments,M&A | Investments,True
2309,$ACN: Accenture has agreed to acquire The Stable; financial terms were not disclosed,M&A | Investments,M&A | Investments,True
2310,$EEX: Emerald Holding announces the acquisition of Bulletin; financial terms were not disclosed,M&A | Investments,M&A | Investments,True
2311,$TELL: Tellurian to purchase natural gas assets from privately held EnSight IV Energy Partners and EnSight...,M&A | Investments,M&A | Investments,True
2312,$WSC: WillScot Mobile Mini has acquired the rental fleet and related assets of Modulease Corporation; financial...,M&A | Investments,M&A | Investments,True
2313,"$GPI: Group 1 Auto acquires five franchises in Shreveport, Louisiana; dealerships expected to generate $110 million...",M&A | Investments,M&A | Investments,True
2314,$MBII: Marrone Bio Innovations shareholders approve merger agreement with Bioceres Crop Solutions (BIOX); parties...,M&A | Investments,M&A | Investments,True
2315,"$ONEM getting bought by Amazon at 18/share, nice premium  Big trade highlighted 7/15 to members on how position adjusted to wait for this deal, and smartly so (July expired)",M&A | Investments,Stock Commentary,False
2316,$CMTL takeover rumors,M&A | Investments,General News | Opinion,False
2317,"Anthem, Inc. is now @ElevanceHealth 🎉 Congratulations to Gail K. Boudreaux and the whole team on this transformative milestone! #NYSECommunity 🏛 (NYSE: $ELV)",M&A | Investments,Personnel Change,False
2318,Avistone Sells Flex Industrial Park Near Tampa International Airport  https://t.co/qmjOIvwZnh,M&A | Investments,Company | Product News,False
2319,NMG Announces the Successful Initial Closing of the Previously Announced Investment Agreement with Mason Graphite  https://t.co/dXkWWPS0rm,M&A | Investments,IPO,False
2320,Highview Sells First Portfolio Company American Plastics  https://t.co/pXq4fLO0EV,M&A | Investments,M&A | Investments,True
2321,KaloCyte Closes Investment from New York Blood Center  https://t.co/ws2tSDxORz,M&A | Investments,M&A | Investments,True
2322,"Jamieson Wellness Inc. Completes Acquisition of Nutrawise Health &amp; Beauty Corporation, Owner of youtheory Brand",M&A | Investments,M&A | Investments,True
2323,East Resources Acquisition Company Signs Letter of Intent for a Business Combination  https://t.co/SJ1VSzc1VL,M&A | Investments,M&A | Investments,True
2324,Core &amp; Main Signs Agreement to Acquire Inland Water Works Supply Co.  https://t.co/dJq1qyCr2r,M&A | Investments,M&A | Investments,True
2325,"KKR Acquires Atlantic Yards in Atlanta, Georgia  https://t.co/3bGbAPt2Ko",M&A | Investments,M&A | Investments,True
2326,"TA Associates to Acquire a Majority Interest in Green Street from Welsh, Carson, Anderson &amp; Stowe  https://t.co/Lz7WsYsnkh",M&A | Investments,M&A | Investments,True
2327,Creek Road Miners Enters Into a Term Sheet for a Merger With Prairie Operating Company  https://t.co/M7bkPQCdxE,M&A | Investments,M&A | Investments,True
2328,Morgan Health Announces New Investment in Centivo  https://t.co/hEaTUAO78l,M&A | Investments,M&A | Investments,True
2329,"Jefferies Announces Strategic Transactions to Simplify Operations to Continue Focus on Building the Leading Independent, Full-Service Global Investment Banking Firm  https://t.co/9xYXPdxjNN",M&A | Investments,M&A | Investments,True
2330,"Chase Corporation to Acquire NuCera Solutions, a Portfolio Company of SK Capital  https://t.co/mqV2V2vtKB",M&A | Investments,M&A | Investments,True
2331,"MST Solutions Is Acquired by Mastek, Expanding Service Offerings On A Global Scale  https://t.co/hwqZ1bVjWR",M&A | Investments,M&A | Investments,True
2332,Macquarie Asset Management Announces Agreement to Invest in Brazilian Port Terminal Operator CLI  https://t.co/I7SDCMkTtr,M&A | Investments,M&A | Investments,True
2333,Azelis expands Personal Care footprint in Asia Pacific with the acquisition of Chemical Solutions Sdn Bhd in Malaysia  https://t.co/jsyayiqsc2,M&A | Investments,M&A | Investments,True
2334,"FCPT Announces Acquisition of an Advance Auto Parts Property for $928,000  https://t.co/1csyjjhuuV",M&A | Investments,M&A | Investments,True
2335,ITHAX Acquisition Corp. Shareholders Approve Business Combination with Mondee  https://t.co/6QDWuQbWY8,M&A | Investments,M&A | Investments,True
2336,Generational Equity Advises Sauers Tree &amp; Landscape Service in its Sale to Orion Group  https://t.co/3Q1gXI8IVk,M&A | Investments,M&A | Investments,True
2337,Teledyne Acquires Majority Interest in NL Acoustics  https://t.co/1fN4vpZiAU,M&A | Investments,M&A | Investments,True
2338,Crosslake Technologies Announces Acquisition of Cybersecurity Advisory Firm VantagePoint  https://t.co/RObwMQM1dA,M&A | Investments,M&A | Investments,True
2339,"Ryan Acquires Leading Grants Discovery and Screening Platform, Fundingportal  https://t.co/v83nLNfXf6",M&A | Investments,M&A | Investments,True
2340,Marinus Pharmaceuticals Sells Rare Pediatric Disease Priority Review Voucher for $110 Million  https://t.co/YfRzketxec,M&A | Investments,M&A | Investments,True
2341,Sensata Technologies Completes Acquisition of Dynapower  https://t.co/hBMpwFkdfJ,M&A | Investments,M&A | Investments,True
2342,Transact Campus Acquires Valued Partner Hangry; Further Enhances Mobile-Centric Campus Interaction Solutions  https://t.co/pLu6VYlf3f,M&A | Investments,M&A | Investments,True
2343,Generation Mining Acquires Option On Construction Camp In Marathon  https://t.co/PCkceuksJA,M&A | Investments,M&A | Investments,True
2344,"Bonsai Capital Acquires Regional, Third-Party Logistics Company DC Logistics  https://t.co/LFnjqRenf2",M&A | Investments,M&A | Investments,True
2345,Forescout Completes its Acquisition of Cysiv to Deliver Automated True Threat Response  https://t.co/v4EVSeSx1i,M&A | Investments,M&A | Investments,True
2346,"Stellus Capital Management, LLC Provides Unitranche Financing in Support of Blue Sage Capital’s Acquisition of Baker Manufacturing Company, LLC.  https://t.co/6PdwndO8ER",M&A | Investments,M&A | Investments,True
2347,Madison Dearborn Partners To Acquire Majority Stake in Unison from Carlyle  https://t.co/Y07OLhOgZK,M&A | Investments,M&A | Investments,True
2348,"123Dentist and Altima Dental Announce a Strategic Merger with Support from Peloton Capital, KKR, and Heartland Dental  https://t.co/YwlAuWzanm",M&A | Investments,M&A | Investments,True
2349,Serent Capital Announces Acquisition of Portfolio Company Motility Software By Reynolds and Reynolds  https://t.co/dmjzdevTRH,M&A | Investments,M&A | Investments,True
2350,Compass Precision Purchases Strom Manufacturing  https://t.co/lUais51gkI,M&A | Investments,M&A | Investments,True
2351,"Nintendo has purchased the Computer Generated production company Dynamo Pictures, and will rename it “Nintendo Pictures”",M&A | Investments,M&A | Investments,True
2352,"Elon Musk wants to terminate his $44 billion acquisition of Twitter, but the board isn't giving up without a fight",M&A | Investments,M&A | Investments,True
2353,China’s Ganfeng Lithium buys lithium mines in Argentina,M&A | Investments,M&A | Investments,True
2354,Amazon to acquire One Medical in deal valued at $3.9 billion,M&A | Investments,M&A | Investments,True
2355,Royal Caribbean to buy Endeavor cruise ship at 'significantly below' construction cost,M&A | Investments,M&A | Investments,True
2356,"$ERIC $VG - Ericsson wraps acquisition of Vonage, seeing $400M in revenue synergies",M&A | Investments,M&A | Investments,True
2357,"$ACN - Accenture to acquire Eclipse Automation, terms not disclosed",M&A | Investments,M&A | Investments,True
2358,$ICE - Intercontinental Exchange acquires climate risk analytics firm,M&A | Investments,M&A | Investments,True
2359,$ABB - ABB to spin off its Accelleron turbocharging business with 1-for-20 shares,M&A | Investments,M&A | Investments,True
2360,"$ABBV - AbbVie to inject $60M in iSTAR, gets option to acquire eye care device maker",M&A | Investments,M&A | Investments,True
2361,$HI - Hillenbrand to acquire LINXIS Group for €572M; to explore strategic alternatives for Batesville Business,M&A | Investments,M&A | Investments,True
2362,$PH - UK government approves Parker Hannifin's £6.3B acquisition of Meggitt,M&A | Investments,M&A | Investments,True
2363,$HEI $HEI.A - Heico takes 96% stake in Accurate Metal Machining,M&A | Investments,M&A | Investments,True
2364,$CVNA - Luxor raises passive stake in Carvana to 5.9%,M&A | Investments,M&A | Investments,True
2365,$FFHL - Fuwei Films unit to merge with video-centric technology solution provider Baijiayun,M&A | Investments,M&A | Investments,True
2366,$AJG - Arthur J. Gallagher acquires Canadian executive search firm,M&A | Investments,M&A | Investments,True
2367,$PRMW - Primo Water acquires Highland Mountain Water,M&A | Investments,M&A | Investments,True
2368,"$CCO - Clear Channel Outdoor said near sale of British, European units",M&A | Investments,M&A | Investments,True
2369,$SBUX - Starbucks said to be considering sale of UK business,M&A | Investments,M&A | Investments,True
2370,$HR $HTA $WELL - Healthcare Trust shareholders approve deal with Healthcare Realty,M&A | Investments,M&A | Investments,True
2371,$GRRR - Taiwanese AI solutions provider Gorilla Technology goes public through SPAC merger,M&A | Investments,IPO,False
2372,$KKR - KKR to acquire 25% stake in CK Group-backed Northumbrian Water for $1.02B,M&A | Investments,M&A | Investments,True
2373,"$MHGU - Meritage acquires six Wendy’s restaurants located in Jacksonville, Florida; expects a strong second half",M&A | Investments,M&A | Investments,True
2374,$NLSN $BAM - Nielsen sale to Elliott/Brookfield approved by European antitrust regulator,M&A | Investments,M&A | Investments,True
2375,$BAYRY $BAYZF - Bayer to sell testosterone therapy Nebido to Grünenthal for up to €500M,M&A | Investments,M&A | Investments,True
2376,$FLYW - Flywire acquires Cohort Go to accelerate its education business,M&A | Investments,M&A | Investments,True
2377,"$RPRX $TBPH $INVA - Royalty Pharma to buy royalty interest in Trelegy drug from Theravance, Innoviva for $1.3B",M&A | Investments,M&A | Investments,True
2378,$BTWN $BTWNU $BTWNW - SPAC Bridgetown said considering deal to take  https://t.co/1UTfS1Ivra public,M&A | Investments,IPO,False
2379,$WTRG - Essential Utilities subsidiary offers $1.1B for Bucks County water assets,M&A | Investments,M&A | Investments,True
2380,$KLR - Kaleyra rejects unsolicited offer to acquire Campaign Registry,M&A | Investments,M&A | Investments,True
2381,$DPLS - Dark Pulse intends to acquire optic fibre maker based in India,M&A | Investments,M&A | Investments,True
2382,$SIMO $MXL - MaxLinear filed with China's antitrust regulator for planned Silicon Motion deal,M&A | Investments,M&A | Investments,True
2383,$MITQ - Moving Image Technologies and Alamo Drafthouse Cinemas announce purchase agreement for Barco SP4k projectors,M&A | Investments,M&A | Investments,True
2384,$HTA $HR $WELL - Healthcare Trust/Healthcare Realty deal likely to get shareholder approval - analyst,M&A | Investments,Analyst Update,False
2385,$LHX - L3Harris reportedly drops bid for Israeli spyware following U.S. concerns,M&A | Investments,Legal | Regulation,False
2386,$GSMGW $GSMG - Glory Star New Media inks deal to go private,M&A | Investments,IPO,False
2387,Twitter has called Elon Musk's attempt to walk away from his $44bn acquisition of the company 'invalid and wrongful' and accused the billionaire of breaching the merger agreement,M&A | Investments,M&A | Investments,True
2388,So this Twitter $TWTR deal appears to be the first time @elonmusk ever pulled out  #Repopulation #NineKids (that we know of),M&A | Investments,M&A | Investments,True
2389,"Bain, CVC Advance To Second Round Of Bidding For Toshiba - Nikkei",M&A | Investments,M&A | Investments,True
2390,"$YHEKF - Yeahka Ramps Up E-Commerce Bid, But Investors Cash Out.  https://t.co/ykA9pFh9Qf #stockmarket #finance #trading",M&A | Investments,Stock Movement,False
2391,$NNDM - Nano Dimension: New Growth Prospects With The Acquisition Of Formatec Holding.  https://t.co/REYqv7drrg #markets #economy #finance,M&A | Investments,M&A | Investments,True
2392,$IS $U - ironSource Sells Out To Unity.  https://t.co/nnFgb6QR23 #markets #stockmarket #business,M&A | Investments,M&A | Investments,True
2393,$EGY $TGA - Merger Time: Vaalco Buys TransGlobe Energy.  https://t.co/tv41PHE4Go #stocks #markets #finance,M&A | Investments,M&A | Investments,True
2394,$TWOU - 2U: On The Verge Of A $1 Billion Ed-Tech Buyout.  https://t.co/JBGbQjwEVQ #stockmarket #economy #finance,M&A | Investments,M&A | Investments,True
2395,$PSTH - Pershing Square Tontine Holdings Is Winding Up.  https://t.co/GL8yIsFcFc #stocks #economy #investing,M&A | Investments,Stock Movement,False
2396,$TWTR - Twitter: Elon Musk Likely Is Ultimately Going To Close The Deal.  https://t.co/s9sNw3BPMh #markets #finance #trading,M&A | Investments,Stock Commentary,False
2397,"Mobility app Marti will announce its planned merger with a blank-check company within weeks, a deal that marks the first IPO by a Turkish company via a SPAC in New York",M&A | Investments,IPO,False
2398,ABB plans to spin off its Accelleron turbocharging business and list it on the Swiss stock exchange in October,M&A | Investments,M&A | Investments,True
2399,Polymetal plans to sell its Russian assets in an effort to shield its remaining business from sanctions,M&A | Investments,Legal | Regulation,False
2400,"7-Eleven Malaysia is considering selling its Caring pharmacy chain, and could seek a valuation for the retailer of about $400 million in a deal",M&A | Investments,M&A | Investments,True
2401,"Genting Singapore, one of the city-state’s two casino operators, said it was informed that controlling shareholder Genting Bhd. received an unsolicited approach for its holding in the company",M&A | Investments,M&A | Investments,True
2402,Brookfield and DigitalBridge have reached an agreement for a majority stake in Deutsche Telekom AG’s tower business,M&A | Investments,M&A | Investments,True
2403,Viaplay in talks to buy Premier Sports as the fast-growing Nordic streaming company seeks to gain more broadcasting rights ahead of its UK launch,M&A | Investments,M&A | Investments,True
2404,Mubadala is in talks to acquire asset manager Fortress from Japanese conglomerate SoftBank,M&A | Investments,M&A | Investments,True
2405,The CEO of Rogers defended his company’s C$20 billion deal to buy rival Shaw after a nationwide network failure left millions without service and drew the ire of Canada’s industry minister,M&A | Investments,Personnel Change,False
2406,The Walton-Penner family that's buying the NFL’s Denver Broncos for a record $4.65 billion added former US Secretary of State Condoleezza Rice to its ownership group,M&A | Investments,M&A | Investments,True
2407,"Frontier Airlines has asked buyout target Spirit to further delay a shareholder vote on their proposed merger, saying it’s still “very far” from winning sufficient support due to JetBlue's higher offer",M&A | Investments,M&A | Investments,True
2408,"NewAmsterdam Pharma, a biotechnology company that aims to treat metabolic diseases, is in talks to go public through a merger with blank-check firm Frazier Lifesciences",M&A | Investments,IPO,False
2409,Carlyle considers selling its $2 billion Sequa aircraft-parts business,M&A | Investments,M&A | Investments,True
2410,SK Capital Considers $2 Billion Sale of Chemical maker Geon Performance,M&A | Investments,M&A | Investments,True
2411,"Sephora, the cosmetics retailer owned by LVMH, agreed to sell its Russian subsidiary, making it the latest brand to pull out of the country",M&A | Investments,Legal | Regulation,False
2412,WATCH: The German government plans to take a 30% stake in Uniper as part of a bailout package for the company that has been batters by soaring gas prices. The government will also allow the utility to pass on some energy costs to customers  https://t.co/8B31yQc3pZ,M&A | Investments,Legal | Regulation,False
2413,WATCH: The German government plans to take a 30% stake in Uniper and will allow the utility to pass on some energy costs to customers as part of a bailout package that sources told Reuters could be finalized this week  https://t.co/8B31yQtEOz,M&A | Investments,Legal | Regulation,False
2414,Scorching temperatures across China have turned deadly and officials begin curtailing power to factories to keep air-conditioners on,Macro,Macro,True
2415,From Breakingviews - China’s multi-layered property crisis explained: podcast,Macro,General News | Opinion,False
2416,"Inflation in Sri Lanka will hit 70%, says central banker",Macro,Macro,True
2417,ADB slashes China's growth forecast on concerns over strict Covid lockdowns,Macro,Macro,True
2418,"Air travel complaints nearly tripled in May from same month in 2019, before the pandemic",Macro,Stock Movement,False
2419,China's homebuyers are running out of patience with the real estate slump,Macro,General News | Opinion,False
2420,UK inflation hits new 40-year high of 9.4% as cost-of-living crisis deepens,Macro,Macro,True
2421,Nuclear power plant lowers output to protect fish as Europe grapples with heatwave,Macro,General News | Opinion,False
2422,"Average rent in Manhattan was a record $5,000 last month",Macro,General News | Opinion,False
2423,"Economists worry the pandemic has reversed years of progress made in women's labor force participation. If changes are not made soon, they warn that trend will continue downwards.  https://t.co/UnHorhRfwp",Macro,General News | Opinion,False
2424,"China eked out GDP growth of 0.4% in the second quarter from a year ago, missing expectations as the economy struggled to shake off the impact of Covid controls.",Macro,Macro,True
2425,Retail sales rose more than expected in June as consumers remain resilient despite inflation,Macro,General News | Opinion,False
2426,"China will fare the worst if stagflation strikes, says S&amp;P Global Ratings",Macro,General News | Opinion,False
2427,"The average monthly rent for a Manhattan apartment surpassed $5,000 last month for the first time — and brokers say demand and prices are headed even higher into the fall.",Macro,General News | Opinion,False
2428,"Private investment in space companies dropped during Q2 despite monster SpaceX round, report finds",Macro,General News | Opinion,False
2429,"Grocery prices were up 12% in June — the largest yearly jump since 1979. @KristinaParts breaks down how much more we are paying for items like butter, eggs, coffee and more.  https://t.co/KBvXU3TY3D",Macro,General News | Opinion,False
2430,"Average rent in Manhattan was a record $5,000 last month",Macro,General News | Opinion,False
2431,"The consumer price index increased 9.1% from a year ago in June, above the 8.8% Dow Jones estimate.",Macro,Earnings,False
2432,"BREAKING: Inflation rose 9.1% in June, even more than expected, as price pressures intensify.  https://t.co/QVBftwCpcf",Macro,Earnings,False
2433,Americans are canceling deals to buy homes at the highest rate since the start of the pandemic. @DianaOlick reports.,Macro,General News | Opinion,False
2434,Goldman says no recession yet but watch these indicators for signs that one is coming,Macro,General News | Opinion,False
2435,"China factories are feeling some heat as U.S., Europe demand slows",Macro,Macro,True
2436,"We’ve posted new data from the June 2022 SCE Credit Access Survey, which provides information on consumers' experiences with, and expectations about, credit demand and credit access.    https://t.co/rKCAyhjmfY",Macro,General News | Opinion,False
2437,Home sales fell sharply in May.  https://t.co/XAK7K7Km7H,Macro,General News | Opinion,False
2438,"The July Empire State Manufacturing Survey indicates that manufacturing activity increased modestly in New York State. The headline general business conditions index rose 12 points to 11.1, though firms turned pessimistic about the six-month outlook.     https://t.co/psUPHTqeZT",Macro,Earnings,False
2439,U.S. HOME PRICE CHANGES  We’ve posted new data on year-over-year on home price changes through May 2022. Hover over a county for granular data.  ➡️   https://t.co/p3j4DMRHre  #housingmarket,Macro,Macro,True
2440,"SURVEY OF CONSUMER EXPECTATIONS June 2022  Inflation expectations increase at the short term, but decline at the medium and longer terms; Home price growth expectations decline sharply.   https://t.co/a2fwvSDnuc",Macro,Macro,True
2441,Housing starts and building permits for June $SPY $QQQ $DIA  https://t.co/LzEmmlQJhI #economy #stockmarket,Macro,General News | Opinion,False
2442,$SUMRX: Economic Summary,Macro,General News | Opinion,False
2443,$ECONX: June Core PPI 0.4% vs 0.5%  https://t.co/M9gpUZQoF7 Consensus; prior revised to 0.6% from 0.5%,Macro,Earnings,False
2444,$ECONX: Weekly MBA Mortgage Applications Index -1.7%; prior -5.4%,Macro,Earnings,False
2445,$SUMRX: Economic Summary,Macro,General News | Opinion,False
2446,"CFOs on average expect real GDP to grow 1.5% over the next 12 months, down from an expectation of 2.5% last quarter. Across CFOs, the average probability of negative GDP growth over the next 12 months was 21%, compared to a 12% probability last quarter. #TheCFOSurvey",Macro,Macro,True
2447,"The CFO Optimism Index about the U.S. economy continued its steep decline in Q2 2022. On a scale from 0 to 100, optimism fell to 50.7 this quarter, compared to 54.8 last quarter and 60.3 two quarters ago:  https://t.co/qjOSP2RM1Y #TheCFOSurvey",Macro,Macro,True
2448,"Soybeans weak today but appears a buyer in March 2023 futures $1800 call options for $13.75 at 2000X, odd trade",Macro,Gold | Metals | Materials,False
2449,Sales of fixed-rate annuities are expected to log a record for the second quarter amid market turmoil   https://t.co/Atihy9skUG via @WSJ,Macro,Company | Product News,False
2450,The fact that core CPI (excludes. food and energy) was up for June M/M is a concern the Fed mentioned yesterday. They've been hiking and core is still rising. Most don't realize that there's much more to CPI/PCE than commodity prices.,Macro,Fed | Central Banks,False
2451,"@network_surrey The market started to price it in last Friday after NFP, although small odds currently. If CPI comes in over 8, and no Fed meeting in August, it could move up.",Macro,General News | Opinion,False
2452,FF futures pricing in a 9.4% probability of 100-bps end of month. Curious to see if an  expected higher CPI tomorrow puts moves that number.,Macro,Fed | Central Banks,False
2453,"United States Broadcast Equipment Markets, 2022-2027 - Implementation of AI-Based Technologies &amp; Surging Usage of Digital Platforms and Improving Cloud Infrastructure -  https://t.co/guyiBzPH8C  https://t.co/GgbRL8xzx8",Macro,Company | Product News,False
2454,Kyriba’s Currency Impact Report: Multinationals’ FX Impacts Surge to $24 Billion  https://t.co/Hii5asc9Kn,Macro,Currencies,False
2455,The Worldwide Fetal &amp; Neonatal Care Equipment Industry is Expected to Reach $13 Billion by 2027 -  https://t.co/guyiBzPH8C  https://t.co/ZkemDm3cev,Macro,Company | Product News,False
2456,The Worldwide Yogurt Drink Industry is Expected to Reach $86 Billion by 2030 -  https://t.co/guyiBzPH8C  https://t.co/WLKG9AUTid,Macro,Company | Product News,False
2457,Vietnam Wheat Protein Market Report 2022 -  https://t.co/guyiBzPH8C  https://t.co/FHcUbWbiNo,Macro,Company | Product News,False
2458,Recreational Fishing Participation Continues Long-Term Growth Trend Following Record Pandemic Year  https://t.co/Ql4unqfYFp,Macro,General News | Opinion,False
2459,The Worldwide Sewing Machine Industry is Expected to Reach $6 Billion by 2028 -  https://t.co/guyiBzPH8C  https://t.co/U3jJqsXmRg,Macro,Company | Product News,False
2460,Best’s Special Report: U.S. Inland Marine Insurance Segment Rebounding From Pandemic Obstacles  https://t.co/JCmlCmPAdW,Macro,General News | Opinion,False
2461,More than 60% of Boise Home Sellers Dropped Their Asking Price in June Amid Cooling Market  https://t.co/FxjGOHRZPW,Macro,Stock Movement,False
2462,The Worldwide Stand Up Paddleboard Industry is Expected to Reach $551 Million by 2027 -  https://t.co/guyiBzPH8C  https://t.co/kysHpKGWfi,Macro,Company | Product News,False
2463,Taiwanese Bicycle Industry Growing at Fast Pace  https://t.co/NxtAiS4DC7,Macro,Company | Product News,False
2464,"North America Hotel Guest Satisfaction Declines as Travel Volume, Room Rates Rise, J.D. Power Finds  https://t.co/tGmCgbSVTh",Macro,Company | Product News,False
2465,"IBD/TIPP Poll Shows Slight Improvement in Economic Optimism Overall, But Personal Financial Outlook Continues to Fall  https://t.co/Lwes0dHBnX",Macro,General News | Opinion,False
2466,"US Mortgage Delinquency Rate Drops in April for 13th Straight Month, CoreLogic Reports  https://t.co/lrvh4UlqMX",Macro,Stock Movement,False
2467,Q3 2022 Insurance Labor Market Study Is Now Open  https://t.co/kPgcQQ0r0l,Macro,General News | Opinion,False
2468,Asian decarbonisation efforts hampered by fragmented market but recent trends are encouraging – new report from Janus Henderson  https://t.co/GLB3M7gKSi,Macro,Macro,True
2469,"""Americans will spend $165 million LESS today on gasoline than a month ago""",Macro,Stock Movement,False
2470,The consensus view among economists and investors seems to be that economic growth will continue to slow,Macro,Macro,True
2471,Businesses decamp to Texas despite lurch to social right,Macro,Politics,False
2472,Sri Lanka opposition leader calls on IMF for ‘humane’ treatment,Macro,Politics,False
2473,US tourists drive rebound in foreign visitors to London’s top attractions,Macro,Stock Movement,False
2474,Labour shortages in southern Europe threaten post-Covid building boom,Macro,Macro,True
2475,Tunisia’s scarred economy dealt further blow by war in Ukraine,Macro,Macro,True
2476,Global population growth hits lowest rate since second world war,Macro,Macro,True
2477,"Cutting China tariffs will not tame inflation, warns US commerce secretary",Macro,Macro,True
2478,"Hot US jobs numbers cannot last much longer, economists warn",Macro,Macro,True
2479,"The outlook for Myanmar’s economy remains weak as surging inflation, dollar shortages and lingering domestic conflict pose challenges to its pandemic recovery, according to the World Bank",Macro,Macro,True
2480,"The Asian Development Bank cut its economic growth forecasts for developing Asia, reflecting “worsened” prospects because of the war in Ukraine, faster monetary policy tightening in advanced economies and China’s Covid lockdowns",Macro,Macro,True
2481,"India is planning a $10 billion tender for 50,000 electric buses to decarbonize public transport and meet its emissions goals (via @climate)",Macro,Energy | Oil,False
2482,"Hungary has so far failed to allay EU concerns over alleged corruption and violations of the rule of law, paving the way for an escalation of a budget standoff",Macro,Legal | Regulation,False
2483,"Hungary has so far failed to allay EU concerns over alleged corruption and violations of the rule of law, paving the way for an escalation of a budget standoff",Macro,Legal | Regulation,False
2484,"Low water levels in the Rhine river may have a similar impact on German economic output as they did in 2018, according to Berenberg",Macro,Energy | Oil,False
2485,US mortgage applications to buy or refinance a home fell to their lowest since the turn of the millennium in the latest sign of slowing housing demand,Macro,Macro,True
2486,Discounted Russian oil and higher import taxes on gold won’t be enough to improve India’s external finances as a weak rupee makes imports costlier and widens the current account deficit,Macro,Currencies,False
2487,"India is planning a $10 billion tender for 50,000 electric buses to decarbonize public transport and meet its emissions goals",Macro,Company | Product News,False
2488,"UK company finance directors are bracing for a recession and a doubling of interest rates in their most pessimistic outlook since 2008, according to a Deloitte survey",Macro,Macro,True
2489,Salaries for workers in Austin and other large Texas cities are climbing toward Silicon Valley levels as a surge in corporate relocations to the Lone Star State drives up demand for employees,Macro,General News | Opinion,False
2490,Soaring mortgage rates hit California home sales hard. The pace of deals in June was down 21% from a year earlier,Macro,Stock Movement,False
2491,India will consider giving more assistance to Sri Lanka to help rescue the island nation from the worst economic crisis since independence,Macro,General News | Opinion,False
2492,These are the US cities where rents have soared the most,Macro,General News | Opinion,False
2493,"Russians have bought 5,849 homes in Turkey this year, making them the biggest buyers by nationality",Macro,General News | Opinion,False
2494,"Polish households are facing a 180% increase in electricity prices next year, the country’s energy regulator warns",Macro,Macro,True
2495,"US teens are flooding back to the labor market this summer, hoping to pocket some extra cash as inflation surges across the country (via @katiadmi)",Macro,General News | Opinion,False
2496,Germany produced a record amount of electricity from solar on Sunday and is set to exceed that again as a heatwave grips Europe (via @climate),Macro,Energy | Oil,False
2497,"While inflation is “far too high” and exacerbated by external factors like the war in Ukraine, Canada’s finance minister says the economy can withstand the pressures and avoid a crash",Macro,Macro,True
2498,Indonesia will waive its palm oil export levy until the end of August in a fresh attempt to boost shipments and reduce its overflowing stockpiles,Macro,Currencies,False
2499,"Manhattan apartment rents keep shattering records, with the median hitting $4,050 in June. And there's only more pain ahead for prospective tenants",Macro,Stock Movement,False
2500,The US economy is putting out very mixed signals (via @RichMiller28),Macro,Macro,True
2501,"Any move by China to end a near two-year ban on Australian coal imports would be a key step in restoring ties between the nations, according to Australian Treasurer Jim Chalmers",Macro,Politics,False
2502,US nowcast model says recession might already be here (via @asokol_econ &amp; @RoyeBjorn)  https://t.co/pVVgo2ycNh,Macro,Macro,True
2503,"Black US households have consistently experienced higher inflation rates than their White peers since the Great Recession, according to a Richmond Fed study",Macro,Macro,True
2504,Home prices drop for a third straight month in Canada as the impact of higher borrowing costs begins to spread across the country,Macro,Stock Movement,False
2505,"South Africa is considering more than doubling the amount private power producers can generate without requiring a license in a bid to reduce blackouts, sources say",Macro,Legal | Regulation,False
2506,China’s attempt to strike a wide-ranging economic and security pact in the strategically important Pacific region fell apart in May because of Beijing’s rushed attempts at diplomacy,Macro,Politics,False
2507,"Chinese’s property prices fall for a 10th month, underscoring how government relief efforts are failing to curb the country’s spiraling real estate crisis",Macro,Macro,True
2508,South Africa is weighing measures to accelerate spending by its towns and cities that are struggling to provide basic services such as water and electricity,Macro,Legal | Regulation,False
2509,China’s broad budget deficit in the first six months of the year widened to a record as government spending climbed and falling land sales and tax breaks cut income,Macro,Macro,True
2510,Chinese authorities hold emergency meetings with banks after growing alarmed that an increasing number of homebuyers across the country are refusing to pay mortgages on stalled projects,Macro,Legal | Regulation,False
2511,Applications for US state unemployment insurance rose to the highest level since November during the week that included the July 4th holiday and as more companies announce job cuts,Macro,Stock Movement,False
2512,"India’s wholesale inflation eased from a 3-decade high in June, amid some softening in prices of global commodities including crude and edible oils that are key imports for the nation",Macro,Macro,True
2513,"Consumer prices in Sweden surge to a fresh record, putting pressure on the country’s central bank to raise interest rates faster than planned",Macro,Macro,True
2514,China will take further measures to stabilize employment as the country grapples with a flagging economy battered by the Covid pandemic and a crumbling real estate market,Macro,Macro,True
2515,"A 60% surge in prices at the gasoline pump was a key driver last month in sending US inflation to the fastest pace in more than 40 years, spreading pain across the economy",Macro,Energy | Oil,False
2516,"President Biden seeks to downplay a report showing higher than expected inflation in June, calling it “out of date” because of declining US gasoline prices",Macro,General News | Opinion,False
2517,"China’s imports of edible oils plunge to the smallest in more than seven years on weak demand from the restaurant industry as the impact of Covid lockdowns lingers, and on expectations that prices will drop even further",Macro,Macro,True
2518,"Nearly 5 months after Russia’s invasion of Ukraine sparked a global energy crisis, Italy is pulling ahead in reducing its dependency on Moscow",Macro,Politics,False
2519,"India’s consumer price gains were above the central bank’s target for a sixth straight month in June, signaling more interest rate hikes could be in store",Macro,Macro,True
2520,"The inflation rate for goods purchased online in the US slowed sharply last month, according to the Adobe Digital Price Index, though there was no letup in food prices which rose at the fastest pace on record",Macro,Macro,True
2521,"The risk of a UK recession in the next 12 months is now almost 50-50, according to a Bloomberg survey that underscores the darkening outlook for the economy",Macro,Macro,True
2522,"South Africa’s labor minister says he’ll oppose any move to privatize Eskom, as the state utility struggles to generate power, avoid outages and repay $23 billion of debt",Macro,Legal | Regulation,False
2523,Economists estimate U.S. retail sales grew in June as consumers absorbed higher prices and faced an uncertain economic outlook,Macro,Macro,True
2524,Europe’s economies showed resilience in May but remain vulnerable and could suffer a steep downturn should Russia stop supplying natural gas to the region,Macro,Energy | Oil,False
2525,Mortgage application activity index falls to lowest level since 2000,Macro,Stock Movement,False
2526,European Union proposes 15% reduction in gas use amid Russia threats,Macro,Legal | Regulation,False
2527,"U.S. inflation, recession concerns take a back seat in markets to someone else’s problems for now: Europe’s",Macro,Macro,True
2528,U.S. housing starts fall in June for the second straight month,Macro,Macro,True
2529,"GDP is giving us a misleading indication that the economy is heading toward recession, some economists say.  By several measures used for declaring recession, the U.S. is far from one.",Macro,Macro,True
2530,This measure of the money supply has been growing at the slowest rate since the Great Depression,Macro,Macro,True
2531,"As the U.S. annualized inflation rate hit a 41-year record of 9.1%, Social Security recipients may see cost-of-living adjustments to their checks next year like never before.",Macro,Macro,True
2532,"Average monthly rent in Manhattan tops $5,000 for first time",Macro,Macro,True
2533,"New York Empire State July factory activity gauge improves, but mood darkens",Macro,Company | Product News,False
2534,U.S. retail sales rose more than forecast in June,Macro,Earnings,False
2535,EU new car registrations hit lowest since 1996 in June,Macro,General News | Opinion,False
2536,U.S. unemployment claims hit highest level since last November,Macro,Stock Movement,False
2537,"For the first time since 1952, grocery prices have risen by 1% or more for six straight months.  Here are the items whose prices have increased the most amid the 41-year-high, 9.1% annualized inflation rate.",Macro,Macro,True
2538,"Black households faced 13.5% more volatile inflation in consumer goods compared to white households, according to a new research — meaning it was harder for them to figure out how much their money could buy over time.",Macro,General News | Opinion,False
2539,"Consumer spending moderated as high food and gas prices diminished discretionary income, several of the Federal Reserve’s regional districts reported.",Macro,Macro,True
2540,`Peak inflation will have to wait’: Traders see three more 8%-plus CPI readings despite falling gas prices,Macro,Macro,True
2541,Coming up: Consumer price index for June,Macro,General News | Opinion,False
2542,ZEW measure of German economic sentiment collapsed in July,Macro,Macro,True
2543,"70% of U.S. electricity transmission lines were more than 25 years old, according to the U.S. Department of Energy’s most recent network-infrastructure review.",Macro,General News | Opinion,False
2544,"‘Scary times’: Builders cut home prices and slow construction as buyers pull back, survey shows",Macro,General News | Opinion,False
2545,"$SYF - Synchrony credit card charge-off rate falls, delinquency rate stable in June",Macro,Financials,False
2546,"$VLVLY $VLY $DDAIF - EU passenger car registration down 15.4%, lowest month of June on record in terms of volume since 1996",Macro,Currencies,False
2547,"Export, import prices rise less than expected in June",Macro,Macro,True
2548,"$TAN $SHLS $FTCI - U.S. solar prices jumped 8% in Q2, reversing decade a cost declines",Macro,Energy | Oil,False
2549,July 4th holiday spending shows economy slowing into recession - Bank of America,Macro,Macro,True
2550,"Producer prices jump over 11% in June, more than expected",Macro,Macro,True
2551,"Economy expands at 'modest pace,' while concerns over recession risk increase",Macro,Macro,True
2552,White House seeks to 'provides context' before CPI report is released,Macro,General News | Opinion,False
2553,NFIB small business optimism falls way below consensus,Macro,Macro,True
2554,$HPQ $DELL $MSFT - Q2 Global PC Shipments fell double digit back on China lockdowns: IDC Report,Macro,Company | Product News,False
2555,"$JD $BABA $LOW - U.S. online retail sales to cross $1T in 2022, online share seen at 22.1%: FTI Consulting",Macro,Company | Product News,False
2556,GERMAN ECONOMY MINISTER: NORD STREAM 1 FLOWS COULD DROP BELOW 40% AS LOWERING GAS SUPPLIES IS PART OF PUTIN'S STRATEGY,Macro,Politics,False
2557,"EUROPEAN DIESEL IMPORTS FROM RUSSIA AT 825,000 BPD IN 1-19 JULY PERIOD, HIGHEST SINCE MARCH, VORTEXA DATA",Macro,Energy | Oil,False
2558,IRAQI GOVERNOR ANNOUNCES DISCOVERY OF NEW OIL WELLS IN ANBAR PROVINCE -STATE NEWS AGENCY,Macro,Energy | Oil,False
2559,IRAN KANAANI: TEHRAN WILL FACILITATE PEACE TALKS BETWEEN UKRAINE AND RUSSIA   Talks between Iranian FM and Ukrainian FM are underway,Macro,Politics,False
2560,"CHINESE CITY QINGDAO TO HOLD RCEP HIGH-LEVEL FORUM ON ECONOMIC, TRADE COOPERATION ON JULY 27-29 - STATE MEDIA",Macro,General News | Opinion,False
2561,"S.KOREAN WON OPENS ONSHORE TRADE AT 1,307.0 PER DOLLAR VS 1,313.4 AT PREVIOUS CLOSE",Macro,Currencies,False
2562,"RBA GOV LOWE: HOUSEHOLD SPENDING IS STILL PRETTY STRONG, EVEN IF THEY ARE CAUTIOUS  RBA GOV LOWE: LABOUR MARKET IS AN INCREDIBLY POSITIVE STORY, PAST POINT OF FULL EMPLOYMENT",Macro,Fed | Central Banks,False
2563,EUROPEAN UNION CONSIDERS 15% REDUCTION IN NATURAL GAS DEMAND FOR AUG-MARCH,Macro,Energy | Oil,False
2564,LIBYA'S NOC SUBSIDIARY MELLITAH SAYS PRODUCTION IS GRADUALLY RESTARTING AT EL FEEL OILFIELD,Macro,Company | Product News,False
2565,"CHINA, EU AGREE TO FURTHER PROMOTE TWO-WAY OPENING UP AND REGULATORY COOPERATION IN FINANCIAL SECTOR - CHINESE STATE MEDIA",Macro,General News | Opinion,False
2566,RUSSIA TO START BUYING GRAIN FOR STATE STOCKPILE IN AUGUST - AGRICULTURE MINISTRY,Macro,Company | Product News,False
2567,JAPAN CABINET APPROVAL RATING FALLS 2 PPTS TO 57% - ASAHI POLL,Macro,Macro,True
2568,U.S NAHB HOUSING MARKET INDEX (JUL) ACTUAL: 55 VS 67 PREVIOUS; EST 65,Macro,Macro,True
2569,WHITE HOUSE ADVISER DEESE: ANTICIPATES GASOLINE PRICES TO KEEP COMING DOWN THIS MONTH -MSNBC,Macro,General News | Opinion,False
2570,"S.KOREAN WON OPENS ONSHORE TRADE AT 1,318.3 PER DOLLAR VS 1,326.1 AT PREVIOUS CLOSE",Macro,Currencies,False
2571,"G20 FINANCE CHIEFS AGREE ON FOOD SECURITY, DIVIDED ON RUSSIA -SOURCES",Macro,General News | Opinion,False
2572,U.S INDUSTRIAL PRODUCTION (MOM) (JUN) ACTUAL: -0.2% VS 0.1% PREVIOUS; EST 0.1%  U.S MANUFACTURING PRODUCTION (MOM) (JUN) ACTUAL: -0.5% VS -0.2% PREVIOUS; EST -0.1%  U.S CAPACITY UTILIZATION RATE (JUN) ACTUAL: 80.0% VS 80.8% PREVIOUS; EST 80.6%,Macro,Macro,True
2573,CANADA WHOLESALE SALES (MOM) (MAY) ACTUAL: 1.6% VS -0.5% PREVIOUS; EST 2.0%  CANADA FOREIGN SECURITIES PURCHASES (MAY) ACTUAL: 2.35B VS 22.23B PREVIOUS  CANADA FOREIGN SECURITIES PURCHASES BY CANADIANS (MAY) ACTUAL: 0.57B VS 29.20B PREVIOUS  @MtlExchange,Macro,Financials,False
2574,"EU COMMISSION APPROVES 5.4B-EURO HYDROGEN PROJECT JOINTLY FUNDED BY FRANCE, GERMANY, ITALY, 12 OTHER EU COUNTRIES  EU COMMISSION SAYS PROJECT EXPECTED TO ATTRACT 8.8B EURO IN PRIVATE INVESTMENTS || EU SAYS 35 COMPANIES WILL TAKE PART IN 41 PROJECTS UNDER JOINT HYDROGEN SCHEME",Macro,M&A | Investments,False
2575,ITALIAN CPI (MOM) (JUN) ACTUAL: 1.2% VS 1.2% PREVIOUS; EST 1.2%,Macro,Macro,True
2576,SOUTH KOREA (JUNE) IMPORT PRICE INDEX (YOY) ACTUAL: 33.6% VS 36.3% PREVIOUS  SOUTH KOREA (JUNE) EXPORT PRICE INDEX (YOY) ACTUAL: 23.7% VS 23.5% PREVIOUS,Macro,Currencies,False
2577,CHINA'S  WANG - CHINA-US TIES ARE AT A `CRITICAL' MOMENT - XINHUA,Macro,Politics,False
2578,"SAUDI ARABIA IMPORTS AT LEAST 647,000 T OF RUSSIAN FUEL OIL IN APR-JUNE, MORE THAN DOUBLE IMPORTS A YEAR EARLIER- DATA, TRADERS",Macro,Energy | Oil,False
2579,RUSSIA'S PUTIN SIGNED A LAW THAT GIVES BANKS THE RIGHT TO INTRODUCE NEGATIVE RATES ON FOREIGN CURRENCY DEPOSITS OF LEGAL ENTITIES,Macro,Legal | Regulation,False
2580,CHINA'S PREMIER LI: CHINA'S ECONOMY STABILISED AND RECOVERED IN JUNE - STATE MEDIA,Macro,Macro,True
2581,SPAIN'S ECONOMY MINISTER SAYS GOVERNMENT WILL REVISE INFLATION FORECAST UP,Macro,Macro,True
2582,ZELENSKY'S ECONOMIC ADVISER OLEG USTENKO SAYS UKRAINE NEEDS $9B/MONTH TO COVER BUDGET DEFICIT NOT $5B/MONTH,Macro,Macro,True
2583,"JAPAN CHIEF CABINET SECRETARY MATSUNO: WILL CLOSELY MONITOR HOW U.S. INFLATION TRENDS, MONETARY POLICY CHANGES AFFECT JAPAN, GLOBAL ECONOMY",Macro,Macro,True
2584,"S.KOREAN WON OPENS ONSHORE TRADE AT 1,306.5 PER DOLLAR VS 1,306.9 AT PREVIOUS CLOSE",Macro,Currencies,False
2585,JAPAN (JULY 8) FOREIGN BUYING JAPAN STOCKS ACTUAL: 526.3B VS -490.4B PREVIOUS  JAPAN (JULY 8) FOREIGN BUYING JAPAN BONDS ACTUAL: 2066.5B VS 330.5B PREVIOUS,Macro,Markets,False
2586,MOLDOVA'S GAS AUTHORITY ASKS AUTHORITIES TO RAISE CONSUMER PRICES BY ABOUT 60% TO BE ABLE TO PAY RUSSIAN DUES - RTRS,Macro,Legal | Regulation,False
2587,FITCH RATINGS: TRADITIONAL AUTOMAKERS TO RAMP UP EV COMPETITION IN CHINA,Macro,Company | Product News,False
2588,SOUTH KOREA (JUN) UNEMPLOYMENT RATE ACTUAL: 2.9% VS 2.8% PREVIOUS; EST 2.8%,Macro,Macro,True
2589,U.S. ENERGY SECRETARY GRANHOLM - HAS TOOLS TO HELP MINERS DEVELOP PROJECTS,Macro,Energy | Oil,False
2590,"FRENCH CENTRAL BANK BUSINESS CLIMATE SURVEY - FEWER FRENCH FIRMS TO RAISE PRICES THIS MONTH, LABOUR SHORTAGE RISE FURTHER",Macro,Macro,True
2591,"JAPAN PM KISHIDA: PANEL I HEAD WILL MEET THIS WEEK TO KICK OFF DISCUSSIONS ON STEPS TO CUSHION BLOW FROM RISING FOOD, FUEL PRICES",Macro,Macro,True
2592,PACIFIC LEADERS TO DISCUSS CHINA’S SECURITY PITCH - AFR,Macro,Politics,False
2593,The United States economy has recovered quickly from the pandemic but the bounce back in demand has stressed supply chains and sharply raised inflation.  Read our annual economic assessment and policy recommendations for the 🇺🇸:  https://t.co/vdAsZKPkbD,Macro,Macro,True
2594,"In June, privately owned U.S. housing starts decreased 2.0% to a seasonally adjusted annual rate of 1.559 million. The prior month’s pace was revised and increased to 1.591 million  https://t.co/sCVMqEL6jS",Macro,Macro,True
2595,"Average U.S. diesel and gasoline prices per gallon decreased in the week ended July 18. Diesel prices fell to $5.43 per gallon, and gasoline prices dropped to $4.49 per gallon  https://t.co/mKbiZw83HI",Macro,Energy | Oil,False
2596,"U.S. export prices rose 0.7% in June after advancing 2.9% in May. Prices for agricultural exports fell 0.3% for the month, while nonagricultural export prices rose 0.9%  https://t.co/SYVH5uoc1b",Macro,Macro,True
2597,"Sticky price CPI (slow-to-change consumer prices) from @AtlantaFed increased at an annualized rate of 8.1% in June, up from a 7.5% rise in May  https://t.co/gbEDyn3Il4",Macro,Macro,True
2598,"U.S. import prices rose 0.2% in June following a 0.5% increase in May. Excluding fuel prices, which grew 5.7%, import prices in June fell 0.5%  https://t.co/QemR67QiFp",Macro,Macro,True
2599,"U.S. retail and food service sales increased 1.0% in June to $680.6 billion. Sales at gasoline stations and food and beverage stores rose 3.6% and 0.4%, respectively, while sales at department stores decreased 2.6%  https://t.co/WKOoSd98SA",Macro,Macro,True
2600,"Initial claims for unemployment insurance benefits increased by 4,000 in the week ended July 2, to 235,000. The four-week moving average rose for a fifth straight week, to 232,500  https://t.co/rlPWtXue3p",Macro,Macro,True
2601,Breaking news: The rate of UK inflation rose to a fresh 40-year high of 9.4% in June as a sharp rise in petrol prices drove the rate towards double digits for the first time since 1982  https://t.co/kKmrJhoqXp,Macro,Macro,True
2602,"The International Energy Agency has warned that Europe must take immediate steps to reduce gas consumption, urging governments to cap air-conditioning use and start auctioning gas to industry groups or risk rationing during the coldest months",Macro,Politics,False
2603,"The UK foreign secretary said she would cancel a planned 6p rise in corporation tax worth £17bn a year, abolish a £12bn increase in national insurance contributions, and lift the green energy levy on consumers’ bills for two years at a cost of £4.2bn",Macro,Politics,False
2604,"The Northern Ireland Protocol has poisoned relations with the EU, and is raising fears of a trade war and the prospect of British scientists being excluded from a €95bn research programme",Macro,Politics,False
2605,Goldman Sachs: The economy 'is going to slow a lot' — but there is one big upside  https://t.co/JbETDmGjxi by @BrianSozzi,Macro,Stock Commentary,False
2606,The housing market enters into recession—here’s what to expect next  https://t.co/lj1znsHYOc via @FortuneMagazine,Macro,Macro,True
2607,"“Our base case is that these five quarters of negative GDP growth, the peak-to-trough decline in GDP is going to be around 1.5%,” @BofA_Business’ Jill Carey Hall says. “Which is similar to the recession in the early ‘90s.”",Macro,Macro,True
2608,"Inflation: 'Consumers are reacting' to high food prices, says grocer  https://t.co/LANjbh0Ube by @ines_ferre",Macro,General News | Opinion,False
2609,"Inflation: Consumers spend 40% of monthly food budgets on restaurants, survey reveals  https://t.co/3bAFrkKCrt by @alliecanal8193",Macro,General News | Opinion,False
2610,"Inflation: Coffee visits to Starbucks, Dunkin' drop as record-high pricing takes hold  https://t.co/W4xyBM7fSM by @alliecanal8193",Macro,General News | Opinion,False
2611,"Vehicle related cost changes YOY from June CPI report:  Motor fuel: +60.2% Motor oil, coolant, and fluids: +18.7% Tires: +15.4% New cars: +12.5% New trucks: +11.1% Used cars and trucks: +7.1%",Macro,Macro,True
2612,"The YOY change in the cost of medical supplies, according to the new CPI report for June:  Health insurance: +17.3% Dental services: +4.7% Nursing homes and adult day services: +4.6% Hospital services: +3.9% Eyeglasses and eye care: +3.3% Physicians' services: +1.0%",Macro,Macro,True
2613,"Inflation: Online prices slow in June, shows Adobe data  https://t.co/WoO9Fypant by @ines_ferre",Macro,General News | Opinion,False
2614,Bostic: Recent inflation data not as encouraging as hoped  https://t.co/HSXDZSWIHD,Macro,Macro,True
2615,"European leaders rushed to secure a handful of energy-supply deals, part of a broader, monthslong effort by the continent to reduce its reliance on energy from Russia",Macro,Politics,False
2616,Foreign purchases of U.S. homes slid for a fifth straight year as the pandemic continued to limit international travel and the dollar strengthened,Macro,Macro,True
2617,PPI index hits 11.3%  WOW! Another record.,Macro,Macro,True
2618,Companies Swallow $2.1 Billion in Taxes as Executive Pay Climbs - WSJ,Macro,General News | Opinion,False
2619,U.S. GDP may fall again in Q2. Does it mean recession? - Reuters,Macro,Macro,True
2620,Clogged California ports face new labor risk from trucking - Reuters,Macro,General News | Opinion,False
2621,"CEO pay gains far outpace rising wages, says new union report - Reuters",Macro,General News | Opinion,False
2622,Europe Fears Widespread Economic Fallout if Russian Gas Outage Drags On - WSJ,Macro,Macro,True
2623,U.S. retail sales beat expectations in June,Macro,Earnings,False
2624,China's refinery output in first annual decline since at least 2011 - Reuters,Macro,Energy | Oil,False
2625,US Economy Careens Between Glee and Gloom With Each Data Release - BBG,Macro,General News | Opinion,False
2626,"Japan business mood subdued on chip shortage, raw material costs - Reuters Tankan",Macro,Macro,True
2627,Demand for big mortgages is shrinking as home prices moderate and expensive houses linger on the market - CNBC,Macro,Stock Movement,False
2628,Housing Could Provide More Fuel for Inflation - WSJ,Macro,Macro,True
2629,French Manufacturing Confidence Jul: 106 (est 106; prev 108)  - French Business Confidence Jul: 103 (est 103; prev 104),Macro,Macro,True
2630,US Existing Home Sales Change Jun: 5.12M (est 5.35M; prev 5.41M)    - Existing Home Sales (M/M): -5.4% (est -1.1%; prev -3.4%)    - Median Home Price (Y/Y) (USD): 416.0K or +13.4% (prev 407.6K Or +14.8%),Macro,Earnings,False
2631,Canadian Industrial Product Price (M/M) Jun: -1.1% (est -0.5%; prev 1.7%)  - Canadian Raw Materials Price Index (M/M) Jun: -0.1% (prev 2.5%),Macro,General News | Opinion,False
2632,US MBA Mortgage Applications: -6.3% (prev -1.7%),Macro,Stock Movement,False
2633,Jump In UK Inflation Figures Raise Chance Of Larger August Hike  https://t.co/iPUv1JPdz0,Macro,Macro,True
2634,German PPI (M/M) Jun: 0.6% (est 1.5%; prev 1.6%)  - German PPI (Y/Y) Jun: 32.7% (est 33.7%; prev 33.6%),Macro,Macro,True
2635,UK CPI (M/M) Jun: 0.8% (est 0.7%; prev 0.7%)  - UK CPI (Y/Y) Jun: 9.4% (est 9.3%; prev 9.1%)  - UK CPI Core (M/M) Jun: 0.5% (est 0.5%; prev 0.5%)  - UK CPI Core (Y/Y) Jun: 5.8% (est 5.8%; prev 5.9%),Macro,Macro,True
2636,UK Jobs Report Divides Experts As Real Pay Shows Record Decline - LS News  https://t.co/3Cz624yAUy,Macro,General News | Opinion,False
2637,EU Commission Azerbaijan Commits To Double The Capacity Of The Southern Gas Corridor To Deliver At Least 20 Billion Cubic Metres To The EU Annually By 2027 - Statement,Macro,M&A | Investments,False
2638,New Zealand CPI (Q/Q) Q2: 1.7% (est 1.5%; prev 1.8%)   - New Zealand CPI (Y/Y) Q2: 7.3% (est 7.1%; prev 6.9%),Macro,Macro,True
2639,US Industrial Production (M/M) Jun: -0.2% (est 0.1%; prev 0.2%),Macro,Macro,True
2640,Canadian Existing Home Sales Jun: -5.6% (est -4.8%; prev -8.6%),Macro,Earnings,False
2641,US Export Price Index (M/M) Jul: 0.7% (est 1.2%; prev 2.8%)  - US Export Price Index (Y/Y) Jul: 18.2% (est 19.9%; prev 18.7%),Macro,Macro,True
2642,US Import Price Index (M/M) Jul: 0.2% (est 0.7%; prev 0.6%)  - US Import Price Index Ex Petroleum (M/M) Jul: -0.4% (est 0.2%; prev -0.1%)  - US Import Price Index (Y/Y) Jul: 10.7% (est 11.4%; prev 11.7%),Macro,Macro,True
2643,"Odds Of US Recession Within Next Year Near 50%, Survey Shows – BBG",Macro,Macro,True
2644,Goldman Cuts China’s Growth Forecast To 3.3% After Weak GDP Data – BBG,Macro,Earnings,False
2645,"China Surveyed Jobless Rate Jun: 5.5% (est 5.7%, prev 5.9%)",Macro,Macro,True
2646,"- China GDP Y/Y Q2: 0.4% (est 1.2%, prev 4.8%) - GDP YTD Y/Y Q2: 2.5%(est 2.9%, prev 4.8%) - GDP SA Q/Q Q2: -2.6% (est -2%, prev 1.3%)",Macro,Earnings,False
2647,China New Home Prices M/M Jun: -0.1% (prev -0.17%),Macro,Macro,True
2648,Swedish CPIF (M/M) Jun: 1.2% (est 0.9%; prev 1.0%)  - Swedish CPIF (Y/Y) Jun: 8.5% (est 8.1%; prev 7.2%),Macro,Macro,True
2649,"- Australia Employment Change June: 88.4K (est 30K, prev 60.6K) - Unemployment Rate June: 3.5% (est 3.8%, prev 3.9%) - Participation Rate June: 66.8% (est 66.7%, prev 66.7%",Macro,Macro,True
2650,"EU Cuts Growth Estimates, Italy Remains Above 2% In 2022 - @Agenzia_Ansa",Macro,Macro,True
2651,US CPI Ex Food And Energy (Y/Y) Jun: 5.9% (est 5.7%; prev 6.0%)  - US CPI Ex Food And Energy (M/M) Jun: 0.7% (est 0.5%; prev 0.6%),Macro,Macro,True
2652,French CPI Ex-Tobacco Index Jun: 111.80 (est 111.76; prev 110.95),Macro,Macro,True
2653,UK Industrial Production (M/M) May: 0.9% (est 0.0%; prevR -0.1%)  - UK Industrial Production (Y/Y) May: 1.4% (est -0.3%; prevR 1.6%),Macro,Macro,True
2654,UK Monthly GDP (M/M) May: 0.5% (est 0.1%; prevR -0.2%)  - UK Monthly GDP (3M/3M) May: 0.4% (est 0.0%; prevR 0.3%),Macro,Macro,True
2655,US Labor Dept: Fake June CPI Release Is Circulating Online,Macro,General News | Opinion,False
2656,South African Manufacturing Production NSA (Y/Y) May: -2.3% (est -2.6; prev -7.8)  - South African Manufacturing Production SA (M/M) May: -0.2% (est 1.5; prev -5.4),Macro,Macro,True
2657,US NFIB Small Business Optimism Jun: 89.5 (est 92.5; prev 93.1),Macro,Macro,True
2658,China To Step Up Fiscal Support For Infrastructure In H2 - Securities Daily,Macro,Macro,True
2659,"Japan PM Has '3 Golden Years' To Deal With Inflation, Energy, Defense - Nikkei",Macro,General News | Opinion,False
2660,Australia’s Biggest Pension Fund Braces For A Prolonged Slowdown - BBG,Macro,General News | Opinion,False
2661,Fitch: High Gas Prices Propel Growing Headwinds For European Companies,Macro,Energy | Oil,False
2662,Euro-Zone Recession Risk Seen Rising Even As Inflation Peak Near - BBG,Macro,Macro,True
2663,This is where rents for 1-bedroom apartments have increased the most in the past year  https://t.co/jNIFi6gunC,Macro,General News | Opinion,False
2664,Salaries for workers in Austin and other large Texas cities are rising toward Silicon Valley levels as housing and living costs spike  https://t.co/SzDjuoAY2j,Macro,General News | Opinion,False
2665,"US vinyl sales rose just shy of 1% in the first half of 2022, suggesting a cooling after years of dramatic growth and a spike during the pandemic  https://t.co/oTnZLbqIAG",Macro,Earnings,False
2666,Homebuyers of 35 development projects across 22 cities in China have decided to stop paying mortgages as of July 12 due to delays and a drop in real estate prices  https://t.co/nYeL282pqH,Macro,Legal | Regulation,False
2667,"Vinyl sales in the US rose just shy of 1% in the first half of 2022, suggesting a cooling after years of dramatic growth and a spike during the pandemic  https://t.co/VFSAzZp5ja",Macro,Earnings,False
2668,Homebuyers of 35 development projects across 22 cities in China have decided to stop paying mortgages as of July 12 due to delays and a drop in real estate prices  https://t.co/881krQEOw0,Macro,Legal | Regulation,False
2669,June’s CPI data defied hopes of relief in inflationary pressures. What’s keeping prices increases elevated? Presented by @CMEGroup,Macro,Macro,True
2670,Homebuyers of 35 development projects across 22 cities in China have decided to stop paying mortgages as of July 12 due to delays and a drop in real estate prices  https://t.co/QGdXukIABd,Macro,Legal | Regulation,False
2671,Single-Family Home Construction Retreat Continued In June.  https://t.co/ZULq4hp1Cz #trading #investing #business,Macro,Stock Movement,False
2672,"New House Prospective Buyers' Traffic Plunges, Homebuilders Cut Prices, Sentiment Dives.  https://t.co/tWGFCZlhvZ #markets #business #trading",Macro,Stock Movement,False
2673,The U.S. Economy Is Facing An Unusual Disconnect.  https://t.co/JsHUvbmwUh #stockmarket #investing #markets,Macro,Macro,True
2674,Productivity Growth Has Disappeared.  https://t.co/iHi99OPQ4P #markets #economy #business,Macro,Macro,True
2675,The Auto Industry Is Likely To Grow In Units But Decline In Enterprise Value.  https://t.co/T7gP2JTuaa #markets #trading #investing,Macro,Macro,True
2676,Empire State Mfg Survey: Activity Increased Modestly In July.  https://t.co/rWPUKMWi33 #economy #stockmarket #business,Macro,Macro,True
2677,Consumer Sentiment Remained Near Record Lows In Early July.  https://t.co/bUtdvyp7kz #finance #stocks #economy,Macro,Macro,True
2678,Inflation Expectations Are Next.  https://t.co/fOpVWwnwRT #finance #trading #investing,Macro,Macro,True
2679,Persistent Inflation And Supply Chain Recovery.  https://t.co/NTRAHoISvz #stocks #finance #economy,Macro,Macro,True
2680,"Inflation Shifts To Services; Food, Fuel Spike Too; Dollar's Purchasing Power Swoons.  https://t.co/2omdMoDnpW #business #economy #stocks",Macro,Macro,True
2681,Why Today's CPI Release Was Not A Shock.  https://t.co/po7CgGWzn5 #finance #business #economy,Macro,Macro,True
2682,Money Supply Growth Fell Again In May As More Recession Alarms Ring.  https://t.co/CWtOtI6D5L #finance #business #markets,Macro,Macro,True
2683,Small Business Expectations Disconnect.  https://t.co/mnHLnC0OxS #markets #finance #trading,Macro,General News | Opinion,False
2684,Canada's Housing Market Is Cooling. A Recalibration Or Something Bigger?.  https://t.co/YgrOv1RrZp #finance #trading #economy,Macro,Macro,True
2685,"🇪🇺🇭🇷 Croatia will adopt the euro as of next year!   The country fulfils all convergence criteria, the Council of the European Union agreed today. Croatia is now formally approved to join the euro area on 1 January 2023.  Press release  https://t.co/KRlnOxYBAt",Macro,Legal | Regulation,False
2686,Americans over 75 are the only part of the US workforce projected to grow over the next decade,Macro,General News | Opinion,False
2687,"China’s Covid cases continued to hover around a two-month high, leaving residents of previously hard-hit areas fearful of more lockdowns",Macro,Politics,False
2688,Higher prices for basic goods such as shampoo and diapers are forcing Americans to cut back on their purchases,Macro,Macro,True
2689,Japan reported a trade deficit for a 11th consecutive month in June as higher energy prices and a weaker yen continued to inflate the nation’s import bill,Macro,Macro,True
2690,Increased use of lignite coal and hydro-powered electricity generation feature in Greece's plan to ensure demand is met should supplies of natural gas fall short,Macro,Legal | Regulation,False
2691,"Inflation hits a fresh four-decade high of 8.1%, keeping up pressure on the Bank of Canada to deliver aggressive interest rate hikes",Macro,Macro,True
2692,"Hungary has so far failed to allay EU concerns over alleged corruption and violations of the rule of law, paving the way for an escalation of a budget standoff",Macro,Politics,False
2693,"A surge in renewable power coupled with a slowdown in China will see carbon emissions from electricity production ease from the record level last year, according to the International Energy Agency",Macro,Energy | Oil,False
2694,"India is planning a $10 billion tender for 50,000 electric buses to decarbonize public transport and meet its emissions goals",Macro,Energy | Oil,False
2695,"Citigroup economists have labeled a global recession a “clear and present danger,” while repeating they estimate a 50% probability of such a slump  https://t.co/BnJaOkPGiL",Macro,Macro,True
2696,"Ireland still expects a global deal for a minimum corporate tax rate of 15% to be implemented, despite hurdles in its progress passing through the US Congress",Macro,Politics,False
2697,"The cost for the right to buy a car in Singapore has reached a record $82,000 for large automobiles and risen across the board for all categories",Macro,General News | Opinion,False
2698,"Chinese Premier Li Keqiang signaled a focus on jobs, flexibility on the economic growth rate and a shift toward making its Covid control measures more targeted",Macro,Politics,False
2699,Unusual flows of cheap Russian products are roiling corners of the steel trade in Asia,Macro,Energy | Oil,False
2700,The UK government says new plans to curb the aviation sector’s carbon output should mean aircraft emissions never again exceed levels seen before the coronavirus pandemic,Macro,Macro,True
2701,The European Union is set to propose a voluntary 15% cut in natural gas use by member states starting next month on concern Russia may halt supplies of the fuel,Macro,Energy | Oil,False
2702,Major European grains shipper Romania warns it could export much less corn and sunflowers this season after drought battered harvests,Macro,Analyst Update,False
2703,Some of the largest US landlords have pulled back on purchases of single-family rental homes,Macro,M&A | Investments,False
2704,Soaring mortgage rates hit California home sales hard,Macro,Stock Movement,False
2705,"The UK government proposes pay rises for doctors and police below the inflation rate, risking a series of strikes amid workforce unrest over a growing cost-of-living crisis",Macro,Legal | Regulation,False
2706,New US home construction fell in June to the lowest since September after plunging the prior month as inflation and high borrowing costs continue to throttle demand and the overall housing market,Macro,Macro,True
2707,"Euro-zone inflation looks likely to stay above 8% through 2022, but next year Bloomberg Economics see a high probability of a sharp drop toward the ECB’s 2% target  https://t.co/IaJcsRuNqm",Macro,Macro,True
2708,A persistent heatwave is hobbling China’s ability to keep its factories operating as virus curbs disrupt the supply of coal and inventories of the fuel run low,Macro,Energy | Oil,False
2709,"Malaysia is stable and is not at risk of going bankrupt like Sri Lanka, Finance Minister Zafrul Aziz says, citing the IMF’s prediction for the economy to expand 5.75% this year as reason for confidence",Macro,Macro,True
2710,China’s economic outlook for the second half of this year will be determined by the government’s shaky control over coronavirus outbreaks and the property market,Macro,Macro,True
2711,"Australian Treasurer Jim Chalmers warns that his first budget update to parliament next week will have some “confronting” news on inflation, interest rates and wages",Macro,Macro,True
2712,The US has put a simmering trade spat over fertilizer imports on ice,Macro,General News | Opinion,False
2713,"US economic productivity during the pandemic was driven entirely by firms with remote work capacity, according to a new study co-authored by Robert Gordon of Northwestern University",Macro,Macro,True
2714,"Australia’s natural environment is in a state of rapid decline across almost all indicators, according to the 2021 State of the Environment report released by the government on Tuesday",Macro,Macro,True
2715,"The number of travelers reporting stranded luggage this summer jumped 30% from 2019, according to Spanish insurer Mapfre",Macro,Stock Movement,False
2716,"US airfares remain high, but they've inched lower recently as inflation cuts into demand and the summer season winds down",Macro,Stock Movement,False
2717,"Corn yields are waning, milk output is shrinking and chickens are sipping electrolytes as unprecedented heat bakes some of Europe's key farming regions",Macro,Energy | Oil,False
2718,"Buyers from other countries purchased $59 billion worth of US homes, after three straight years of declining sales",Macro,IPO,False
2719,"A halt of Russian gas supplies to the EU could potentially reduce its gross domestic product by as much as 1.5%, according to new estimates from the bloc",Macro,Macro,True
2720,Turkey’s central government budget swings to a deficit in June on the back of increased spending,Macro,Macro,True
2721,"Europe needs to drastically slash natural gas consumption in the next few months to prepare for “a long, hard winter,” the head of the International Energy Agency says",Macro,Energy | Oil,False
2722,The European Union is falling behind on its high-profile promises to deliver a substantial aid package to Ukraine,Macro,Politics,False
2723,Moody’s chief economist says he’s never seen so many people convinced that a recession is imminent,Macro,Macro,True
2724,Australia will relax some curbs imposed on the movement of bees by honey producers following the discovery of a mite that has ravaged global hives.,Macro,Company | Product News,False
2725,The flow of commodities to inland Europe is starting to buckle as water levels on the Rhine river continue to fall,Macro,Energy | Oil,False
2726,"The G-20 host nation opened the final day of meetings among finance chiefs touting “fruitful” talks, though divisions underscored the hurdles they face in tackling the global economy’s myriad of risks",Macro,General News | Opinion,False
2727,Australia will relax some curbs imposed on the movement of bees by honey producers following the discovery of a mite that has ravaged global hives.,Macro,Company | Product News,False
2728,China’s daily tally of Covid-19 cases rose to the highest level in more than seven weeks,Macro,Macro,True
2729,"The G-20 host nation opened the final day of meetings among finance chiefs touting “fruitful” talks, though divisions underscored the hurdles they face in tackling the global economy’s myriad of risks",Macro,General News | Opinion,False
2730,"State Street CEO Ron O’Hanley said the US is likely to dip into an “old-fashioned” type of recession, perhaps starting late this year, as inventories build up in face of weakening demand",Macro,Macro,True
2731,The US is exporting diesel at the fastest ever rate as the global market’s thirst for fuel remains insatiable,Macro,Energy | Oil,False
2732,"Wheat futures wiped out their gains for the year in Chicago, as prospects for weaker demand offset supply worries exacerbated by Russia’s invasion of Ukraine",Macro,Gold | Metals | Materials,False
2733,"Ghana reaches a wage deal with labor groups, averting a strike that threatened to paralyze health-care services",Macro,Legal | Regulation,False
2734,"NEW: US retail sales climbed in June by more than forecast in a broad advance, suggesting consumer spending is holding up despite decades-high inflation",Macro,Earnings,False
2735,"South Africa is considering more than doubling the amount private power producers can generate without requiring a license in a bid to reduce blackouts, sources say",Macro,Energy | Oil,False
2736,"The EU is set to propose a new slate of penalties targeting Russia for its invasion of Ukraine, as well as actions to tighten previously approved sanctions packages, sources say   Latest updates:  https://t.co/A1qtoTDYOw",Macro,Politics,False
2737,Carmakers registered the fewest new vehicles in the EU since 1996 as persistent supply chain snarls and record inflation afflict the industry,Macro,Macro,True
2738,JUST IN: Carmakers registered the fewest new vehicles in the EU since 1996 as persistent supply chain snarls and record inflation afflict the industry  https://t.co/IsVKdphFxA,Macro,Macro,True
2739,Shanghai’s economy shrank almost 14% in the second quarter during a two-month lockdown,Macro,Macro,True
2740,"Estonia and Lithuania probably are already in recession, with the European Commission predicting the two Baltic economies will contract in the second and third quarters",Macro,Macro,True
2741,The number of US homes for sale increased for the first time in three years,Macro,General News | Opinion,False
2742,"Canadian manufacturing sales fell for the first time in eight months, driven by semiconductor part shortages and retooling of assembly plants in the auto sector",Macro,Macro,True
2743,"Online spending in the US rose 8.5% to $11.9 billion during Amazon’s two-day Prime Day promotion, according to Adobe, helping boost traffic on competing sites such as Walmart and Target's that held their own sales",Macro,Stock Movement,False
2744,"A UK income tax cut would mainly benefit wealthy households and do little to address the growing cost of living crisis, according to new research",Macro,Legal | Regulation,False
2745,China’s broad budget deficit in the first six months of the year widened to a record as government spending climbed and falling land sales and tax breaks cut income,Macro,Macro,True
2746,The EU is in discussions about removing sanctions it imposed on some Russian individuals after the bloc’s lawyers found that the penalties may have been imposed on weak grounds,Macro,Politics,False
2747,The EU's Economy Commissioner Paolo Gentiloni warns that the risk of a full shutdown of gas from Russia “has become more than just a hypothetical scenario for which we need to prepare”   Latest updates:  https://t.co/PjftqmFuWX,Macro,Macro,True
2748,The UAE will invest $2 billion to set up food parks across India,Macro,M&A | Investments,False
2749,Chinese bureaucrats studying the energy outlook are proposing to end a near two-year ban on Australian coal on concerns supply may tighten when Western-led sanctions on Russian energy kick in,Macro,Energy | Oil,False
2750,India’s wholesale inflation eases from a three-decade high,Macro,Macro,True
2751,Chinese authorities hold emergency meetings with banks after growing alarmed that an increasing number of homebuyers across the country are refusing to pay mortgages on stalled projects,Macro,Legal | Regulation,False
2752,Chinese regulators are asked to exercise greater caution when it comes to reviewing new overseas spending and investment plans,Macro,Legal | Regulation,False
2753,"Beef steaks and pork chops were some of the only goods to see prices fall at US grocery stores last month, according to government data released Wednesday",Macro,General News | Opinion,False
2754,"The moderate, prudent policy signals that Argentine Economy Minister Silvina Batakis announced Monday lack political support, face execution risks and won’t fix the country’s structural problems, analysts wrote following her first press conference",Macro,Stock Commentary,False
2755,"The EU tells member states that sanctioned goods transiting from Russia are not prohibited if they’re moving by rail, in a move that may calm tensions with Moscow over its Kaliningrad exclave",Macro,Legal | Regulation,False
2756,"A White House plan to provide emergency housing vouchers for some 70,000 families has seen the fastest uptake of any program of its kind.",Macro,General News | Opinion,False
2757,Pakistan plans to cut fuel costs to pass on the benefits of easing global oil prices to its citizens enduring inflation at a 13-year high,Macro,Currencies,False
2758,"New York City’s estimated personal income-tax payments in June declined to the lowest level since 2017, marking the first sign that the stock-market tumble is hitting the revenue of the financial capital",Macro,Macro,True
2759,"Baking goods jumped 7.6%, snacks such as cookies and chips increased 7.5% and dairy and eggs were up 6.9% across the US",Macro,General News | Opinion,False
2760,"Myanmar signed a memorandum of understanding on nuclear energy cooperation during junta chief Min Aung Hlaing’s private visit to Russia, according to the Ministry of Information",Macro,Politics,False
2761,"New York City saw an 11.3% rise in produce, 11.5% in snacks, cookies and chips, and 9.5% in beverages in the second quarter, according to Datasembly's Grocery Price Index  https://t.co/bZ64dovQUk via @citylab",Macro,General News | Opinion,False
2762,"India is expected to surpass China to become the world’s most populous nation in 2023, four years ahead of an earlier estimate by the United Nations",Macro,Macro,True
2763,US Commerce Secretary Gina Raimondo is renewing her push for a law to free up billions of dollars to incentivize chipmakers to build more factories in the US,Macro,Politics,False
2764,"The European Union’s cumulative emissions over the next decade are set to remain the same, new research shows, even as it burns more coal now to quit Russian gas",Macro,Energy | Oil,False
2765,"India is on track to become a global force in green hydrogen challenging China’s dominant role in solar, says the nation’s power minister",Macro,General News | Opinion,False
2766,"Exports to the UK by Irish companies backed by a state agency rose 15% in 2021, despite uncertainty caused by Brexit",Macro,Legal | Regulation,False
2767,"China's imports of key commodities probably improved in patches last month, after demand was battered earlier in the quarter by shutdowns in Shanghai and elsewhere in the nation",Macro,Macro,True
2768,South African Labour Minister Thulas Nxesi wants to add as many as 2 million new jobs before the next elections as the nation grapples with one of the highest unemployment rates in the world,Macro,Politics,False
2769,San Francisco home prices fell in June,Macro,Stock Movement,False
2770,"Ghana is postponing this week’s mid-term budget review until initial meetings with the IMF for an economic program have been completed, sources say",Macro,Legal | Regulation,False
2771,"Roughly 60,000 of home deals fell through in June, equal to 15% of homes that entered into contract, according to new analysis from Redfin",Macro,Stock Movement,False
2772,"India may allow sugar mills to export more than previously permitted to help them prevent contract defaults, sources say",Macro,Company | Product News,False
2773,Nigeria’s state-owned energy firm will now operate as a commercial entity without relying on government funding and direct controls,Macro,Legal | Regulation,False
2774,"China plans a new state-run iron ore giant to oversee everything from massive mine investments in West Africa to buying the steelmaking material from global suppliers, sources say",Macro,Energy | Oil,False
2775,India’s farmers are ramping up planting in the coming months after slow monsoon progress has delayed rice sowing,Macro,Company | Product News,False
2776,"In Argentina, the top exporter of soybean products, farmers are hanging on to more of their crops than normal to defend against rampant inflation in yet another blow to global food supplies",Macro,General News | Opinion,False
2777,"China’s economy grew at the slowest pace since the initial coronavirus outbreak in Wuhan, a reflection of the damage the nation’s Covid Zero approach has had on growth  https://t.co/7HZgCv5mF3 via @markets",Macro,Macro,True
2778,"Heat, drought and storms have shrunk the wheat harvest in France, the European Union’s top exporter, further straining global supplies",Macro,Energy | Oil,False
2779,"Heat, drought and storms have shrunk the wheat harvest in France, the European Union’s top exporter, further straining global supplies",Macro,Energy | Oil,False
2780,US power plants are poised to reap their best summertime profits in nearly two decades thanks to soaring electricity prices that are outpacing the high costs of #natgas and #coal. By @naurtorious,Macro,Energy | Oil,False
2781,"German households and industries should brace for an “enormous wave” of higher energy prices that will begin to hit bills next year, utility Uniper warns",Macro,Energy | Oil,False
2782,"Global food prices drop from near a record amid prospects for fresh supplies and fears about a recession, potentially offering some respite to strained households",Macro,Macro,True
2783,Europe’s shrinking pork output could soon make bacon more expensive,Macro,Macro,True
2784,Sales of previously owned US homes fell in June to a two-year low as a surge in borrowing costs continues to erode affordability,Macro,Stock Movement,False
2785,"Citigroup economists have labeled a global recession a “clear and present danger,” while repeating they estimate a 50% probability of such a slump",Macro,Macro,True
2786,Zimbabwe businesses agree not to solely price their goods and services using the US dollar after government warnings that the local currency should be accepted,Macro,Currencies,False
2787,"Low water levels in the Rhine river may have a similar impact on German economic output as they did in 2018, according to Berenberg",Macro,Energy | Oil,False
2788,New US home construction fell in June to the lowest since September after plunging the prior month as inflation and high borrowing costs continue to throttle demand and the overall housing market,Macro,Stock Movement,False
2789,Nigeria’s state-owned energy firm will now operate as a commercial entity without relying on government funding and direct controls,Macro,Company | Product News,False
2790,Major European grains shipper Romania warns it could export much less corn and sunflowers this season after drought battered harvests,Macro,Macro,True
2791,Britain’s richest workers are being protected against rocketing inflation as their wages rise in line with prices,Macro,Politics,False
2792,China’s economic outlook for the second half of this year will be determined by the government’s shaky control over coronavirus outbreaks and the property market,Macro,Macro,True
2793,The US has put a simmering trade spat over fertilizer imports on ice,Macro,General News | Opinion,False
2794,"Europe needs to drastically slash natural gas consumption in the next few months to prepare for “a long, hard winter,” the head of the International Energy Agency says",Macro,Energy | Oil,False
2795,Belgium asked Engie to extend the life of its Tihange 2 nuclear plant to ensure energy supplies and help offset rising prices this winter,Macro,Legal | Regulation,False
2796,The US is exporting diesel at the fastest ever rate as the global market’s thirst for fuel remains insatiable,Macro,Energy | Oil,False
2797,"Nordic power prices have been so low in recent days that a nuclear station has curbed output voluntarily, a sharp contrast to the energy crunch sweeping the continent",Macro,Energy | Oil,False
2798,"Moody’s Mark Zandi says the US can still avoid a recession, but warns that it might talk itself into one anyway",Macro,Macro,True
2799,China’s biggest oil company says its first-half profits jumped 50% to 60% from a year ago amid a surge in global energy prices,Macro,Earnings,False
2800,Goldman Sachs downgrades its forecast for China’s full-year economic growth after official data showed GDP expanded at a slower pace than economists expected in the second quarter,Macro,Analyst Update,False
2801,India is lately beating both China and the US on growth. But that belies the grim reality of rising unemployment,Macro,Macro,True
2802,"Singapore home sales slump in June to the lowest in more than two years, as concerns over interest rate hikes kept buyers at bay",Macro,Stock Movement,False
2803,A spike in Singapore’s wholesale electricity price to the highest level in a decade highlights the nation’s vulnerability to the global energy crisis,Macro,Energy | Oil,False
2804,"Chinese’s property prices fell for a 10th month in June, underscoring how government relief efforts are failing to curb the country’s spiraling real estate crisis",Macro,Earnings,False
2805,"A UK income tax cut would mainly benefit wealthy households and do little to address the growing cost of living crisis, according to new research",Macro,Legal | Regulation,False
2806,"Consumer prices in Sweden surge to a fresh record, putting pressure on the country’s central bank to raise interest rates faster than planned",Macro,Fed | Central Banks,False
2807,"A 60% surge in prices at the gasoline pump was a key driver last month in sending US inflation to the fastest pace in more than 40 years, spreading pain across the economy",Macro,Macro,True
2808,China’s imports of edible oils plunge on weak demand from the restaurant industry as the impact of Covid lockdowns lingers,Macro,Energy | Oil,False
2809,"The inflation rate for goods purchased online in the US slowed sharply last month, according to the Adobe Digital Price Index, though there was no letup in food prices which rose at the fastest pace on record",Macro,Earnings,False
2810,"6) Housing  Home prices started slumping in early 2006, long before the big crash. These days we’re seeing some weakness in housing, but so far the big national home price measures haven’t started turning down   https://t.co/QvY9w1vPe4",Macro,General News | Opinion,False
2811,"2) Employment The flipside of this is the robust labor market. In the US, the unemployment rate is 3.6%. Conversely, in the wake of the Great Financial Crisis, unemployment was at 8% even as late as January of 2013  https://t.co/QvY9w1vPe4",Macro,General News | Opinion,False
2812,"Last year’s new listings hot-spot in the Nordics has fallen quiet, but Deutsche Bank’s regional head expects the market to revive before the first half of 2023 is done",Macro,M&A | Investments,False
2813,"Expectations for US inflation three years ahead fell to 3.6% in June from 3.9% a month earlier, the biggest drop since January, according to the latest survey by the New York Fed",Macro,Earnings,False
2814,"Roughly 60,000 of home deals fell through in June, equal to 15% of homes that entered into contract, according to new analysis from Redfin.",Macro,Stock Movement,False
2815,ANZ/Suncorp: mortgage expansion bet comes at market peak,Macro,Legal | Regulation,False
2816,India's top carmaker hopes govt will support 'green' tech beyond EVs  https://t.co/dJXfJZpPas,Macro,Company | Product News,False
2817,India's top carmaker hopes govt will support 'green' tech beyond EVs  https://t.co/ZUSiBFFzZz,Macro,Company | Product News,False
2818,WATCH: Surging fuel and food prices pushed UK inflation to 9.4% in June. The latest increase means Britain had the highest rate of inflation seen in any Group of Seven advanced economies since 1985  https://t.co/Fh6xh7d5l9,Macro,Macro,True
2819,The European Union drew up targets for curbing gas usage after President Vladimir Putin warned the bloc that Russian supplies sent via Nord Stream 1 were at risk of being reduced further. Read more here  https://t.co/O0jttoeljY,Macro,Politics,False
2820,"WATCH: Headline consumer inflation in South Africa surged to 7.4% in June, higher than analysts' predictions and ahead of a central bank interest rate announcement  https://t.co/ew5ogfWVwR",Macro,Macro,True
2821,"U.S. sustainable funds returned to inflows in June, report says  https://t.co/2DXlzY12ym",Macro,General News | Opinion,False
2822,"WATCH: U.S. retail sales of chocolate have been ‘off and down’ 2% to 3% the last couple of months, according to Hershey vice president Melisa Poole, amid rising prices",Macro,Company | Product News,False
2823,"WATCH: China's economy contracted sharply from April to June as the country's zero-COVID policy took its toll, falling back 2.6% in the second quarter compared to the first, according to official  https://t.co/pH8gkjYLre",Macro,Macro,True
2824,"WATCH: China's economy contracted sharply in the second quarter, highlighting the colossal toll on activity from widespread COVID lockdowns and pointing to persistent pressure over the coming months from a darkening global growth outlook  https://t.co/pH8gkkgmPO",Macro,Macro,True
2825,WATCH: The European Commission cut its forecasts for economic growth in the euro zone for this year and next and revised up its estimates for inflation largely due to the impact of the war in Ukraine  https://t.co/aM0CbwD4H6,Macro,Macro,True
2826,From Breakingviews - Scorching U.S. inflation obscures patches of shade,Macro,General News | Opinion,False
2827,"Wall Street banks' Q2 trading revenue likely to surge, softening blow from deal slump  https://t.co/jbBlYA3ZsC",Macro,Financials,False
2828,"“I don't foresee a recession,” says Former Director of the IMF's Fiscal Affairs Department Carlo Cottarelli.  Italy’s markets flipped from gains to losses as talks to keep Mario Draghi as premier showed little progress on Wednesday  https://t.co/ZKbH3f3TTx",Macro,Politics,False
2829,Stock optimism evaporates on Apple hiring plans. We break it down on The Countdown to The Close  https://t.co/wNhndLAVC5,Markets,Stock Movement,False
2830,"A US inflation report rattled global financial markets, boosting bets the Fed could get more aggressive with its belt-tightening campaign.  In a session of unnerving swings, the S&amp;P 500 failed to stay in the green after a sharp reversal from a 1.6% slide  https://t.co/xKcPzbNwvx",Markets,Markets,True
2831,"Stocks fell, while bonds rose amid fears that Federal Reserve rate hikes aimed at taming runaway inflation will sink the economy into a recession.  The S&amp;P 500 wiped out its gains as a rally in technology giants fizzled out  https://t.co/0zsvJBp5Le",Markets,Markets,True
2832,Looking for some good karma?  US stocks slumped to start the week with traders positioning for a potential hot inflation reading and the start of a key earnings season.   @kgreifeld looks at an ETF aiming to give off positive vibes $KRMA  https://t.co/ayr8G48TxG,Markets,General News | Opinion,False
2833,Stocks dropped Monday as traders await the key second-quarter earnings season for indications on how companies are weathering the inflation storm.   A dollar gauge climbed to the highest level since 2020  https://t.co/XOlImhq0WY,Markets,Stock Movement,False
2834,Stock futures slip after Nasdaq's rally as investors digest corporate earnings,Markets,General News | Opinion,False
2835,S&amp;P 500 triggers signal with perfect track record for calling end of bear markets,Markets,Markets,True
2836,Stock futures inch higher ahead of a busy week of earnings,Markets,General News | Opinion,False
2837,European markets head for lukewarm open as investors digest U.S. inflation data,Markets,Markets,True
2838,Stock futures slip after Wednesday's session as Wall Street awaits bank earnings,Markets,Stock Movement,False
2839,European markets set for lower open as investors brace themselves for U.S. inflation data,Markets,Markets,True
2840,European markets head for another negative open as investors await inflation data,Markets,Macro,False
2841,U.S. equities fell Monday as Wall Street braced for big company earnings reports slated for later in the week which could signal how inflation is impacting businesses.  The Dow fell 164.31 points. The S&amp;P 500 was down 1.15%. The Nasdaq dropped 2.26%.  https://t.co/dbquGjYSEb,Markets,Earnings,False
2842,"Expect more volatility in stocks and bonds as central banks try to fight inflation, BlackRock says",Markets,Macro,False
2843,#Asian indices mixed while #European indices react to ECB decision $DAX $SENSEX $NIKKEI $SSEC $HSCEI $FTSE $STOXX  https://t.co/LzEmmlQJhI #economy #stockmarket,Markets,Macro,False
2844,$DIA: Top-Five for the Dow Jones Industrial Average,Markets,Stock Movement,False
2845,"$SUMRX: European Markets Update: DAX UNCH, FTSE +0.2%, CAC -0.1%",Markets,Stock Movement,False
2846,#PageOne: Forgiveness on equity market's mind $AAPL $IBM $JNJ $TNX $SPY $QQQ $DIA $USD  https://t.co/LzEmmlQJhI #futures #NAHB #housingstarts #megacap #global #financialcrisis #earnings #ratehikes #inflation #buildingpermits #economy #stockmarket #Premarket #analysis,Markets,Stock Commentary,False
2847,"$SUMRX: Asian Markets Close: Nikkei +0.7%, Hang Seng -0.9%, Shanghai UNCH",Markets,Earnings,False
2848,"Markets holding losses; Carnival, cruise peers pepper top of standings $SPY $QQQ $DIA $SPX $COMPQ $DJIA $CCL $HES $GNRC $PGR  https://t.co/LzEmmlQJhI #economy #stockmarket",Markets,Stock Movement,False
2849,$TALKX: Market Briefing: Furthering Friday's advance despite lingering growth concerns,Markets,Earnings,False
2850,Dow Jones Transportation Average outperforming $DJT $DAL $UAL $AAL $JBLU $BA $SPY $QQQ $DIA $SPX $COMPQ $DJIA  https://t.co/LzEmmm8k9g #economy #stockmarket,Markets,Stock Movement,False
2851,#Futures pull back ahead of open $SPY $QQQ $DIA $SPX $COMPQ $DJIA  https://t.co/LzEmmlQJhI #economy #stockmarket,Markets,Stock Movement,False
2852,#Asian and #European indices mostly in the green $DAX $SENSEX $NIKKEI $SSEC $HSCEI $FTSE $STOXX  https://t.co/LzEmmlQJhI #economy #stockmarket,Markets,Markets,True
2853,Market is looking to build on Friday's gains $BAC $BA $SYF $GS $SPY $QQQ $DIA  https://t.co/LzEmmlQJhI #economy #stockmarket,Markets,Earnings,False
2854,#Futures update $SPY $QQQ $DIA,Markets,Stock Movement,False
2855,"$KWEB: Chinese tech underperforming on Friday after China's GDP contracted more than expected in Q2, reflecting the...",Markets,Macro,False
2856,#Megacaps bring up broader market $SPY $QQQ $DIA $SPX $COMPQ $DJIA $XLK $APPL $MGK  https://t.co/LzEmmm8k9g #economy #stockmarket,Markets,Stock Movement,False
2857,$DIA: Top-Five for the Dow Jones Industrial Average,Markets,Stock Movement,False
2858,Midday Summary $DAL $U $IS $TWTR $SPY $QQQ $DIA $SPX $COMPQ $DJIA  https://t.co/LzEmmlQJhI #economy #stockmarket,Markets,Stock Movement,False
2859,Countercyclical sectors turn positive $JPM $MU $PRU $IVZ $PFG $XLU $XLP $SPY $QQQ $DIA $SPX $COMPQ $DJIA  https://t.co/LzEmmlQJhI #economy #stockmarket,Markets,Macro,False
2860,#Market down with broad based selling $SPY $QQQ $DIA $SPX $COMPQ $DJIA $XLE $XLC $XLF $XLK $MGK $RSP $TSLA  https://t.co/LzEmmlQJhI #economy #stockmarket,Markets,Stock Movement,False
2861,#Asian indices close mixed #European indices all lower $DAX $SENSEX $NIKKEI $SSEC $HSCEI $FTSE $STOXX  https://t.co/LzEmmlQJhI #economy #stockmarket,Markets,Stock Movement,False
2862,#PageOne: #Futures pull back after hotter-than-expected #CPI $SPY $QQQ $DIA $CL_F $TNX $NG_F  https://t.co/NdQKrHZPLG #IMF #recession #BOK #NewZealand #inflation #food #energy #stockmarket #Premarket #Analysis,Markets,Macro,False
2863,"$SUMRX: Asian Markets Close: Nikkei +0.5%, Hang Seng -0.2%, Shanghai +0.1%",Markets,Company | Product News,False
2864,#Financial sector exhibits strength $XLF $JPM $COF $TNX $SPY $QQQ $DIA $SPX $COMPQ $DJIA  https://t.co/LzEmmlQJhI #economy #stockmarket,Markets,Financials,False
2865,Market gives back early gains $SPY $QQQ $DIA $SPX $COMPQ $DJIA $MGK $RSP $AAPL $META $TSLA $MSFT $XLP $XLC $XLU $XLF $XLE $XLV $XLK  https://t.co/LzEmmlQJhI #economy #stockmarket,Markets,Stock Movement,False
2866,$NDAQ: NASDAQ reports June 2022 metrics -- U.S. equity options volume was 228 mln contracts vs 252 mln prior month...,Markets,Company | Product News,False
2867,Indices ETF's green again.  $AAPL at day high helping,Markets,Stock Movement,False
2868,Market can't hold the Green,Markets,General News | Opinion,False
2869,"Risk-Off to start the week - Staples, Utes, Pharma working higher out of bull flags",Markets,Politics,False
2870,@sigfrk lol ... Bovespa index could drop another 25-30% before October Elections due to the social instability.,Markets,Legal | Regulation,False
2871,NYSE Research 💡 ETF option volumes break new records amid heightened market volatility as retail participation remains strong and finds its way to new segments of the options market. Learn more. ⤵️,Markets,Stock Commentary,False
2872,"$SPX broke out of the range, (below 3750) after CPI to 3721 yesterday, but moved right back into the range, and is currently at 3852.   FOMC, big tech earnings and GDP all the last week of the month could be the next catalyst.",Markets,Earnings,False
2873,Stocks end higher as investors dive into another active corporate earnings session,Markets,Earnings,False
2874,Wall Street was expecting a 0.8% gain,Markets,General News | Opinion,False
2875,@MarketMover5 Real estate market and stock market falling soon.,Markets,General News | Opinion,False
2876,Interesting to see the Advance/Decline Volume on NYSE sliding to make new lows today as indices still well above the lows made two weeks ago before the sloppy bounce phase began.,Markets,Stock Movement,False
2877,Stock-market bottom or bear market bounce? What traders want to see as equities extend gains,Markets,General News | Opinion,False
2878,"Stocks rose sharply Tuesday in a broad rally, gaining ground as investors focused on earnings and guidance as equities extended a bounce from their June lows. The Dow rose around 754 points, or 2.4%, to close near 31,827, according to preliminary figures.  https://t.co/giWkEXMbEL",Markets,Earnings,False
2879,"U.S. stocks opened higher on Tuesday despite that mixed corporate earnings reports and news of a hiring slowdown at Apple stoked fears about slowing economic growth.   The Dow Jones Industrial Average climbed 210 points, or 0.7%, to 31,286:  https://t.co/3SdPsaBall",Markets,Earnings,False
2880,"U.S. stocks opened higher on Monday, leaving the main indexes on track to add to the prior session's gains, following a stronger-than-expected earnings report from Goldman Sachs.   https://t.co/oUcpKSnM5Z",Markets,Stock Movement,False
2881,U.S. stock futures slip as traders await bank earnings amid hawkish Fed fretting,Markets,Earnings,False
2882,"U.S. stocks closed lower on Wednesday for the fourth day in a row after the latest CPI showed that headline inflation climbed to its highest level in 40 years in June.   The Dow Jones Industrial Average lost 208.54 points, or 0.7%, to 30,772.79:  https://t.co/hvplEEYh4a",Markets,Earnings,False
2883,U.S. stock futures inch higher ahead of CPI data that could show inflation at 40-year high,Markets,Earnings,False
2884,Asian markets advance ahead of U.S. inflation data,Markets,General News | Opinion,False
2885,Asia stocks track Wall Street losses as earnings season looms,Markets,Earnings,False
2886,"Stocks may keep falling as this ‘harbinger’ points to potential ‘hit’ to companies’ forward profits, warns Morgan Stanley",Markets,Stock Commentary,False
2887,U.S. stocks opened lower on Monday one session after the Nasdaq Composite cemented its longest win streak since November as another spate of COVID restrictions in China added to concerns about a global economic slowdown.   https://t.co/PI6Db2eC5m,Markets,Stock Movement,False
2888,U.S. stocks open lower on Monday as new COVID restrictions in China chill Street,Markets,Stock Movement,False
2889,"$DOW - Dow Inc. turns lower as Q2 profit falls, hit by higher costs and lower demand",Markets,Earnings,False
2890,Asia-Pacific markets mixed after Bank of Japan keeps rates on hold,Markets,General News | Opinion,False
2891,Ease in recession fears lift global stock markets three week high,Markets,Macro,False
2892,"$SPX $INDU - S&amp;P, Dow, Nasdaq futures slide with PPI on tap, 100 basis points priced in",Markets,Earnings,False
2893,European stocks extend losses as investors await latest inflation reading,Markets,Earnings,False
2894,"Asian shares track Wall Street slumps, looks ahead to the start of earnings season",Markets,General News | Opinion,False
2895,JAPAN'S NIKKEI AVERAGE FUTURES DOWN 0.47% IN EARLY TRADE,Markets,Currencies,False
2896,"NASDAQ UNOFFICIALLY CLOSES UP 184.15 POINTS, OR 1.57%, AT 11,897.29  S&amp;P 500 UNOFFICIALLY CLOSES UP 23.00 POINTS, OR 0.58%, AT 3,959.69  DOW JONES UNOFFICIALLY CLOSES UP 37.15 POINTS, OR 0.12%, AT 31,864.20",Markets,Stock Movement,False
2897,"S&amp;P 500 UP 39.83 POINTS, OR 1.04 PERCENT, AT 3,870.68 AFTER MARKET OPEN  DOW JONES UP 217.33 POINTS, OR 0.70 PERCENT, AT 31,289.94 AFTER MARKET OPEN  NASDAQ UP 148.30 POINTS, OR 1.31 PERCENT, AT 11,508.35 AFTER MARKET OPEN",Markets,Stock Movement,False
2898,JAPAN'S NIKKEI AVERAGE FUTURES UP 0.52% IN EARLY TRADE,Markets,Currencies,False
2899,"TORONTO STOCK INDEX UNOFFICIALLY CLOSES UP 201.17 POINTS, OR 1.09%, AT 18,595.62",Markets,Stock Movement,False
2900,"NASDAQ UNOFFICIALLY CLOSES UP 4.07 POINTS, OR 0.04%, AT 11,268.80  DOW JONES UNOFFICIALLY CLOSES DOWN 179.82 POINTS, OR 0.58%, AT 30,801.51  S&amp;P 500 UNOFFICIALLY CLOSES DOWN 14.54 POINTS, OR 0.38%, AT 3,804.26",Markets,Stock Movement,False
2901,US FUTURES SINK AFTER HOTTER-THAN-EXPECTED CPI PRINT,Markets,Macro,False
2902,Montréal Exchange is pleased to announce the launch of six new total return sector index futures!   For more details:  https://t.co/qNfd2EPlHT  #totalreturnsectorindexfutures #financialmarkets @MtlExchange,Markets,Company | Product News,False
2903,JAPAN'S NIKKEI AVERAGE FUTURES UP 0.53% IN EARLY TRADE,Markets,Markets,True
2904,"TORONTO STOCK INDEX EXTENDS DECLINE; FALLS 1% TO 18,625.52",Markets,Stock Movement,False
2905,Montréal Exchange is pleased to announce the launch of six new total return sector index futures!   For more details:  https://t.co/qNfd2EPlHT  #totalreturnsectorindexfutures #financialmarkets @MtlExchange,Markets,Company | Product News,False
2906,"U.S. STOCKS EXTEND FALL, NASDAQ DOWN 2%  U.S. STOCKS EXTEND FALL, S&amp;P 500 DOWN 1%",Markets,Stock Movement,False
2907,"NASDAQ DOWN 116.45 POINTS, OR 1.00 PERCENT, AT 11,518.86 AFTER MARKET OPEN  DOW JONES DOWN 156.02 POINTS, OR 0.50 PERCENT, AT 31,182.13 AFTER MARKET OPEN  S&amp;P 500 DOWN 29.13 POINTS, OR 0.75 PERCENT, AT 3,870.25 AFTER MARKET OPEN",Markets,Stock Movement,False
2908,"Stocks finish mixed, fight back from steep losses as investors weigh rate hikes, recession fears  https://t.co/7NsCFplUMr by @alexandraandnyc",Markets,General News | Opinion,False
2909,"“It’s been a tough day for tech and communication services,” @ines_ferre says. “The Nasdaq Composite down 2.3% as we go into the close today.”  https://t.co/Jb7k9tf4PH",Markets,Stock Commentary,False
2910,".@ines_ferre checks out this morning’s market and sector losses, Chinese stocks amid tech crackdowns and rising COVID cases, the U.S. dollar, and $WTI crude oil pricing.",Markets,General News | Opinion,False
2911,The Dow rose about 1% as traders considered results from Goldman Sachs and Bank of America,Markets,Earnings,False
2912,A nascent recovery in Chinese stocks has global investors that were previously burned by Beijing’s harsh regulatory crackdowns asking: Is it time to get bullish again on China?,Markets,Macro,False
2913,"Indian shares rise as govt cuts windfall tax on crude sales, fuel exports - Reuters",Markets,Stock Movement,False
2914,Stock futures rise after Monday’s Dow reversal as a busy earnings week continues - CNBC,Markets,Markets,True
2915,"Stock futures fall as growth concerns linger, dollar surges - CNBC",Markets,Markets,True
2916,Before the Open,Markets,General News | Opinion,False
2917,Before the Open,Markets,General News | Opinion,False
2918,All 30 Dow stocks down premarket,Markets,Stock Movement,False
2919,"MacroWatch weekly recap and outlook: Stocks Rebound, Despite “Hot” US CPI - FxExplained $QQQ $SPX $SPY $ES_F $DJIA $IWM $NASDAQ $COMPQ $ND_F $NDX $DJ_F $DXY $ZN_F $CL_F $GC_F $HG_F",Markets,Macro,False
2920,Capital Markets Outlook: Q3 2022.  https://t.co/ObJTGC66Ek #stockmarket #business #markets,Markets,Markets,True
2921,Chart Of The Moment: Commodities Drive Emerging Market Winners And Losers.  https://t.co/x04S4FWsNj #markets #economy #investing,Markets,Markets,True
2922,Stocks To Consider After June's Consumer Price Index Spike.  https://t.co/8fvWLWv23D #stockmarket #markets #stocks,Markets,Stock Movement,False
2923,The S&amp;P 500 Reacts To U.S. Inflation Surprise.  https://t.co/7q30zYYlz2 #stocks #stockmarket #investing,Markets,Earnings,False
2924,$SP500 $VIX - The S&amp;P 500 May Drop Sharply As A VIX Surge Nears.  https://t.co/Uq6IMJOCLj #stocks #investing #economy,Markets,Stock Movement,False
2925,Bulls Back Above 25%.  https://t.co/Q8q9tCijmC #markets #investing #stocks,Markets,Stock Commentary,False
2926,U.S. Equity Outlook: Start Buying Before The Smart Money Does.  https://t.co/PVnJ3kxyKU #stockmarket #economy #trading,Markets,Stock Commentary,False
2927,China's Growth Push Adds Optimism To Equities.  https://t.co/l2GFublfx3 #stockmarket #economy #stocks,Markets,Stock Movement,False
2928,Asian stocks looked set to pare recent gains Thursday as investors weighed signals from the latest corporate earnings and geopolitical risks in Europe,Markets,Stock Movement,False
2929,"Stock markets are yet to see full capitulation from investors, raising the risk of more declines in the short term, according to Bernstein strategists",Markets,Stock Movement,False
2930,A stock rally looks set to spill over to Asia from the US amid speculation over whether the worst of this year’s rout in equities is over,Markets,Stock Movement,False
2931,US stocks dropped after Apple announced plans to slow hiring. Here’s your Evening Briefing,Markets,Stock Commentary,False
2932,The S&amp;P 500 wiped out a 1% gain Monday — the 17th time since January that it has reversed an intraday move of at least 1%,Markets,Stock Movement,False
2933,Exchange-traded fund investors are balking at bank stocks as concerns about a recession grow,Markets,Stock Movement,False
2934,One of Wall Street’s biggest bears says US stocks are likely to face more declines even if the economy manages to avoid a recession,Markets,Stock Commentary,False
2935,A top Indian insurer is betting the equity market rout will bottom out soon,Markets,Stock Commentary,False
2936,Investors are offloading Chinese financial stocks at a pace unseen over concerns about the declining quality of home loans  https://t.co/MjulrAho65,Markets,Stock Movement,False
2937,"Stocks are already contending with surging inflation, growing recession fears and a Fed that’s raising interest rates at the fastest pace in decades. Now the US dollar is piling on, too",Markets,Stock Movement,False
2938,Stock-market investors are still wagering that the US economy will avoid a recession even as the Fed and other central banks raise interest rates aggressively to get decades-high inflation under control,Markets,Stock Movement,False
2939,"Stocks tumbled after inflation accelerated in June more than expected, putting pressure on the Fed to remain aggressive. Wall Street now expects a bigger rate hike in September",Markets,Earnings,False
2940,"A quick recovery looks unlikely for stocks and bonds, which are having their worst year in at least three decades. Here’s your Evening Briefing",Markets,Markets,True
2941,"Stock markets are yet to see full capitulation from investors, raising the risk of more declines in the short term, according to Sanford C. Bernstein strategists",Markets,Stock Commentary,False
2942,European stocks open lower  https://t.co/5cvUqIGJQQ,Markets,Stock Movement,False
2943,- Stocks climb - Dollar dips - Bitcoin rises   Latest markets updates:  https://t.co/8Htw1Y1t70,Markets,Stock Movement,False
2944,- US futures drop - Dollar advances - Treasury yields climb  Latest markets updates:  https://t.co/bd6nfV8LZm,Markets,Stock Movement,False
2945,LATEST: US futures drop after hotter-than-expected inflation data  https://t.co/jA1TKVnZKu,Markets,Stock Movement,False
2946,European stocks retreat as investors brace for another rise in US inflation and the start of the second-quarter earnings season,Markets,Earnings,False
2947,Dow profit beats estimates as North America demand offsets China slump  https://t.co/DFzGSau0Bl,Markets,Earnings,False
2948,WATCH: The Dow and S&amp;P 500 ended five-day losing streaks on Friday as U.S. stocks closed sharply higher  https://t.co/DscmjAZcuE,Markets,Stock Movement,False
2949,"WATCH: U.S. stocks closed sharply higher, ending several days of sell-offs with a rebound fueled by upbeat earnings, strong economic data and easing fears of a larger-than-expected interest rate hike by the Federal Reserve  https://t.co/DscmjBgNTe",Markets,Stock Movement,False
2950,WATCH: The S&amp;P 500 pared early losses to close modestly lower on Thursday after investors digested disappointing quarterly results from two large U.S. banks  https://t.co/1cszVnGx3b,Markets,Earnings,False
2951,"WATCH: Wall Street ended in negative territory after a seesaw session, as growing fears of a recession kept buyers out of the stock market ahead of key inflation data due out Wednesday  https://t.co/jLMzvl6kGV",Markets,Stock Movement,False
2952,WATCH: Market-leading growth stocks pulled all three major U.S. stock indexes into negative territory as investors braced for a week loaded with inflation data and second-quarter earnings  https://t.co/dHfPOd3JiY,Markets,Stock Movement,False
2953,WATCH: Wall Street slipped as a lack of catalysts left market participants warily embarking on a week back-end loaded with crucial inflation data and the unofficial beginning to second-quarter earnings season  https://t.co/dHfPOd3JiY,Markets,Stock Movement,False
2954,$KO: Coca-Cola announces that John Murphy will become president and chief financial officer effective Oct. 1,Personnel Change,Personnel Change,True
2955,$GNS: Genius Group announces the appointment of Mr. Erez Simha as its Chief Financial Officer,Personnel Change,Personnel Change,True
2956,"$BLCO: Bausch + Lomb: Company announces Joseph Papa has stepped down as chair of the Board, begins search for new...",Personnel Change,Personnel Change,True
2957,"$WTS: Watts Water Tech. announces that Andre Dhawan will join the Company as Chief Operating Officer on August 15,...",Personnel Change,Personnel Change,True
2958,$DASH: DoorDash: Airbnb VP of Finance Ellie Mertz joins DASH's board of directors,Personnel Change,Personnel Change,True
2959,$CMI: Cummins confirms Jennifer Rumsey promoted to President and CEO of Cummins,Personnel Change,Personnel Change,True
2960,$DRH: Diamondrock Hospitality appoints Justin Leonard as Executive Vice President and Chief Operating Officer...,Personnel Change,Personnel Change,True
2961,"$KZR: Kezar Life Sciences appoints Nick Mordwinkin, Ph.D., as Chief Business Officer",Personnel Change,Personnel Change,True
2962,"Today, @Nasdaq announces the appointment of Johan Torgeby to its Board of Directors. Torgeby is President and Group Chief Executive at @SEBGroup, a leading financial services group headquartered in Stockholm.  Learn more:  https://t.co/B1w9i3Duw3",Personnel Change,Personnel Change,True
2963,Jetcraft Strengthens US Footprint With Americas Sales Executive Appointments  https://t.co/c5w6yI2Qdw,Personnel Change,Personnel Change,True
2964,Skyflow Hires Tammy Sexton as Chief Revenue Officer to Double Down on Global Growth  https://t.co/I0H1F4dQfI,Personnel Change,Personnel Change,True
2965,The Bancorp Appoints Timothy Green as New Head of Fintech Lending,Personnel Change,Personnel Change,True
2966,"AIM-HI Accelerator Fund Announces Lance Kawaguchi, CEO of Cure Brain Cancer Foundation, as New Strategic Advisor  https://t.co/lIvzBQLAnE",Personnel Change,Personnel Change,True
2967,Celina Mikolajczak Joins Lyten as Chief Battery Technology Officer  https://t.co/EHo3zLSwqY,Personnel Change,Personnel Change,True
2968,Janus Henderson Appoints New Global Data Management Leader  https://t.co/lJcM2xfjfA,Personnel Change,Personnel Change,True
2969,Genius Group announces the appointment of Mr. Erez Simha as Chief Financial Officer,Personnel Change,Personnel Change,True
2970,Rear Admiral A.B. Cruz III Joins Academy Securities’ Advisory Board  https://t.co/Sf3M4uExrZ,Personnel Change,Personnel Change,True
2971,Monroe Capital Hires Matthew Rosenberg to Head Media Vertical  https://t.co/DHwBZRWkDP,Personnel Change,Personnel Change,True
2972,Basis Theory Opens New Delhi Office and Hires Former Envestnet Yodlee Vice President to Oversee Growth in Asia-Pacific Region  https://t.co/20xVlIO6iL,Personnel Change,Personnel Change,True
2973,RPM Names Bryan R. Gillette as VP – Internal Audit &amp; Chief Audit Executive  https://t.co/VgldBBx5IH,Personnel Change,Personnel Change,True
2974,"Eagle Point Credit Management Hires Mary Parrinelli as Managing Director, Investor Relations  https://t.co/AuVOo6syWX",Personnel Change,Personnel Change,True
2975,Sun Valley Investments and Vikram Sodhi Put Canagold on the Right Track Following the Election of All Three of Sun Valley’s Nominees to Canagold's Board  https://t.co/KiUJgtI0hL,Personnel Change,Personnel Change,True
2976,GV20 Therapeutics Announces Appointment of Three Advisers  https://t.co/mUKXTPcf3O,Personnel Change,Personnel Change,True
2977,Watts Water Technologies Appoints Chief Operating Officer  https://t.co/PEN2VsDBGx,Personnel Change,Personnel Change,True
2978,Aperia Technologies Expands Executive Team with Former Meritor Executive James Taylor  https://t.co/ABNPBkh6h1,Personnel Change,Personnel Change,True
2979,"Current Names Jason Scott Fokens as New VP, General Counsel  https://t.co/yN97XY4YTF",Personnel Change,Personnel Change,True
2980,Fintech LenderClose Expands Marketing Team with Addition of Two Vice Presidents  https://t.co/xUyPBrcQl3,Personnel Change,Personnel Change,True
2981,Leader Ncontracts Appoints Matthew Peace as New Chief Financial Officer  https://t.co/eeOlqs7V20,Personnel Change,Personnel Change,True
2982,Koneksa Appoints Dr. Maria C. Freire to Board of Directors  https://t.co/7EBuIfadqs,Personnel Change,Personnel Change,True
2983,Vertical Announces Appointment of Former McLaren Automotive CEO Mike Flewitt to its Board,Personnel Change,Personnel Change,True
2984,Sunstone Management Welcomes Director of Economic Development Eric Romero  https://t.co/dF9GedwxCh,Personnel Change,Personnel Change,True
2985,Workers’ Compensation Executive Chris Watson Appointed EVP and Chief Operating Officer of Harvard MedTech  https://t.co/LHyLufyfvx,Personnel Change,Personnel Change,True
2986,SST Announces Appointment of New Chief Executive Officer  https://t.co/KXQxaYfLhK,Personnel Change,Personnel Change,True
2987,"Eagle Point Credit Management Hires Karan Chabba as Head of ABS, MBS, SRT and Specialty Finance  https://t.co/V6qybZw2np",Personnel Change,Personnel Change,True
2988,Lance Davis joins Napier Park’s Real Assets investment team as Managing Director  https://t.co/HM37uA5jik,Personnel Change,Personnel Change,True
2989,Tractor Supply Names Kimberley Gardiner Chief Marketing Officer as Christi Korzekwa Announces Retirement  https://t.co/tj4Dx8lo8d,Personnel Change,Personnel Change,True
2990,"Dynex Capital, Inc. Announces CFO Leadership Transition  https://t.co/p9cPegpJZu",Personnel Change,Personnel Change,True
2991,Arthur D. Little Expands Operations Strategy &amp; Transformation Practice With Leading Procurement Expertise  https://t.co/ixRW1zY98f,Personnel Change,Personnel Change,True
2992,"Nuvation Bio Appoints David Liu, M.D., Ph.D., as Chief Medical Officer and Kerry Wentworth as Chief Regulatory Officer  https://t.co/LsFhWi6cR3",Personnel Change,Personnel Change,True
2993,"ANI Pharmaceuticals Appoints Meredith W. Cook as SVP, General Counsel and Corporate Secretary  https://t.co/RP4o3ONvdn",Personnel Change,Personnel Change,True
2994,Athletic Greens Names Rosalind Chevreuil as Chief People Officer  https://t.co/oSEq2mggFg,Personnel Change,Personnel Change,True
2995,Astria Therapeutics Names Chris Morabito Chief Medical Officer  https://t.co/2j5fQ2VwZF,Personnel Change,Personnel Change,True
2996,Enveda Appoints Pharma Veteran Vanitha Sekar as Chief Business Officer  https://t.co/NjNHfpRrqT,Personnel Change,Personnel Change,True
2997,Vinco Ventures Appoints Ted Farnsworth as Co-CEO  https://t.co/AC2tI6Dgq3,Personnel Change,Personnel Change,True
2998,Bluespring Wealth Partners Welcomes David Canter as President  https://t.co/32loDAPQQo,Personnel Change,Personnel Change,True
2999,Movandi CEO Maryam Rofougaran Joins Prestigious CNBC CEO Council  https://t.co/PGPR6fC2iA,Personnel Change,Personnel Change,True
3000,Monica Verma Joins Global Atlantic as COO of Investment Office  https://t.co/R3gZaEwaSW,Personnel Change,Personnel Change,True
3001,Principal Financial Group® names Teresa Hassara to lead U.S. workplace retirement business  https://t.co/38Uf8ImB0W,Personnel Change,Personnel Change,True
3002,"Entera Welcomes Ex-Amazon and Now Senior Vice President of Real Estate Brokerage Services, Dozie Okeleke  https://t.co/RFOeP7ayrj",Personnel Change,Personnel Change,True
3003,Expereo Strengthens Global Leadership Team with Two Executive Hires To Drive Global Market Expansion  https://t.co/in72aHazyw,Personnel Change,Personnel Change,True
3004,https://t.co/NzAYI2L2pN Announces Appointment of New Chief Financial Officer  https://t.co/6p50KiiFVU,Personnel Change,Personnel Change,True
3005,Thomas Pluta Appointed Next President of Tradeweb  https://t.co/hIANtq1p2E,Personnel Change,Personnel Change,True
3006,"CareJourney Appoints Mah-Jabeen Soobader, MPH, Ph.D. as Chief Analytics Officer  https://t.co/EO4oDoGYes",Personnel Change,Personnel Change,True
3007,Salem Podcast Network Welcomes Morgan Zegers to Its Line-Up  https://t.co/CJk1HgKqVu,Personnel Change,Personnel Change,True
3008,Viamedia Promotes Madeline Kissel to Vice President of Affiliate Relations and Business Development  https://t.co/V4UuoQ74Rc,Personnel Change,Personnel Change,True
3009,Deque Expands C-Suite with New Chief Information Accessibility Officer  https://t.co/AbE4YnBoz7,Personnel Change,Personnel Change,True
3010,Apella Capital Expands West Coast Presence with Addition of NR Smith and Associates  https://t.co/H7jIWF0yrY,Personnel Change,Personnel Change,True
3011,GoSecure Appoints Jeff Schmidt as Chief Technology Officer  https://t.co/kL9xgHW1fS,Personnel Change,Personnel Change,True
3012,Keystone Extends Office of CEO with New Role; Names Joseph P. Joyce to Chief of Staff  https://t.co/g5MQGLT491,Personnel Change,Personnel Change,True
3013,"Prenuvo Hires Doug Sweeny as Chief Business Officer leading Marketing, Sales and Product  https://t.co/l7P9K94hpM",Personnel Change,Personnel Change,True
3014,Priyanka Timblo Rejoins Holwell Shuster &amp; Goldberg as Partner  https://t.co/r2hVrRIS1C,Personnel Change,Personnel Change,True
3015,"Story Health Appoints Cardiovascular Changemaker Andrew Sauer, MD to Advisory Board  https://t.co/QdPHwVdsDO",Personnel Change,Personnel Change,True
3016,ZoomInfo Hires Bryan Law as Chief Marketing Officer  https://t.co/ArMOTjofdc,Personnel Change,Personnel Change,True
3017,"Kiromic BioPharma Appoints Leonardo Mirandola, Ph.D. as Chief Scientific Officer  https://t.co/24A4CU63Q9",Personnel Change,Personnel Change,True
3018,"DecisionLink Announces New Senior Vice President of Sales, Tim Fitzpatrick  https://t.co/4a4vPB1vQL",Personnel Change,Personnel Change,True
3019,Patrick Deggelman Joins Alliant Insurance Services’ Employee Benefits Group in Northern Virginia  https://t.co/NAf89Mj6fa,Personnel Change,Personnel Change,True
3020,ATCC Expands Leadership Team to Provide Vision and Growth Strategy  https://t.co/adoU8pMKZ0,Personnel Change,Personnel Change,True
3021,JM Search Welcomes New Partners &amp; Principals Amid Another Year of Rapid Growth  https://t.co/dPoyFAcnZg,Personnel Change,Personnel Change,True
3022,SkyKnight Joins Novata General Partner Advisory Committee to Advance ESG in Private Markets  https://t.co/9hG2k0WlBK,Personnel Change,Personnel Change,True
3023,Barnes Joins the Ellen MacArthur Foundation’s Global Network  https://t.co/gEylTOBo3q,Personnel Change,Personnel Change,True
3024,"TheoremOne Expands Leadership Team, Adds Chief Growth Officer  https://t.co/LZ2DPkSJ22",Personnel Change,Personnel Change,True
3025,Vishal Bhatnagar Joins Prodapt as Executive Vice President  https://t.co/0Bshktzw46,Personnel Change,Personnel Change,True
3026,Vista Equity Partners and Evergreen Coast Capital Announce Appointment of Tom Krause as CEO of Combined Company of Citrix Systems and TIBCO Software Upon Closing  https://t.co/lxldOm8ShV,Personnel Change,Personnel Change,True
3027,Mike Wells Appointed Group CEO of Athora  https://t.co/oE6NBJKEV3,Personnel Change,Personnel Change,True
3028,Tesla's head of AI is leaving the company,Personnel Change,Stock Movement,False
3029,UBS appoints Iqbal Khan as sole head of wealth management unit,Personnel Change,Personnel Change,True
3030,"Gap Inc. said late Monday Chief Executive Sonia Syngal will step down after “a brief transition,” and warned of margin “headwinds” as it pays more for shipping and raw materials.",Personnel Change,Personnel Change,True
3031,$VST - Vistra names Kris Moldovan its next finance chief,Personnel Change,Personnel Change,True
3032,$ARWR - Arrowhead Pharmaceuticals names internal officer as new COO,Personnel Change,Personnel Change,True
3033,"$BONZ - Bonanza Goldfields appoints CEO, CRO, PR director",Personnel Change,Personnel Change,True
3034,$GRCL - Gracell names Dr. Samuel Zhang as Chief Business Officer,Personnel Change,Personnel Change,True
3035,$KPLT - Katapult hires new chief revenue officer,Personnel Change,Personnel Change,True
3036,$MNNDF - Nurosene Health appoints Swapan Kakumanu as CFO,Personnel Change,Personnel Change,True
3037,$MSCI - MSCI appoints Cristina Bondolowski as CMO,Personnel Change,Personnel Change,True
3038,$GTGEF - G2 Energy names James Tague as president of G2 Energy Holdings US,Personnel Change,Personnel Change,True
3039,$SLHG $SLHGP - Skylight Health announces re-appointment of co-founder Qureshi as president,Personnel Change,Personnel Change,True
3040,$VIR - Vir Biotechnology announces transition of chief scientific officer,Personnel Change,Personnel Change,True
3041,$AGIO - Agios Pharmaceuticals hires new CEO,Personnel Change,Personnel Change,True
3042,UBS appoints Iqbal Khan as sole head of wealth management unit,Personnel Change,Personnel Change,True
3043,"Welcome to our new CIO, Louise Willard—with 25 years of experience at the SF Fed already, @MaryDalyEcon says, “Her passion and expertise will help us deliver leading technology today to support tomorrow’s economy.”",Personnel Change,Stock Commentary,False
3044,Gap in crisis mode after CEO becomes latest exec to depart struggling retailer  https://t.co/iDSN7ReS2S by @BrianSozzi,Personnel Change,Personnel Change,True
3045,"UBS shifts leadership, highlighting the Swiss banks efforts to serve its international, ultrarich clients alongside a lower-end but still wealthy clientele in the U.S. that it wants to increasingly reach through digital platforms",Personnel Change,Personnel Change,True
3046,$NFLX | Netflix Interviewing External Candidates For New Role Overseeing Ad-Supported Tier - @WSJ,Personnel Change,Personnel Change,True
3047,"Margaret Anadu, who left Goldman Sachs this year after almost two decades, is joining Vistria Group to lead a new effort focused on real estate",Personnel Change,Personnel Change,True
3048,Flying-taxi pioneer Vertical Aerospace recruits former McLaren supercars head Mike Flewitt to its board,Personnel Change,Personnel Change,True
3049,"Shigenobu Nagamori is back at the top of Nidec, one of Japan’s biggest companies, and doesn’t intend to leave until he’s boosted the company’s share price to a record",Personnel Change,Personnel Change,True
3050,Qatar Investment Authority’s head of TMT investing has left the sovereign wealth fund,Personnel Change,Legal | Regulation,False
3051,"When Sonia Syngal took over as GAP's CEO in early 2020, she inherited a business with lagging sales and poor inventory management. On Monday, she left the retailer in a similar state",Personnel Change,Personnel Change,True
3052,"Citigroup has suspended Jan Skarbek, one of the UK’s most high-profile investment bankers, pending an investigation into allegations of misconduct",Personnel Change,Legal | Regulation,False
3053,"Airbnb co-founder Joe Gebbia, 40, is stepping back from a full-time role at the home-sharing company to explore new projects",Personnel Change,Personnel Change,True
3054,"Jeffrey Goh, the chief executive officer of Star Alliance, will step down at the end of the year to pursue other interests",Personnel Change,Personnel Change,True
3055,"Andreas Nauen, the former CEO of Siemens Gamesa Renewable Energy, is joining private investment firm Sandbrook Capital",Personnel Change,Personnel Change,True
3056,HSBC banker quits over climate change furore,Personnel Change,Legal | Regulation,False
3057,UK's Beazley says chairman to exit in autumn 2022  https://t.co/EOGhIPlW4v,Personnel Change,Personnel Change,True
3058,Goldman Sachs appoints Josh Frydenberg as senior regional adviser for Asia Pacific  https://t.co/XSla8cpwQW,Personnel Change,Stock Commentary,False
3059,Atlantia says to part ways with CEO Bertazzo  https://t.co/ThlJ2TqNLY,Personnel Change,Personnel Change,True
3060,Generali appoints veteran banker to fill board vacancy  https://t.co/UtD5LdmHbb,Personnel Change,Personnel Change,True
3061,KKR's Seeger to join global sustainability standards body  https://t.co/ccN9RKaui3,Personnel Change,Personnel Change,True
3062,JPMorgan appoints co-heads of Mideast investment banking  https://t.co/uSxgC5Kwfm,Personnel Change,Personnel Change,True
3063,UBS names global wealth management chief  https://t.co/1HYtjeifA1,Personnel Change,Personnel Change,True
3064,"UBS's Iqbal Khan named solo head of global wealth management, Naratil steps down  https://t.co/XuxwbKEbX3",Personnel Change,Personnel Change,True
3065,Morgan Stanley names new co-heads of investment banking - memo  https://t.co/GL6k5Jck68,Personnel Change,Personnel Change,True
3066,"The leaders of Russia, Iran and Turkey have met in Tehran to discuss the conflict in Syria.   However, the war in Ukraine was far more in focus. Simone Foxman reports on Bloomberg Television  https://t.co/6gHKUIBrXi",Politics,Politics,True
3067,"Mario Draghi resigns as Italian Prime Minister. @Flacqua spoke to former Italian Prime Minister Enrico Letta shortly after the news broke  https://t.co/HJQ9fhczcQ   ""What happened is a turning point in Italian history,"" said Letta  https://t.co/HJQ9fhczcQ",Politics,Politics,True
3068,"Congresswoman Cheri Bustos of Illinois discusses Democrats' midterm prospects, the progress of USICA, and the latest from the January 6th hearings.   She also weighs in on inflation and gas prices with Bloomberg's David Westin on “Balance of Power”  https://t.co/o3yl234CDF",Politics,General News | Opinion,False
3069,Any of the “eight brilliant candidates” vying to be the next UK prime minister “would wipe the floor with captain crasheroony snoozefest.”  Boris Johnson warns Labour's Keir Starmer  https://t.co/piY64bRtw3,Politics,General News | Opinion,False
3070,Rep. Liz Cheney issued a warning in her closing remarks: “We will take any effort to influence witness testimony very seriously.”  https://t.co/r7YpZCM2CR,Politics,General News | Opinion,False
3071,"“I was in the United States Capitol fleeing my fellow Americans.”  Rep. Murphy gave a closing statement during the Jan. 6 hearing saying four decades after fleeing Vietnam due to political violence, she was fleeing Americans in D.C.  https://t.co/UEBUTHipwc",Politics,General News | Opinion,False
3072,Maryland Rep. Jamie Raskin says Trump’s Dec. 19 tweet motivated the Oathkeepers and Proud Boys to work together and coordinate their activities  https://t.co/7jT5AFIiiK,Politics,Personnel Change,False
3073,Italian PM Mario Draghi quits after failing to revive his coalition government,Politics,Politics,True
3074,Italian PM Mario Draghi says he will resign after failing to revive his coalition government,Politics,Politics,True
3075,"Biden announces new climate change programs, but no emergency declaration",Politics,Macro,False
3076,Sen. Lindsey Graham agrees to accept subpoena in Trump election meddling case,Politics,Legal | Regulation,False
3077,"VP Harris compares Supreme Court abortion ruling to slavery: ""Claiming ownership over human bodies""",Politics,General News | Opinion,False
3078,"Biden to sign executive order aiming to deter taking of U.S. hostages, wrongful detentions",Politics,General News | Opinion,False
3079,VP Harris compares Supreme Court abortion ruling to slavery: 'Claiming ownership over human bodies',Politics,General News | Opinion,False
3080,"Harris, Newsom engage with donors as possible 2024 bids loom if Biden doesn't run",Politics,Politics,True
3081,"Saudi Arabia's ties to the U.S. and China are not mutually exclusive, minister says",Politics,General News | Opinion,False
3082,Sri Lanka’s president has resigned and escaped to the Maldives after citizens protested economic and political instability for months.  https://t.co/EFfcInNAIv,Politics,Politics,True
3083,Republican AG group holds private retreat for corporate donors at swanky Palm Beach resort,Politics,Politics,True
3084,Italian PM Mario Draghi says he will resign after fresh political chaos in Rome,Politics,Politics,True
3085,Jan. 6 panel's next hearing will focus on Trump's hourslong failure to stop the Capitol riot,Politics,Politics,True
3086,Trump accused of possible witnesses tampering: Here are highlights from the Jan. 6 hearing,Politics,Politics,True
3087,Watch live: Jan. 6 committee hearing to examine the role extremist groups played in the Capitol riot,Politics,Politics,True
3088,LIVE: White House press secretary Karine Jean-Pierre holds a briefing with reporters.,Politics,General News | Opinion,False
3089,LIVE: Biden hosts an event on the passage of new legislation to reduce gun violence,Politics,General News | Opinion,False
3090,The Senate Project Debate Series Moves Ahead with Sen. Rob Portman and Sen. Chris Murphy August 1  https://t.co/qr5aNroXlm,Politics,General News | Opinion,False
3091,Mitch McConnell says he won't vote in favor of the CHIPS bill at this stage,Politics,Politics,True
3092,He's got some BOLD moves planned,Politics,General News | Opinion,False
3093,"UK government lagging on pandemic-related PPE fraud, say MPs",Politics,Politics,True
3094,Climate change should be central to the UK’s leadership contest  https://t.co/1PBeeN8QuP  | opinion,Politics,General News | Opinion,False
3095,Fauci to step down by end of Biden’s first term as US president,Politics,Personnel Change,False
3096,"In the second debate, it’s Rishi Sunak who needs to change gear",Politics,Politics,True
3097,"Penny Mordaunt, the Tory grassroots’ darling",Politics,Personnel Change,False
3098,Liz Truss struggles for momentum in Conservative leadership race,Politics,Politics,True
3099,How Johnson finally sabotaged the Eton-Oxford establishment  https://t.co/kTgfrJ7FfW  | opinion,Politics,General News | Opinion,False
3100,Tory leadership focus turns to who can take on Rishi Sunak,Politics,Politics,True
3101,Zahawi promises to abolish planned corporation tax increase,Politics,Politics,True
3102,Sri Lanka prime minister confirms besieged president Rajapaksa to resign,Politics,Politics,True
3103,Japan heads to polls in shadow of Shinzo Abe’s assassination,Politics,Politics,True
3104,Lucky Starmer can reap rewards from the Tory leadership race,Politics,Politics,True
3105,Tory favourite to succeed Johnson declines to stand in leadership race,Politics,Politics,True
3106,UK Chancellor Nadhim Zahawi says the government is considering giving ministers the power to overturn financial regulators’ decisions,Politics,Legal | Regulation,False
3107,"Tory leadership contender Liz Truss’ policies pose the biggest threat to the stability of the UK economy of the five remaining candidates to succeed Boris Johnson, according to Citigroup",Politics,Stock Commentary,False
3108,Indonesia will push the Group of 20 as this year’s host to include the African Union to ensure the plight and concerns of the continent would be represented in key meetings,Politics,Politics,True
3109,Clear dividing lines over the economy emerged as the UK’s leadership race turned personal in the second of three debates to determine who will succeed Boris Johnson as Britain’s next prime minister,Politics,Politics,True
3110,"Rishi Sunak, the leading contender to become the UK’s next prime minister, says he plans to make the most of the opportunities thrown up by shaking off the “shackles” of EU regulation",Politics,Politics,True
3111,Joe Biden will announce $1 billion in US food security aid for the Middle East and North Africa at a summit of Gulf leaders in Saudi Arabia,Politics,Politics,True
3112,President Biden threatened to take executive action to combat climate change after West Virginia Senator Joe Manchin temporarily scuttled Democrats’ sweeping economic and energy bill,Politics,Politics,True
3113,"The biggest and most pressing problem the UK faces now is Brexit. So why aren't Boris Johnson's would-be successors talking about how to fix it?, asks @clive_crook (via @opinion)",Politics,Politics,True
3114,President Xi Jinping made his first trip to China’s remote Xinjiang region since eight years ago,Politics,Politics,True
3115,New York City Mayor Eric Adams unveils a plan to draw more ferry riders by reducing fares for low-income travelers,Politics,General News | Opinion,False
3116,"Rishi Sunak, the frontrunner in the race to succeed Boris Johnson, warns there are “challenging” times ahead for the economy as he refused to put a timetable on when he could cut taxes",Politics,Politics,True
3117,"The White House is monitoring labor talks in the logistics industry as unions representing rail workers and West Coast dockworkers negotiate contracts, but won’t get directly involved in either for now, its supply-chain envoy said",Politics,Legal | Regulation,False
3118,"The US is planning a strategy to prioritize the Pacific Island countries in its foreign policy, seeking to align with concerns over climate change and development in a bid to counter China’s growing influence",Politics,Politics,True
3119,"The Biden administration has says Palestinians are entitled to the same measure of “freedom, security and prosperity” enjoyed by Israelis. Instead, they've gotten US aid and permits to work inside Israel and its Jewish settlements",Politics,Politics,True
3120,"With inflation running at 70% and protesters invading his residence and forcing him into hiding, Sri Lankan President Gotabaya Rajapaksa is poised to resign",Politics,Politics,True
3121,@BrackbillThomas Puts yes,Politics,General News | Opinion,False
3122,"“It is incomprehensible to us, Mr. Trump, that a former president of the United States would cast our loved ones aside for personal financial gain,” a letter from the group 9/11 Justice stated.",Politics,General News | Opinion,False
3123,"“This is going to open people’s eyes in a big way,” said Rep. Adam Kinzinger said Sunday.",Politics,General News | Opinion,False
3124,"“[Sen. Joe Manchin] is a modern-day villain, who drives a Maserati, lives on a yacht courtesy of the coal industry, and is willing to see the world burn as long as it benefits his near-term investment portfolio,” scientist Michael Mann said.",Politics,General News | Opinion,False
3125,"“I am very saddened to inform all of those that loved her, of which there are many, that Ivana Trump has passed away at her home in New York City,” Donald Trump posted on Truth Social.",Politics,Stock Movement,False
3126,"MarketWatch exclusive: In an interview Thursday, Rep. Ro Khanna — a Democrat from Silicon Valley — calls the holdup of the multibillion-dollar U.S. tech-innovation bill “malpractice” and a “dereliction of duty"" by Congress.",Politics,General News | Opinion,False
3127,"“It is clear to anyone who visits a grocery store or a gas station that we cannot add any more fuel to this inflation fire,” Sen. Joe Manchin said.",Politics,Macro,False
3128,"“No matter what spending aspirations some in Congress may have, it is clear to anyone who visits a grocery store or a gas station that we cannot add any more fuel to this inflation fire,” Sen. Joe Manchin said in a statement.",Politics,Macro,False
3129,"There wasn’t evidence of fraud to overturn the 2020 presidential election results, Donald Trump’s former White House counsel Pat Cipollone said in taped testimony.",Politics,Legal | Regulation,False
3130,"Cheney: Trump tried to contact witness in Jan. 6 probe, DOJ has been alerted",Politics,Legal | Regulation,False
3131,"Former  https://t.co/jmutzi55HO Chief Executive Patrick Byrne is expected to meet Friday with the House Jan. 6 committee, according to a new report.",Politics,Personnel Change,False
3132,$FM $EMFM - Sri Lanka enacts state of emergency before presidential vote,Politics,Macro,False
3133,$EWI $FXE $FTSEMIB - Italy Prime Minister Draghi to resign after confidence vote boycott,Politics,Politics,True
3134,$TCNNF $CURLF $CRLBF - Senate Democrats-backed marijuana legalization bill coming next week - Bloomberg,Politics,General News | Opinion,False
3135,Senate confirms Michael Barr as Fed's top Wall Street regulator,Politics,Fed | Central Banks,False
3136,ITALIAN PRIME MINISTER DRAGHI IS ADDRESSING DEPUTY OF CHAMBERS SHORTLY WHERE HE WILL LIKELY INDICATE HIS INTENTION TO RESIGN,Politics,Politics,True
3137,ITALIAN PM DRAGHI TO ANNOUNCE HIS RESIGNATION IN THE CHAMBER TOMORROW - ANSA,Politics,Politics,True
3138,LIZ TRUSS HAS ACCUSED RISHI SUNAK OF LEADING BRITAIN INTO A RECESSION AS SHE SAID HIS TAX RISES WOULD DO NOTHING TO IMPROVE ECONOMIC GROWTH - TELEGRAPH,Politics,Politics,True
3139,U.S SENATE MAJORITY LEADER SCHUMER PREPARING FOR A VOTE ON SLIMMER CHINA BILL NEXT WEEK,Politics,Macro,False
3140,RISHI SUNAK RECEIVES 101 VOTES IN SECOND ROUND OF UK LEADERSHIP ELECTION  LIZ TRUSS RECEIVES 64 VOTES IN SECOND ROUND OF UK LEADERSHIP ELECTION  TOM TUGENDHAT RECEIVES 32 VOTES IN SECOND ROUND OF UK LEADERSHIP ELECTION,Politics,Politics,True
3141,U.S. COMMERCE SECRETARY RAIMONDO SAYS LAWMAKERS APPEAR TO BE COALESCING AROUND PLAN TO CARVE OFF $52 BILLION CHIPS FUNDING FROM LARGER BILL -REUTERS INTERVIEW,Politics,General News | Opinion,False
3142,UK PM JOHNSON: CONSERVATIVES WILL UNITE AROUND WINNER OF LEADERSHIP CONTEST,Politics,Politics,True
3143,UK HOUSE OF COMMONS SPEAKER HOYLE ORDERS TWO LAWMAKERS TO LEAVE THE DEBATING CHAMBER FOR REFUSING TO COMPLY WITH INSTRUCTIONS,Politics,Legal | Regulation,False
3144,U.S. PRESIDENT JOE BIDEN'S APPROVAL RATING RISES 3 PERCENTAGE POINTS TO 39% IN LATEST REUTERS/IPSOS POLL,Politics,General News | Opinion,False
3145,WHITE HOUSE ANNOUNCES STRATEGY TO MANAGE BA.5 COVID VARIANT,Politics,General News | Opinion,False
3146,"U.S. COMMERCE SECRETARY, NATIONAL INTELLIGENCE DIRECTOR, DOD DEPUTY SECRETARY WILL BRIEF SENATORS WEDNESDAY ON CHIPS, GLOBAL TECHNOLOGY ISSUES -- OFFICIALS",Politics,General News | Opinion,False
3147,JAPAN'S PM KISHIDA PLANS A CABINET RESHUFFLE IN AUGUST OR SEPTEMBER - NIKKEI.,Politics,Personnel Change,False
3148,"UK foreign secretary Liz Truss on Thursday criticised Tory leadership rival Rishi Sunak as ‘the continuity economic policy candidate’, claiming he took the country's economy in the ‘wrong direction’ when he was chancellor",Politics,Politics,True
3149,"Opinion: The closing stages of the Conservative leadership contest are coinciding with an unprecedented heatwave.   For human health, economic opportunity and planetary survival, future leaders should be accelerating the transition to net zero",Politics,General News | Opinion,False
3150,"In the latest round of voting by Tory MPs, Rishi Sunak retained his position as the frontrunner to become the next Conservative party leader with the support of 115 MPs. He was five short of the 120 needed to guarantee him a place in the final run-off  https://t.co/eDmlJ04vkz",Politics,Politics,True
3151,Abe’s assassination has shone a light on Japan’s faith industry,Politics,Politics,True
3152,"Italian president Sergio Mattarella rejected prime minister Mario Draghi’s resignation and instead asked him to communicate with parliament next week, raising hopes the rifts that had emerged in the national unity government could be patched up",Politics,Politics,True
3153,Gotabaya Rajapaksa fled in face of mass protests over the country’s economic collapse,Politics,Politics,True
3154,"Just in: Suella Braverman has been eliminated from the Conservative party leadership contest, leaving five candidates in the race to be the next UK prime minister. Former chancellor Rishi Sunak is in the lead, followed by Penny Mordaunt  https://t.co/aQ5I4R7xHj",Politics,Politics,True
3155,"Just in: Italy’s populist Five Star Movement has boycotted a critical parliamentary vote, a decision that threatens to plunge Prime Minister Mario Draghi’s national unity government into a fresh round of political turmoil",Politics,Politics,True
3156,Which Conservative MPs support each of the candidates to become the party’s leader and the UK’s next prime minister?  Find out here 👇  https://t.co/wkeqf7Au8m,Politics,General News | Opinion,False
3157,"Penny Mordaunt, the dark horse in the Conservative leadership campaign, has launched her bid to become prime minister with a promise to return to old Tory themes of 'low tax, a small state and personal responsibility'",Politics,Personnel Change,False
3158,"Rishi Sunak, the former chancellor, is the bookmakers’ favourite to win",Politics,Stock Commentary,False
3159,"'Vote Conservative: it’s the only way to save the UK from the mess made by the Tories. That’s the message, historically speaking, that has won more elections than any other,' Stephen Bush writes",Politics,General News | Opinion,False
3160,The bipartisan committee investigating last year’s January 6 attack on the US Capitol will argue that former president Donald Trump played a 'pivotal' role in spurring far-right groups to begin planning their assault,Politics,Politics,True
3161,"Rishi Sunak, the UK’s former chancellor, has officially launched his campaign to become the next prime minister",Politics,Politics,True
3162,Live news updates: UK’s Conservative party to announce new leader on September 5,Politics,Politics,True
3163,The $52 billion CHIPS Act is one step closer to getting the U.S. semiconductor industry some help. The Senate voted in favor of advancing the bill on Tuesday night.,Politics,Macro,False
3164,This week in Bidenomics: Calling a bottom on the Biden presidency  https://t.co/rJv8GDGXAt by @rickjnewman,Politics,General News | Opinion,False
3165,This week in Bidenomics: Calling a bottom on the Biden presidency  https://t.co/oq6YxyF5qD by @rickjnewman,Politics,General News | Opinion,False
3166,"“This is a White House that in some ways appears somewhat rudderless,” BTIG Director of Policy Research Isaac Boltansky says on the legislative outlook for the Biden administration and Congress.",Politics,Politics,True
3167,U.S. Senate to vote on Tuesday on slimmed-down China semiconductor bill - Reuters,Politics,Macro,False
3168,US Senate Minority Leader McConnell: Won't Vote To Proceed On Chips Bill At This Stage,Politics,Macro,False
3169,Italian PM Draghi: Confidence Vote Must Be Held In Senate Today,Politics,Politics,True
3170,"Italy's 5-Star To Snub Key Vote, Pushing Draghi's Govt To The Brink - RTRS",Politics,Politics,True
3171,UK's Conservative 1922 Committee Chair: Nominations To Replace UK PM Will Open And Close Tomorrow    $GBP,Politics,Politics,True
3172,"""Hasta la vista, baby.""  UK Prime Minister Boris Johnson held his last PMQs Wednesday, leaving whoever becomes his successor with words of advice  https://t.co/LQGGCIld5e",Politics,Politics,True
3173,President Biden called climate change an “existential threat” and unveiled new policies to fight its effects during a trip to Massachusetts  https://t.co/z7MiQ9tPH4,Politics,General News | Opinion,False
3174,"Sri Lanka lawmakers elected Prime Minister Ranil Wickremesinghe as president, a choice that risks reigniting protests  https://t.co/vT6wnxs3nd",Politics,Politics,True
3175,"ICYMI: Senate Democrats are urging the White House to declare a “climate emergency,” which will give Biden the authority to redirect funds for clean energy projects and restrict offshore oil drilling  https://t.co/bsPLE16jEE",Politics,General News | Opinion,False
3176,Russian President Vladimir Putin met with leaders of Iran and Turkey to discuss the ongoing conflict in Syria and Ukraine  https://t.co/TU4NmOiNig,Politics,Politics,True
3177,"LATEST: Top European leaders have left President Xi Jinping hanging over an invitation to meet him in Beijing later this year, according to the SCMP",Politics,Politics,True
3178,"Dr. Anthony Fauci will retire before the end of President Biden’s current term, ending a storied career spanning 7 presidents and over 4 decades  https://t.co/0nLfAASS3g",Politics,Personnel Change,False
3179,ICYMI: Saudi crown prince MBS welcomes US President Biden to the royal palace in Jedda with a fist bump  https://t.co/aew8n7bzxu,Politics,General News | Opinion,False
3180,"""With respect to the murder of Khashoggi, I raised it at the top of the meeting, making it clear what I thought of it at the time,"" Biden said about his meeting with Saudi Crown Prince MBS  https://t.co/kIpGlJ6XVn",Politics,Politics,True
3181,Biden received the Israeli Presidential Medal of Honor in recognition of his decades-long commitment to the US-Israel relationship  https://t.co/67x9CHLpUD,Politics,Politics,True
3182,"JUST IN: Sri Lanka President Gotabaya Rajapaksa is headed to Saudi Arabia via Singapore after missing a deadline to submit his resignation, AP reports  https://t.co/ky6V7huVHN",Politics,Politics,True
3183,EARLIER: Biden laid a wreath at the Holocaust memorial in Israel during his trip to the Middle East  https://t.co/mjvOY0mdLB,Politics,Politics,True
3184,WATCH: Biden laid a wreath at the Holocaust memorial in Israel during his trip to the Middle East  https://t.co/Y8pz3bcwcH,Politics,Politics,True
3185,EARLIER: Maryland Rep. Jamie Raskin said Trump’s Dec. 19 tweet motivated the Oathkeepers and Proud Boys to work together and coordinate their activities  https://t.co/QGmhxQ67L0,Politics,Politics,True
3186,“I have a great deal of respect for Vice President Pence.”  ICYMI: Former White House counsel Pat Cipollone said he recommended that Pence get a Presidential Medal of Freedom  https://t.co/THnEDPzotS,Politics,Politics,True
3187,"“Basically, you know, the president got everybody riled up, told everybody head on down, so we basically just followed what he said.”  Stephen Ayres, an Ohio man who entered the Capitol, said he believed at the time the election could still be overturned  https://t.co/JDNWRCPY0z",Politics,Politics,True
3188,"“Did I believe he should concede the election at a point in time? Yes, I did.”  Former White House counsel Pat Cipollone testified to the Jan. 6 committee that Trump should have conceded the election  https://t.co/wFxBNm3RAB",Politics,Politics,True
3189,"“Never before in American history had a president called for a crowd to come contest the counting of electoral votes by Congress,” Maryland Rep. Jamie Raskin says at the hearing by the House committee investigating the Jan. 6 riot  https://t.co/aYjk2J7w7v",Politics,Politics,True
3190,"A private funeral was held Tuesday for former Japanese PM Shinzo Abe, whose assassination last week shocked the nation.  Crowds of people lined the streets outside a Buddhist temple in Tokyo to pay their respects  https://t.co/WcpU82vSD8",Politics,Politics,True
3191,"Shinzo Abe, Japan's longest-serving prime minister, leaves a legacy of Abenomics and hawkish foreign policy.  @rumireports was outside the Nara hospital where he was declared dead at age 67  https://t.co/vcw3csdQds",Politics,General News | Opinion,False
3192,"BREAKING: President Joe Biden tests positive for Covid-19 with mild symptoms. He's fully vaccinated, boosted and taking Paxlovid, the White House says  https://t.co/SelwdSG6S4",Politics,Stock Movement,False
3193,"A bill sponsored by Senators Schumer, Booker and Wyden would federally decriminalize, regulate and impose taxes on cannabis products",Politics,Legal | Regulation,False
3194,The UK's new finance bill includes a way for the Treasury to keep regulatory policy reviews under wraps,Politics,Legal | Regulation,False
3195,"For the second time in three years, tens of thousands of Conservative Party members will have the chance to choose Britain's next prime minister",Politics,Politics,True
3196,"The Donald Trump that emerged from a month of televised hearings into the Jan. 6, 2021 assault on the Capitol was shocking.  Today’s prime-time finale may reveal more unsettling moments",Politics,Politics,True
3197,"Rishi Sunak and Liz Truss begin the race to win over a primarily older, male, and 95% White Conservative base",Politics,Politics,True
3198,President Trump’s 187 minutes of inaction during the US Capitol attacks will be the focus of today's House committee hearing,Politics,Politics,True
3199,"Tory leadership hopeful Liz Truss says she would take on the economic ""consensus"" of the past two decades and allow government borrowing to increase to fund her tax-cutting plan",Politics,Politics,True
3200,Liz Truss has undergone a political reinvention to become the favorite to succeed Boris Johnson as leader of the Conservative party and UK Prime Minister,Politics,Politics,True
3201,Italy's government is on the cusp of collapse as parties refuse to back PM Mario Draghi in a confidence vote,Politics,Politics,True
3202,"President Biden’s job-approval rating fell to its lowest of his presidency, and a healthy majority of Americans don’t want to see either him or former President Trump run again in 2024, a Quinnipiac poll found",Politics,Politics,True
3203,A group of Democratic and Republican senators have agreed on legislation aimed at preventing a repeat of the efforts last year by ex-President Trump and his allies to overturn the 2020 election,Politics,Politics,True
3204,"Rishi Sunak was seen as Boris Johnson’s natural heir, until he turned on the prime minister who put him in charge of Britain’s economy",Politics,Politics,True
3205,A judge in New York has ordered Rudy Giuliani to appear next month before a special grand jury in Atlanta that's investigating whether Trump and others illegally tried to interfere in the 2020 general election in Georgia  https://t.co/Wgq2n8Eu75 via @AP,Politics,Politics,True
3206,"Biden is set to announce plans to encourage offshore wind development in the Gulf of Mexico and in Atlantic waters near the Southeast US, part of a bid to prove he’s confronting the climate crisis despite a congressional logjam",Politics,General News | Opinion,False
3207,"One thing that would happen if Republicans take the Senate in November: Judicial nominations are likely to screech to a halt, writes @jbview  https://t.co/ACTdtmmuMM via @opinion",Politics,Politics,True
3208,Iran warns that proposed US legislation targeting the Islamic Republic could further imperil the Biden administration's efforts to resurrect the moribund nuclear deal,Politics,Politics,True
3209,Boris Johnson signs-off on his final appearance as prime minister in the UK’s House of Commons by offering advice to his successor and declaring his mission is “largely accomplished”,Politics,Personnel Change,False
3210,"Pelosi tells colleagues she will back the Senate semiconductor bill, signaling an end to a yearlong deadlock between the House and Senate",Politics,General News | Opinion,False
3211,Modi's promise to ban plastic straws this month put India in the lead in the region for curbing pollution. But many beverage makers aren't ready.,Politics,General News | Opinion,False
3212,China's Xi is facing a surprise challenge from middle-class homeowners. And the timing couldn't be worse for him.,Politics,Politics,True
3213,Modi's promise to ban plastic straws this month put India in the lead in the region for curbing pollution. But many beverage makers aren't ready.,Politics,General News | Opinion,False
3214,"Mario Draghi is expected to declare whether he’s willing to continue as PM in the Italian government with his fractious coalition or if he’ll quit, throwing the country into political chaos  🚨 Tune in at 2 p.m. CET for a discussion in #ThePoliticsSpace",Politics,Politics,True
3215,Modi's promise to ban plastic straws this month put India in the lead in the region for curbing pollution. But many beverage makers aren't ready.,Politics,General News | Opinion,False
3216,"Putin's trip to Iran is a reminder that Russia is no superpower, says @ghoshworld  https://t.co/L7O2ghrKjH via @opinion",Politics,Politics,True
3217,Former US Secretary of State Henry Kissinger said geopolitics today requires “Nixonian flexibility” to help defuse conflicts between the US and China as well as Russia and the rest of Europe,Politics,General News | Opinion,False
3218,A bipartisan group of lawmakers is making a last-minute attempt to revive a tax break for R&amp;D in the semiconductor funding bill the Senate is debating this week,Politics,General News | Opinion,False
3219,New York Representative Alexandria Ocasio-Cortez was among 34 people arrested on Tuesday during an abortion-rights rally,Politics,Legal | Regulation,False
3220,"Pressure is mounting on a French government minister to quit over comments stigmatizing homosexuality and LGBTQ people, in the latest challenge to President Emmanuel Macron’s leadership  https://t.co/Pa4rQLxrbh via @AP",Politics,Politics,True
3221,"Biden is considering using executive action to confront climate change, including an emergency declaration that would allow him to steer federal funding to clean-energy projects",Politics,Politics,True
3222,"Americans keep sending older and older lawmakers to the Senate, but this year's midterm candidate roster strikes @jbview as a little bit different  https://t.co/eXw4er8KP8 via @opinion",Politics,General News | Opinion,False
3223,Vladimir Putin’s war in Ukraine is recasting relations in Russia’s Soviet-era backyard,Politics,Politics,True
3224,Sri Lanka's main opposition leader exits the presidential race and throws his support behind a candidate backed by a faction of the ruling party controlled by the Rajapaksa clan,Politics,Politics,True
3225,"The House committee investigating the Jan. 6 attack on the US Capitol, which had planned to finish its inquiry by September, will instead keep operating beyond that because more information keeps coming in",Politics,Politics,True
3226,"UK Chancellor of the Exchequer Nadhim Zahawi will pledge a “coherent and agile approach to financial regulation” in a major speech on Tuesday, as Britain continues to develop its post-Brexit plans for the City",Politics,General News | Opinion,False
3227,"Colombia’s next government will seek to attract foreign investors by guaranteeing a stable business environment, rather than by giving tax breaks to favored sectors, according to one of its top officials.",Politics,General News | Opinion,False
3228,"The US Senate’s arcane budget rules threaten Democrats’ plans to increase taxes on the wealthy and corporations and invest in climate programs, even if they can win Joe Manchin’s support",Politics,Macro,False
3229,"Anthony Fauci, who became a household name during the coronavirus pandemic, will retire before the end of President Biden’s current term",Politics,Personnel Change,False
3230,There's blue blood on the carpet after a bruising Conservative leadership debate last night. And the UK is overheating. Sign up to the Readout with Allegra Stratton,Politics,Politics,True
3231,"Tory leadership contender Liz Truss’ policies pose the biggest threat to the stability of the UK economy of the five remaining candidates to succeed Boris Johnson, according to Citigroup",Politics,Stock Commentary,False
3232,"""We have left the EU, the public are sick and tired of us banging on about Brexit.""   Top quotes from the Tory leadership TV debate 🔽",Politics,General News | Opinion,False
3233,"India Prime Minister Narendra Modi’s Bharatiya Janata Party named Jagdeep Dhankhar, governor of West Bengal state, as its Vice Presidential candidate",Politics,Personnel Change,False
3234,Indonesia will push the Group of 20 as this year’s host to include the African Union to ensure the plight and concerns of the continent would be represented in key meetings,Politics,General News | Opinion,False
3235,The process of selecting the UK's next prime minister is governed by a group of Conservative MPs known as the 1922 committee.,Politics,General News | Opinion,False
3236,Penny Mordaunt is pushing for a place in the final two as the Tory leadership race enters a crucial phase. Here's how she got there,Politics,Personnel Change,False
3237,"Rishi Sunak, the leading contender to become the UK’s next prime minister, said he plans to make the most of the opportunities thrown up by shaking off the “shackles” of EU regulation",Politics,Stock Commentary,False
3238,Twitter users were quick to spot Liz Truss seemingly recreating an outfit of Margaret Thatcher's for her appearance at Channel 4's Tory leadership debate,Politics,General News | Opinion,False
3239,Trump's draws less from his army of donors in a period in which Jan. 6 hearings took place,Politics,General News | Opinion,False
3240,Mario Draghi has signaled that he’s determined to resign as Italy’s prime minister within days,Politics,Politics,True
3241,The campaign teams of the remaining Tory leadership contenders have been assessing the impact of the first TV debate which saw Penny Mordaunt come under fire over her plans for tax cuts and her record on transgender issues,Politics,Politics,True
3242,"Steve Bannon filed a last-ditch attempt to avoid a trial on contempt of Congress charges, arguing that his inability to cross-examine senior House members prevents him from having a fair trial",Politics,Legal | Regulation,False
3243,Twitter users were quick to spot Liz Truss seemingly recreating an outfit of Margaret Thatcher's for her appearance at Channel 4's Tory leadership debate,Politics,General News | Opinion,False
3244,UK ministers will hold an emergency Cobra meeting on Saturday after meteorologists warned of record high temperatures in England that could put lives at risk,Politics,Macro,False
3245,"Trans rights, the net-zero carbon target, and whether Boris Johnson is honest were key talking points during the first televised Tory leadership debate",Politics,Politics,True
3246,Trump's draws less from his army of donors in a period in which Jan. 6 hearings took place,Politics,Politics,True
3247,"Gubernatorial hopeful Beto O’Rourke rallied Texas Democrats on abortion rights, gun control and securing the state electric grid in a prime-time speech at the Texas Democratic Convention",Politics,Politics,True
3248,The House panel investigating the assault on the US Capitol met with representatives of the Homeland Security Department’s watchdog who said the Secret Service isn’t cooperating with its investigation,Politics,Legal | Regulation,False
3249,Pressure is building on Biden to deploy executive powers in the uphill fight against climate change,Politics,Politics,True
3250,"Donald Trump and two of his children won a brief reprieve from depositions in New York’s probe of their family real-estate business following the sudden death of the former president’s first wife, Ivana Trump",Politics,Politics,True
3251,"Just a year into office, Biden’s aggressive climate plans are losing momentum.   Here’s what’s happened — and what the path forward around political and wildcard obstacles could look like",Politics,Politics,True
3252,The new president will need the support of both lawmakers and protesters to lead Sri Lanka out of its worst economic and political crisis. Here are the leading contenders for the job,Politics,Politics,True
3253,"Bid to avert crisis in Italy, ECB's new tool and UK PM contenders to battle it out in first TV debate.   Here’s what people are talking about 🔽",Politics,Politics,True
3254,The race to succeed Boris Johnson as UK prime minister has moved beyond a discussion of tax cuts and into new ways to shake up economic policy,Politics,Politics,True
3255,President Xi Jinping made his first trip to China’s remote Xinjiang region since eight years ago,Politics,General News | Opinion,False
3256,Gotabaya Rajapaksa has stepped down as Sri Lanka’s president with protesters taking to the streets to celebrate into the early hours of Friday. Here's the latest,Politics,Politics,True
3257,The House panel investigating the US Capitol attack is mapping out its steps beyond next week’s planned eighth public session this summer -- including possibly holding more hearings,Politics,Legal | Regulation,False
3258,"The House Jan. 6 panel is seeking to recover Secret Service text messages that could shed light on then-President Trump’s actions as the Capitol attack unfolded, but were erased from the agency’s computer system",Politics,Legal | Regulation,False
3259,"NEW: Biden is risking a disconnect with the American public, playing down inflation readings that have sown discontent with his handling of the US economy and unsettled a Fed his team says is key to taming prices",Politics,General News | Opinion,False
3260,The government is rushing to show its plans to boost the City of London by publishing new financial services draft legislation next week despite turmoil at the top of the Conservative party,Politics,Politics,True
3261,"Senate Majority Leader Chuck Schumer told senators to expect a preliminary vote next week on a pared-back China competition bill that would include, at a minimum, $52 billion in incentives and an investment-tax credit for US semiconductor manufacturing",Politics,Politics,True
3262,"Italian Prime Minister Mario Draghi will offer his resignation following a split in his coalition, according to a statement from his office",Politics,Politics,True
3263,"Senate Democrats plan to introduce a bill to decriminalize marijuana at the federal level next week, although the legislation faces long odds in the evenly divided chamber",Politics,Politics,True
3264,"Five candidates remain in the battle to succeed Boris Johnson as leader of the UK Conservative Party and Prime Minister, as betting firms adjust their odds during the leadership contest",Politics,Politics,True
3265,"Texas Democrats are getting a lift from voters passionate about gun control and abortion rights, but the goal of winning state races is hampered by what is shaping up to be one of the worst years ever for the party nationally",Politics,Politics,True
3266,Rishi Sunak and Penny Mordaunt are ahead of their rivals in the race to become Conservative Party leader and UK prime minister,Politics,Politics,True
3267,"President Biden says he will raise the issue of human rights in his upcoming meeting with Saudi Crown Prince Mohammed Bin Salman, but did not commit to specifically raising the issue of murdered columnist Jamal Khashoggi",Politics,Politics,True
3268,"The staffers, who submitted the letter anonymously, lambasted Senate Majority Leader Chuck Schumer and House Speaker Nancy Pelosi for their ""silence on an expensive climate justice policy""",Politics,Politics,True
3269,Japan will hold a state funeral for former Prime Minister Shinzo Abe who was killed last week,Politics,Politics,True
3270,Joe Biden wanted to ostracize Saudi Arabia over human rights. That was before the price of oil hit the US economy,Politics,Politics,True
3271,"UK Trade Minister Penny Mordaunt is the favorite for the Conservative leadership among party members, according to a snap YouGov poll",Politics,Politics,True
3272,"Italy’s Five Star Movement will boycott a key vote over an aid package Thursday, putting the survival of Prime Minister Mario Draghi’s government at risk",Politics,Politics,True
3273,"Biden said an elite Iranian military unit would remain designated a terrorist group by the US, even if that means he can’t secure a return to the multinational deal intended to restrain Iran’s nuclear program",Politics,Politics,True
3274,"Law firm partners, family business owners and other high-earning individuals who have stakes in companies are at the center of a last-minute lobbying battle over Biden’s slimmed-down economic plan",Politics,Politics,True
3275,"Biden's handshake with former Israeli Prime Minister Benjamin Netanyahu during his Middle East trip muddles his ability to avoid a politically awkward greeting with Saudi Arabia's crown prince, Mohammed Bin Salman",Politics,Politics,True
3276,⚡️ Sri Lanka imposes emergency after president flees country,Politics,Politics,True
3277,"President Biden is confident he will make progress with Saudi and other Gulf leaders on guaranteeing a “sustainable” level of energy production from the region, his top national security aide says",Politics,Politics,True
3278,South Africa’s minister in charge of embattled state-owned companies gives an impassioned defense of the sale of a majority stake in the national carrier for about $3 — a deal that’s subject to a lawsuit from one of the spurned bidders,Politics,Politics,True
3279,"LIVE UPDATES: Sri Lankan President Gotabaya Rajapaksa has fled the island nation in the middle of a deepening economic crisis that has seen fuel and food shortages.  Follow live for the latest news, analysis and commentary ⬇",Politics,Politics,True
3280,"The US is planning a strategy to prioritize the Pacific Island countries in its foreign policy, seeking to align with concerns over climate change and development in a bid to counter China’s growing influence",Politics,Politics,True
3281,"""We will take any effort to influence witness testimony very seriously.""  Rep. Cheney said during the hearing that Donald Trump tried to call a witness involved in the Jan. 6 investigations  https://t.co/l7XAGT74yC",Politics,Politics,True
3282,Ireland’s coalition government won a confidence vote in parliament following a motion tabled by opposition party Sinn Fein,Politics,Politics,True
3283,The committee released excerpts of texts between Brad Parscale and Katrina Pierson in which the former expressed guilt for helping Trump win  Latest updates:  https://t.co/3shkT8X95y,Politics,Politics,True
3284,"Cipollone said he thought former Vice President Pence should have been given the Presidential Medal of Freedom for certifying the electoral votes on Jan. 6, 2021  Latest updates:",Politics,Politics,True
3285,"""This week I feel guilty for helping him win.""  Rep. Murphy read texts between Brad Parscale and Katrina Pierson, citing how Parscale immediately recognized the impacts of Trump's speech  https://t.co/l7XAGT74yC",Politics,Politics,True
3286,"""We could make the RINOs do the right thing.""  Members of Donald Trump's staff testified that he was in a ""very good mood"" hearing supporters in The Ellipse on Jan. 6 and wanted members of Congress not to vote to certify the election  https://t.co/l7XAGT74yC",Politics,Politics,True
3287,"""POTUS is going to just call for it 'unexpectedly.'""  The Jan. 6 committee shared a draft tweet during the hearing that Donald Trump had reportedly seen, encouraging massive crowds to march to the Capitol  https://t.co/l7XAGT74yC",Politics,Politics,True
3288,Mexican President Lopez Obrador boasted to US President Biden that gasoline prices are cheaper in his country during a White House meeting Tuesday,Politics,Politics,True
3289,Rep. Raskin said during the Jan. 6 hearing that many of Trump's followers took to social media to answer his call and protest the election in D.C.  https://t.co/l7XAGT74yC,Politics,Politics,True
3290,"Divisions were growing tense by mid-December 2020 between election-fraud conspiracy pushers advising Trump and his official legal advisers, including Pat Cipollone, according to depositions the committee released  Latest updates:",Politics,Politics,True
3291,"The House committee investigating the Jan. 6, 2021 insurrection convened its seventh in a series of televised hearings, this one focused on the extremists who stormed the US Capitol  Follow for the latest updates:",Politics,Politics,True
3292,"As Heathrow cut back on flights, three Tory leadership bids took off - but Priti Patel’s was canceled. Sign up to The Readout with Allegra Stratton",Politics,Politics,True
3293,Key Democratic congressional allies are urging Biden’s administration to support a new injection of resources for countries at the IMF to help them deal with the fallout from Russia’s invasion of Ukraine,Politics,Politics,True
3294,Nearly half of Republican voters say they would cast a ballot for someone other than Donald Trump in the 2024 election,Politics,Politics,True
3295,"Russian President Vladimir Putin will visit Iran next week, says the Kremlin, a day after the US warned that Tehran could provide Moscow with drones  Latest updates:  https://t.co/PIHLxnlfEK",Politics,Politics,True
3296,"JUST IN: The Kremlin says Russian President Vladimir Putin will visit Iran next week, AP reports  https://t.co/yyGZ1f0Oex",Politics,Politics,True
3297,"Former Chancellor Rishi Sunak will set out his bid to be Britain’s next prime minister on Tuesday, pledging to cut taxes once inflation is under control",Politics,Politics,True
3298,Indonesian lawmakers are resuming discussions on the financial sector reform bill that risks eroding the autonomy of its central bank,Politics,Politics,True
3299,"Elon Musk said Donald Trump should forget about running for president in 2024 and instead should “sail into the sunset,” presumably to make way for Florida Governor Ron DeSantis",Politics,Politics,True
3300,"Australia’s Defense Minister Richard Marles has called for the US to grow its military presence in the Indo-Pacific, warning that a failure to maintain the balance of power in the region could be “catastrophic""",Politics,Politics,True
3301,Vietnamese Communist Party chief Nguyen Phu Trong is talking about institutional corruption more than at any point since he took power in 2011,Politics,Politics,True
3302,Taiwan’s vice president visited Tokyo to pay respects to former Japanese Prime Minister Shinzo Abe in the highest-level official visit to Japan in half a century,Politics,Politics,True
3303,"As the temperature goes up, Tory leadership hopefuls want taxes to come down. Sign up to The Readout with Allegra Stratton",Politics,General News | Opinion,False
3304,Candidates vying to succeed Boris Johnson as Conservative Party leader and prime minister have a very small electorate in mind — just 0.4% of UK voters,Politics,Politics,True
3305,"BREAKING: Prime Minister Mario Draghi offers his resignation to Italy's president, in a move that will raise the prospect of snap elections as soon as early October  https://t.co/TPZDvtHQUg",Politics,Politics,True
3306,Rishi Sunak is pledging to scrap hundreds of remaining EU laws and regulations if he wins the race for the Tory crown in a fresh pitch to win over Brexiteers,Politics,Politics,True
3307,"Bid to avert crisis in Italy, ECB's new tool and UK PM contenders to battle it out in first TV debate.   Here’s what people are talking about 🔽",Politics,Politics,True
3308,President Xi Jinping made his first trip to China’s remote Xinjiang region since eight years ago,Politics,Politics,True
3309,"Senate Majority Leader Chuck Schumer told senators to expect a preliminary vote next week on a pared-back China competition bill that would include, at a minimum, $52 billion in incentives and an investment-tax credit for US semiconductor manufacturing",Politics,Politics,True
3310,A very British election begins,Politics,General News | Opinion,False
3311,"President Biden has tested positive for Covid-19 and is ""experiencing very mild symptoms,"" White House says.",Politics,General News | Opinion,False
3312,Sri Lankan President Rajapaksa resigns after fleeing to the Maldives following protests over the country's worst economic crisis in 70 years.,Politics,Politics,True
3313,"In West Virginia, banks cite Green criticism as red state credential  https://t.co/uY0gv2nsxI",Politics,General News | Opinion,False
3314,$PFE $MRNA $NVAX - Anthony Fauci says he will retire at end of Biden's current term - Politico,Politics,Stock Commentary,False
3315,$NFLX - Netflix: Positive Q2 Update; Moving To Very Bullish.  https://t.co/Q8X1gvtrcg #stockmarket #trading #markets,Stock Commentary,Stock Commentary,True
3316,"$NVDA paused at overhead price resistance. See if it consolidates a little after the strong run, or continues up.",Stock Commentary,Stock Movement,False
3317,"$NVDA paused at overhead resistance. See if it consolidates a little after the strong run, or not.",Stock Commentary,Stock Movement,False
3318,"$NVDA update. Strong upside continuation, after the 2 month descending trendline breakout. (Higher low under desc tl also gave clues.) Paused at 50d ma.  See if it continues up, or consolidates a little. End of day close is always more important.",Stock Commentary,Stock Movement,False
3319,"$SPY $QQQ paused at overhead resistance. ST osc overbought, but daily has more room. See if mkt consolidates a little, or not. Reaction to eps will be key.  Mon: TIC Tu: $NFLX Wed: Oil inv, $ASML $TSLA Th: ECB mtg, LEI Fri: Flash PMI 7/26: $MSFT $GOOGL $TXN 7/27: Fed mtg",Stock Commentary,General News | Opinion,False
3320,"$QQQ held ma support. $SPY held 1 month ascending trendline support. Healthy consolidation so far.  Tmrw we’ll see if bad CPI news is already baked in, or not. Reaction to Oil, Beige Book &amp; $TSM eps will also provide clues.",Stock Commentary,Stock Movement,False
3321,"$TSLA above ma resistance. Next res areas:  ~724 (wkly ma), ~742 (daily desc tl &amp; ma). Chart in thread.",Stock Commentary,Stock Movement,False
3322,$SPY $QQQ $HYG all above desc tl. Charts in thread.,Stock Commentary,Stock Movement,False
3323,$TSLA consolidation day around ma resistance.,Stock Commentary,Stock Movement,False
3324,"$AMZN held key wkly support. (H&amp;S type setup did Not break down.)  Possible 2 month W base, If it breaks 1 month descending trendline.   7/12: $AMZN AWS summit 7/12-13: $AMZN Prime days 7/28: unconfirmed eps date",Stock Commentary,Stock Movement,False
3325,$TSLA getting tighter. Q2 delivery numbers will be released later this week.,Stock Commentary,Stock Movement,False
3326,"$SPY $QQQ held ascending tl support. Nice b/o from 8 day base. $QQQ paused at 20d ma. $SPY filling the gap. Daily osc curling up.  Mon: Durable Goods Tu: ECB forum Wed: OPEC, GDP, $SHOP conf/Stk split Th: OPEC+, PCE, $MU Fri: ISM, Jobs, West Coast Ports labor contract exp",Stock Commentary,Stock Movement,False
3327,"$SPY $QQQ  2 week desc tl breakout on light volume. See if mkt consolidates 1-2 days to fill out a small base, or not. Reaction to events will be key.  Wed: Powell/Congress Th: Flash PMI, Powell/Congress, Oil inv, WH/oil Ceo’s  Fri: Consumer Sentiment 6/29: $SHOP conf, Stk split",Stock Commentary,Stock Movement,False
3328,$SPY $QQQ getting tight under descending trendline. Held key wkly fib support again today. Open Mind either way.,Stock Commentary,Stock Movement,False
3329,$TSLA consolidation day. Holding above May low so far.,Stock Commentary,Stock Movement,False
3330,$AMZN update. Healthy consolidation so far. Still holding key support.,Stock Commentary,Stock Movement,False
3331,"$SPY $QQQ update. Hard bounce off 2 week ascending trendline support. ST &amp; daily osc overbought, but can stay that way. Sector rotation helping indices this week. Focus on high probability setups.  Fri: Jobs, PMI/ISM svcs 6/6: $AMZN split, $AAPL WWDC 6/10: CPI 6/15: Fed meeting",Stock Commentary,Stock Movement,False
3332,$AMZN 1 mo W base played out nicely. Paused under ~2500 resistance area.   20:1 stock split on 6/6.,Stock Commentary,Stock Movement,False
3333,"$TSLA falling wedge breakout. Paused under ~787-800 resistance area. See if it consolidates 1-2 days, or not.",Stock Commentary,Stock Movement,False
3334,$ARRY $KOPN,Stock Commentary,General News | Opinion,False
3335,$WIRES: On The Wires,Stock Commentary,General News | Opinion,False
3336,$INSID: Insider Trading: notable purchases -- 10% owner continues to add to TCDA; notable sales -- CEO/President...,Stock Commentary,General News | Opinion,False
3337,$OPTNX: Unusual Options Activity,Stock Commentary,General News | Opinion,False
3338,$OPTNX: Early Options Activity,Stock Commentary,General News | Opinion,False
3339,#Healthcare names are lagging $BIIB $ELV $ABT $MRK $SPY $QQQ $DIA $SPX $COMPQ $DJIA  https://t.co/LzEmmlQJhI #economy #stockmarket,Stock Commentary,General News | Opinion,False
3340,$ORCL $MSFT $HYLN $SABR $ARMK $CPTN $FN,Stock Commentary,Stock Movement,False
3341,$PRTG $ACVA $NEWR,Stock Commentary,Stock Movement,False
3342,$SPNT $FSTX $IONQ $TAK,Stock Commentary,Stock Movement,False
3343,$WIRES: On The Wires,Stock Commentary,General News | Opinion,False
3344,$WIRES: On The Wires,Stock Commentary,General News | Opinion,False
3345,$WIRES: On The Wires,Stock Commentary,General News | Opinion,False
3346,$SCANX: Stocks/ETFs that traded to new 52 week highs/lows this session - New lows (25) outpacing new highs (20),Stock Commentary,Stock Movement,False
3347,$AMTB $ALSN $VZ $BAESY $VLTA,Stock Commentary,Stock Movement,False
3348,$WIRES: On The Wires,Stock Commentary,General News | Opinion,False
3349,$WIRES: On The Wires,Stock Commentary,General News | Opinion,False
3350,$WIRES: On The Wires,Stock Commentary,General News | Opinion,False
3351,$WIRES: On The Wires,Stock Commentary,General News | Opinion,False
3352,$RHHBY $PAR $URI $META $F,Stock Commentary,Stock Movement,False
3353,$WIRES: On The Wires,Stock Commentary,General News | Opinion,False
3354,$WIRES: On The Wires,Stock Commentary,General News | Opinion,False
3355,$EVTL $NOC,Stock Commentary,Stock Movement,False
3356,$OPTNX: Unusual Options Activity,Stock Commentary,General News | Opinion,False
3357,$NUVB $IRNT $OSIS $ORA,Stock Commentary,Stock Movement,False
3358,$WIRES: On The Wires,Stock Commentary,General News | Opinion,False
3359,$WIRES: On The Wires,Stock Commentary,General News | Opinion,False
3360,$DLR $ORCL $AXON,Stock Commentary,Stock Movement,False
3361,#TodaysFreeFeature: July 18th Watchlist $SQ $ARKK $NFLX $AMZN $META $ROKU $TWLO $DE $CAT $PYPL $AA $XME $TGT $BRK.B $WDAY $QQQ $SPY $VLO $BA $PYPL $BTC  https://t.co/9lqXFfWjpp #gapup #earnings #buyingthedip #squeeze #shortterm #charts #trading #technicalsetups #technical #setups,Stock Commentary,Earnings,False
3362,$WIRES: On The Wires,Stock Commentary,General News | Opinion,False
3363,$XLF: Sector Briefing: Financials,Stock Commentary,Financials,False
3364,$OPTNX: Early Options Activity,Stock Commentary,Stock Movement,False
3365,$SCANX: Gapping up,Stock Commentary,Stock Movement,False
3366,$SCANX: Stocks/ETFs that traded to new 52 week highs/lows this session - New lows (381) outpacing new highs (17),Stock Commentary,Stock Movement,False
3367,$XLK: Sector Briefing: Technology,Stock Commentary,Financials,False
3368,$XLF: Sector Briefing: Financials,Stock Commentary,Financials,False
3369,$TS $SLV $VIX,Stock Commentary,General News | Opinion,False
3370,$WIRES: On The Wires,Stock Commentary,General News | Opinion,False
3371,$NICE $TFFP $DOMO $PXD $DVN $COP $UPLD,Stock Commentary,Company | Product News,False
3372,$WIRES: On The Wires,Stock Commentary,General News | Opinion,False
3373,#Semiconductors holding up relatively well $SPY $QQQ $DIA $SPX $COMPQ $DJIA $TSM $QCOM  https://t.co/LzEmmm8k9g #economy #stockmarket,Stock Commentary,Stock Movement,False
3374,$GM $EVGO $SABR $KR,Stock Commentary,Company | Product News,False
3375,$APX $DIS $LOCL $ALK $MSFT,Stock Commentary,Company | Product News,False
3376,$WIRES: On The Wires,Stock Commentary,General News | Opinion,False
3377,$WIRES: On The Wires,Stock Commentary,General News | Opinion,False
3378,$NTRA $BKSY,Stock Commentary,Company | Product News,False
3379,$WIRES: On The Wires,Stock Commentary,General News | Opinion,False
3380,$NFLX: Netflix Follow-up: Deal with MSFT tells us NFLX is full steam ahead with ad-supported tiers,Stock Commentary,Company | Product News,False
3381,$XLY: Sector Briefing: Consumer Discretionary,Stock Commentary,General News | Opinion,False
3382,#Consumerdiscretionary outperforms $XLY $TSLA $DPZ $AMZN $MHK $BWA $CZR $SPY $QQQ $DIA $SPX $COMPQ $DJIA  https://t.co/LzEmmlQJhI #economy #stockmarket,Stock Commentary,Stock Movement,False
3383,$PPG $CUTR $KODK,Stock Commentary,General News | Opinion,False
3384,$WIRES: On The Wires,Stock Commentary,General News | Opinion,False
3385,$ACLS $VSAT,Stock Commentary,General News | Opinion,False
3386,$WIRES: On The Wires,Stock Commentary,General News | Opinion,False
3387,$WIRES: On The Wires,Stock Commentary,General News | Opinion,False
3388,$SCANX: Stocks/ETFs that traded to new 52 week highs/lows this session - New lows (127) outpacing new highs (31),Stock Commentary,Stock Movement,False
3389,$OPTNX: Unusual Options Activity,Stock Commentary,Stock Movement,False
3390,$SUMRX: Mid cap notable movers of interest,Stock Commentary,Stock Movement,False
3391,$TH $NOW $VIX,Stock Commentary,Stock Movement,False
3392,$OPTNX: Early Options Activity,Stock Commentary,General News | Opinion,False
3393,$EWTX $LUMN,Stock Commentary,General News | Opinion,False
3394,$PLUG $UNVR $CLMT $ALHC,Stock Commentary,General News | Opinion,False
3395,$WIRES: On The Wires,Stock Commentary,General News | Opinion,False
3396,$WIRES: On The Wires,Stock Commentary,General News | Opinion,False
3397,$ALYA $ARAY,Stock Commentary,Stock Movement,False
3398,Following through with yesterday's losses $SPY $QQQ $DIA $PSMT $GPS $PEP $CHRW $AXP $EXPD $COF  https://t.co/LzEmmlQJhI #economy #stockmarket,Stock Commentary,Stock Movement,False
3399,$WIRES: On The Wires,Stock Commentary,General News | Opinion,False
3400,$SCANX: Stocks/ETFs that traded to new 52 week highs/lows this session - New lows (127) outpacing new highs (16),Stock Commentary,Stock Movement,False
3401,Mkt nice reversal move....,Stock Commentary,General News | Opinion,False
3402,AMZN weak all week and not running.... one of the very few instances in last five years that we see relatively low premiums right before earnings,Stock Commentary,Earnings,False
3403,FB nflx Googl leading tech,Stock Commentary,General News | Opinion,False
3404,$LNTH continues to find support at the 10-week/50-day line an is working on the right side of its cup base.  Std pivot at 73.78 unless it forms a handle.  RS line is at a new high.,Stock Commentary,Stock Movement,False
3405,Stop hit on $GOOGL made coin trade 100% closed as of this moment.  Back on watch,Stock Commentary,Stock Movement,False
3406,$MSFT clearing the 10/21/50ma's today. $266 area next on my radar then 269 area.  Earnings July 26 after the close.,Stock Commentary,Earnings,False
3407,$NVDA took the payday shares off made really good coin.  I now settle into the full swing trade and soon maybe I get to put some into let it ride.  More cushion needed.  Stop set to make some on full trade. Giving stop lots of room for now,Stock Commentary,Stock Movement,False
3408,$NVDA the 50ma daily and yesterday high my short term levels watching.,Stock Commentary,Stock Movement,False
3409,$SMH back to 50ma daily.  No rung of the ladder taken.  Next level on my radar for the swing trade is 223.42 a move and hold over then 223.82,Stock Commentary,Stock Movement,False
3410,$NUE ER this week took the rest of the trade off made $3.25 a share profit. I don't hold trades into earnings reports.,Stock Commentary,Earnings,False
3411,$COST over Friday's and into a thin zone. H1/65 min getting stretched so may need some basing soon.  Inched up my stop on partial,Stock Commentary,Earnings,False
3412,$NUE Back to a green trade.  I took my payday shares off today for decent %  and I will be out before earnings this week. Stop set to make coin,Stock Commentary,Earnings,False
3413,Most fun I had today was calling out short term levels on $AMZN   The eyes see it.,Stock Commentary,Stock Movement,False
3414,and $AMZN hits 115.23 and backs off for now.  Still bigger pic for me is 116.10 level,Stock Commentary,Stock Movement,False
3415,$AMZN inching its way to 115,Stock Commentary,Stock Movement,False
3416,$COST back over all major moving averages.  Best at end of day if it holds above day low/gap up,Stock Commentary,Stock Movement,False
3417,$AMZN looking ot take my payday shares off watching close.,Stock Commentary,Earnings,False
3418,$XBI red to green  (position),Stock Commentary,Stock Movement,False
3419,$ZM let it ride trade closed for good coin.,Stock Commentary,Stock Movement,False
3420,$MMM with earnings soon is coming out of the dumpster daily chart,Stock Commentary,Stock Movement,False
3421,$NVDA out of the day trade made coin. Back on watch,Stock Commentary,Stock Movement,False
3422,I put NVDA back on today,Stock Commentary,Stock Commentary,True
3423,$SMH names on watch,Stock Commentary,General News | Opinion,False
3424,Of all the sector ETF's I follow $XLU only one green right now in this moment of time.  Observation,Stock Commentary,Stock Movement,False
3425,$XHB just turned green on the day. None here observation,Stock Commentary,Stock Movement,False
3426,$LVS Oct 40 calls look to be taking profits quickly 3950X from size buys yesterday,Stock Commentary,Stock Movement,False
3427,@CapitalEdgeNY I only trade in multiples of 69,Stock Commentary,General News | Opinion,False
3428,"Ackman $PYPL makes a lot of sense, deep value, and the options positioning past few weeks has his footprints",Stock Commentary,Stock Commentary,True
3429,Cal-Maine $CALM seller 1250 September $52.50 puts to open $2.90 seeing limited downside after a strong report and surging egg prices,Stock Commentary,Stock Movement,False
3430,@OddStockTrader CEO YOLO'D quite a bit higher too ha,Stock Commentary,General News | Opinion,False
3431,@bottomsniper99 Shorts got a 15 pt fade...initial rection was the short..and in a mega tech rally stock still can not get to A/H high print lol,Stock Commentary,Stock Movement,False
3432,Posted 6/15...we hit a low 6/16 and ripping ever since $QQQ,Stock Commentary,Stock Movement,False
3433,"$VEEV another Software play been eyeing, squeeze firing as moves out of nice flag",Stock Commentary,Stock Commentary,True
3434,"SPY, QQQ note the strong supportive action of the 8/21-MA into these dips, this is healthy",Stock Commentary,General News | Opinion,False
3435,"Continue to see that $IWM $SPY put hedging activity that was missing Q1/Q2 and tells me funds putting $ back to work finally, which aligns with the solid price-action and dip buying in indices last two weeks",Stock Commentary,General News | Opinion,False
3436,"$LMT ugly volume numbers, has now given up the entire Ukraine/Russia bump",Stock Commentary,Stock Movement,False
3437,$GTLB been a fav. chart in Tech and breaking out to highs here,Stock Commentary,Stock Commentary,True
3438,$DECK breakout triggering and above 1-year VPOC,Stock Commentary,Stock Commentary,True
3439,"$SHOP falling wedge with RSI making higher lows (divergence); post-split options seem under-valued too (Aug., 32.50 calls)   Problem is remains crazy over-valued, in an investment cycle that caps margins/profits  Also, thought CEO said on Twitter was buying stock, but no filing?",Stock Commentary,Stock Commentary,True
3440,"@Buncahn @johnscharts Some good names on there, lots of chip stocks which is a concern of where we are in the cycle but did well with ONTO last year, have to utilize a bit of top-down approach to know the ones where these kind of record trends will keep happening…",Stock Commentary,Stock Commentary,True
3441,$QCOM multi-week high here,Stock Commentary,Stock Movement,False
3442,$SRPT strong Biotech once again,Stock Commentary,Stock Movement,False
3443,$CSCO 3K July 42 puts hot early after ERIC warned on component costs,Stock Commentary,Stock Movement,False
3444,$GTLB been one of the strongest names in Software and nice 21-MA and lower OpEx value bounce today as bull flag shapes up,Stock Commentary,Stock Movement,False
3445,"Apple $AAPL buyer 10,000 Oct. $165 calls $3.05 to $3.20",Stock Commentary,Stock Movement,False
3446,Outperformance continues for duration/growth $SNOW $MDB $ENPH firmly green here,Stock Commentary,Stock Movement,False
3447,Nvidia $NVDA buyers active early 3250 next week $152.50 calls up to $3.25 offer sweeps,Stock Commentary,Stock Movement,False
3448,$CRSP continues to work strong,Stock Commentary,Stock Movement,False
3449,"Screened European Stocks +10% YTD Ex-Energy/Utes  Some interesting performers, plenty of Healthcare   Aero/Defense very strong  What is Kuka AG",Stock Commentary,General News | Opinion,False
3450,"$ES_F perfect bounce off June OpEx VWAP, want to stay above 3815 (trend), now working on clearing the pullback trend",Stock Commentary,Stock Movement,False
3451,VWAP from that parabolic blow-off high in 2017 is near 14900 as another level,Stock Commentary,Stock Movement,False
3452,$CBOE nice move since May write-up around +10%,Stock Commentary,Stock Movement,False
3453,$NEPT at breakout point. Could pop at anytime.,Stock Commentary,Stock Movement,False
3454,Im still long on $CASI,Stock Commentary,Stock Commentary,True
3455,$PYPL Bulish options flow,Stock Commentary,Stock Commentary,True
3456,$VINO volume alert......,Stock Commentary,Stock Movement,False
3457,Exactly $VINO is undervalued imho,Stock Commentary,General News | Opinion,False
3458,$ASMB $BGNE great find !! Thanks for sharing !! Buyout candidate. Patience will pay off,Stock Commentary,Stock Commentary,True
3459,$WTRH too strong to ignore...... new HOD,Stock Commentary,Stock Movement,False
3460,$FTRP huge buy block. Taking some.,Stock Commentary,Stock Movement,False
3461,$VINO could see a $TBLT type-move soon IMHO low float and extremely oversold. Company has plenty of time to get in compliance with Nasdaq (Jan 2023),Stock Commentary,Stock Commentary,True
3462,$AMC Holding up nicely abv the declining EMA100. Watch for the break of 17.82 for another rally to $20's,Stock Commentary,Stock Movement,False
3463,$AEI big buy block detected.,Stock Commentary,Stock Movement,False
3464,$HOUR 25% of the float is sold short !!!! Can get wild !!,Stock Commentary,Stock Movement,False
3465,$CASI adding more,Stock Commentary,Stock Movement,False
3466,$TYDE im planning to add a few more b4 the close,Stock Commentary,Stock Movement,False
3467,$FUBO hits ..... symp play off $NFLX,Stock Commentary,Stock Movement,False
3468,Buying back my shares $CASI holding overnight $TYDE squeeze into the close $CYCC 25000 next for $BTC.X,Stock Commentary,Stock Movement,False
3469,$TYDE Trying to break resistance again. Over 1.19 like it to test recent highs at 1.7,Stock Commentary,Stock Movement,False
3470,The rally on $TBLT could fuel shares of $HOUR low float plays are back !!,Stock Commentary,Stock Movement,False
3471,DMTK Patience always pays off,Stock Commentary,Stock Movement,False
3472,"$VLCN Last week PR: For the first 14 days the pre-orders skyrocketed ! We didn't expect such growth ""Volcon Receives Thousands of Pre-Orders for its Stag in First 14 Days; $70M+ of Potential Revenue"". We could see a nice bounce from current levels.",Stock Commentary,Stock Commentary,True
3473,"$VINO if it breaks 40c could get wild. Company has plenty of time to get in compliance with Nasdaq (Jan 2023). Plus, the mark cap seems very low imho",Stock Commentary,Stock Commentary,True
3474,$ASMB steady buying,Stock Commentary,Stock Movement,False
3475,$FUBO nice action so far on volume,Stock Commentary,Stock Movement,False
3476,$NEGG the break of this falling wedge could be explosive....,Stock Commentary,Stock Movement,False
3477,$KSHIB.X showing signs of bottom. Took some,Stock Commentary,Stock Movement,False
3478,$XELA continues making HOD into the close,Stock Commentary,Stock Movement,False
3479,$AEI the symp play (sub $.20) of $XELA is also getting volume into the close.,Stock Commentary,Stock Movement,False
3480,$AMC nice breakout on decent volume. Back over its EMA100 for the first time since March..... THE POWER of APES !!! I got a feeling that some more funds that took short positions will blow up soon.... just a feeling....,Stock Commentary,Stock Movement,False
3481,$HOUR taking some......low float under accumulation,Stock Commentary,Stock Movement,False
3482,$JAGX another penny that deserves some attention.,Stock Commentary,Stock Movement,False
3483,$XELA very interesting article on Reddit  https://t.co/F3kRotrXRG worth reading,Stock Commentary,General News | Opinion,False
3484,$WWR awake !!!,Stock Commentary,Stock Movement,False
3485,$META setting up nicely to test the horizontal resistance line again,Stock Commentary,Stock Movement,False
3486,$BOXD new HOD on massive volume,Stock Commentary,Stock Movement,False
3487,$XELA keeps going higher..... $AEI over 0.305 should run,Stock Commentary,Stock Movement,False
3488,$ADN on watch. Any close abv 2.96 will send it to test the EMA200 4.30,Stock Commentary,Stock Movement,False
3489,$FUBO 30% of float is sold short ...... ESPN DIS news could fuel shares of FUBO IMHO,Stock Commentary,Stock Movement,False
3490,$TBLT solid action,Stock Commentary,Stock Movement,False
3491,$GLBS it seems the best symp play off $USEA with good earnings and trading nearly 50% below cash .... last report below .... took some,Stock Commentary,Stock Commentary,True
3492,$GLBS off $USEA Could see a nice bounce from current levels. Nice symp play of USEA,Stock Commentary,Stock Commentary,True
3493,$AAPL back over 150.... the break of 152 could change the medium-term trend from neutral to bullish,Stock Commentary,Stock Movement,False
3494,@SrLobo11866300 @traderex4 Patience always pays off…. Today I will bank on TBLT….. all low float are exploding higher… and NEPT Will follow. I can wait …. I can afford it ….,Stock Commentary,Stock Commentary,True
3495,NEPT love this setup !!,Stock Commentary,Stock Movement,False
3496,$NEPT breakout on volume..... this low float play can run hard to $2,Stock Commentary,Stock Movement,False
3497,$JUPW thin POT play trading at bargain prices.,Stock Commentary,General News | Opinion,False
3498,$BTC.X big push,Stock Commentary,Stock Movement,False
3499,$MULN im loading up again at 1.05,Stock Commentary,Stock Movement,False
3500,$TWTR Twiter is back. I'm curious to know what's happened here.,Stock Commentary,Stock Movement,False
3501,$VINO is aslo a symp play off $RHE real estate.... just to inform,Stock Commentary,Stock Movement,False
3502,$SIGA squeeze over 14.80,Stock Commentary,Stock Movement,False
3503,eeeeeee $SIGA do u remember what i said this week about this  pattern formation ? BULLLLLLIIIIIISSHHHHHH,Stock Commentary,Stock Commentary,True
3504,$WWR has a nice bottom chart with the money flow rising,Stock Commentary,Stock Movement,False
3505,"$ENVX $WWR $LITM ""Elon Musk says lithium batteries are the new oil"" via @faststocknewss",Stock Commentary,Company | Product News,False
3506,"@kkernttb tomorrow, should break",Stock Commentary,Stock Movement,False
3507,$VLCN awake,Stock Commentary,Stock Movement,False
3508,"$LGVN taking off .... worth reading this article, posted on Longeverons twitter last night : Stem Cells Used to Repair Heart Defects in Children",Stock Commentary,Company | Product News,False
3509,$NIO looks strong,Stock Commentary,Stock Movement,False
3510,$PETZ took some in afterhours. Pivot points on chart. Everything is possible here. It has a gap to fill over 3.8,Stock Commentary,Stock Movement,False
3511,$VLCN im still liking and holding.... technicaly perfect and great news lately... a green day and this one will resume the upside.,Stock Commentary,Stock Movement,False
3512,$VLCN here they come,Stock Commentary,Stock Movement,False
3513,$VINO market cap $5.9M with $4.9M in sales YoY and a full year profit of $3.7 million..... shares float 6.8M and insiders own 31% .... what im missing here ?,Stock Commentary,Company | Product News,False
3514,$AMC 16.21 next res level to watch,Stock Commentary,Stock Movement,False
3515,$NEPT is breaking out...... can run hard to $2 next major resistance,Stock Commentary,Stock Movement,False
3516,"$VINO the ""fool"" or the algo that tried to stop the rbounce around the 57c level, will be forced to cover in a fast and furious fashion.",Stock Commentary,Stock Movement,False
3517,$KSCP BINGO BINGO..... I TOLD YOU,Stock Commentary,Stock Commentary,True
3518,"$VINO there is a guy here or ""Algo"" trying everything to avoid the break of 57-58c look at the action and see the manipulation of the system everytime the price hits the ask, the ""fool"" sell immediately a few shares to the bidder. The more he does, the bigger the breakout will be",Stock Commentary,Stock Commentary,True
3519,Added + $VINO volume looks interesting now. Pennies are hot and this one has the look,Stock Commentary,Stock Movement,False
3520,$SIGA This is Bullish pattern ....,Stock Commentary,Stock Movement,False
3521,$AMC what's up shorts? market is falling 2% and AMC just 0.3% ? where is your power? Apes in FULL CONTROL,Stock Commentary,Stock Movement,False
3522,"#WhatstheFund? It's the Avantis Responsible International Equity ETF (NYSE Arca: $AVSD).  Matt Dubin, Associate Portfolio Manager at @avantisinvestor, tells us about this fund.  Visit:  https://t.co/xj1pTSmrdF #ETFs",Stock Commentary,General News | Opinion,False
3523,"#ALSI major constituent weightings within Top40 after Friday's reweight - AGL 13%, CFR 14%, NPN, 5.7%, FSR 5.4%, MTN 5.4%",Stock Commentary,Macro,False
3524,#ALSI future monthly putting in a reversal. Still 3 weeks left in the month but something to be aware of as could set stage for sideways to weaker action in months ahead. Will provide further updates at month end,Stock Commentary,Macro,False
3525,"$SPX trading in wide ranges between 3700-4000 trend levels. Many intra-day reversals, both directions, over the last two weeks.  Time frames are key: Those with a 2-4 day time frame will be positioned differently than those with 2-4 weeks or 2-4 months+ window.",Stock Commentary,Markets,False
3526,"$SPX  3 weeks off the March 2020 lows, $SPX was 30% higher. 4 weeks off the recent lows, $SPX is 6% higher. Fed tightening + 40-year high inflation creating major headwinds.  2020 had a major volume flush and reversal that 2022 hasn't had yet.",Stock Commentary,Macro,False
3527,"@Wild_Tiger99 I avoid them when I can. I have $ERY now b/c there was no high-volume, 1x short energy ETF that I could find.",Stock Commentary,General News | Opinion,False
3528,@StockChartsTV I covered $SPY $QQQ $ERY $XBI and $TLT on today's video.,Stock Commentary,General News | Opinion,False
3529,@Yabbadabba1960 I'm holding some short ETFs which are working well.,Stock Commentary,General News | Opinion,False
3530,"Stuck between $QQQ, $QQQM and $QQQJ?   Let's break down each of them one by one 👇",Stock Commentary,General News | Opinion,False
3531,$NFLX is down -66.26% in 2022,Stock Commentary,Stock Movement,False
3532,Will we finally see $AMZN stock turn around?,Stock Commentary,Stock Movement,False
3533,"Yesterday, $AAPL dealt a knockout punch to the stock market  It's holding support for now but is still struggling with resistance",Stock Commentary,Stock Movement,False
3534,Why is $GOOGL trading at $111.78? Wrong answers only 👇,Stock Commentary,General News | Opinion,False
3535,How to trade $GOOGL ahead of its 20:1 stock split:,Stock Commentary,General News | Opinion,False
3536,This is the lowest bid since December of 2020 😳,Stock Commentary,Stock Movement,False
3537,$SPY $SPX 345% play on puts! 💥,Stock Commentary,Stock Movement,False
3538,$SPY $SPX $ES_F Bullish HARAMI,Stock Commentary,Stock Movement,False
3539,$SPY $SPX watch to see if we double too here $3974.50,Stock Commentary,Stock Movement,False
3540,$SPY filled for profit 💥,Stock Commentary,Stock Movement,False
3541,$TWLO $CAT #update #gains     Now got 2 baggers here.    @tweetfromD 🚨🔥,Stock Commentary,Stock Commentary,True
3542,$CAT 50% play .53 to .80 $182.5C 🚨,Stock Commentary,Stock Commentary,True
3543,$SPY ADDED 2 cons $1.85 for $2.04 average now. $385P 🚨,Stock Commentary,Stock Commentary,True
3544,$AMD out for profit $1.63 my connection is horrible right now. took my 10% 🚨🚨,Stock Commentary,Stock Commentary,True
3545,$SPY $SPX $ES_F Profits 🚨💥,Stock Commentary,Stock Movement,False
3546,"$3858 breakout for a push into $3863, $3874-3876 then $3886 🚨🚨🚨  $SPY $SPX $ES_F   $META reversal candle $AMZN ascending triangle like $SPY   $NVDA wedge, $GOOGL wedge, $NFLX RIPPER, $TSLA falling wedge breakout!",Stock Commentary,Stock Commentary,True
3547,$SPY we are long $384C 🚨🔥 imo big play to come... over 3858 we rip high...,Stock Commentary,Stock Commentary,True
3548,$SPY $SPX $ES_F buying all dips today when they come With reversal candles,Stock Commentary,Stock Commentary,True
3549,"$3852-$3854 over that it’s fireworks to $3863., $3876, $3886   $SPY $SPX $ES_F",Stock Commentary,Stock Commentary,True
3550,$SPY SOLD $379P  Bought $378P  Entry .17 27 contracts 🚨,Stock Commentary,Stock Movement,False
3551,$SPY $SPX $ES_F,Stock Commentary,General News | Opinion,False
3552,Anyone who was in our twitter space last night should’ve noticed the 1 Hour Doji that formed and how that portrayed bottom. Now up 53 points since $SPY $SPX $ES_F 🤗🚨,Stock Commentary,Stock Commentary,True
3553,OH MY LORD THAT LAST RED CANDLE ON THE 5 min then the little green Doji at bottom major major bull play and the 1 hour Doji MY LORD $SPY $SPX $ES_F two points above my low at $3721 🚨,Stock Commentary,Stock Commentary,True
3554,$SPY $SPX $ES_F   Spinning top/Doji here at bottom….   Reversal candle,Stock Commentary,Stock Commentary,True
3555,$SPY Options trade and credit spread! Over $500 profit on 2 small accounts!   ITS ABOUT SINGLES AND DOUBLES. 💥  Growing the account slow and steady and learning patience 🚨,Stock Commentary,Stock Commentary,True
3556,"$SPY $SPX $ES_F $3813-$3815 key spot to break over for bulls, under $3800 is bear side...",Stock Commentary,Stock Commentary,True
3557,$SPY $SPX big big down candle off #CPI,Stock Commentary,Stock Movement,False
3558,$SPX $SPY major profits from the team! 🔥  Interested in joining us? 👇🏼   https://t.co/4Zhm4C7XV3,Stock Commentary,General News | Opinion,False
3559,$SPY July 13 $386C entry $2.42  9 Cons 🚨,Stock Commentary,Stock Commentary,True
3560,$SPY $SPX $ES_F 30 points from the top $3876 who got puts off that?,Stock Commentary,Stock Movement,False
3561,$SPY $SPX $ES_F   ANYONE LIKE THAT $3876 top 🚨🤯🤗,Stock Commentary,Stock Movement,False
3562,Just of caution $SPY $SPX $ES_F  Every runup at open has turned into a dip 10-10:30 something to watch possible push to $3876.,Stock Commentary,Stock Movement,False
3563,"$SPY july 11 $388C 25 cons .30 entry RISKIER, I’m looking for big play here. RED TO GREEN POSSIBLE ON $SPY $AAPL $MSFT etc… i think all tech can go green. 🚨",Stock Commentary,Stock Commentary,True
3564,$SPY july 11 $387C .53 15 cons DAYTRADE 🚨,Stock Commentary,Stock Commentary,True
3565,$AAPL very nice here…   Watch for direction.,Stock Commentary,Stock Commentary,True
3566,Quiet and boring day so far $SPY $SPX,Stock Commentary,Stock Movement,False
3567,$SPY $SPX $ES_F  Inverted hammer 30 min.,Stock Commentary,Stock Movement,False
3568,CLEAR BULLISH HARAMI ON 5 min $SPY $SPX $ES_F      https://t.co/GbTBwTwUb2 🚨,Stock Commentary,Stock Movement,False
3569,@thestockscouple Gap down on the tech stocks,Stock Commentary,Stock Movement,False
3570,$SPY $SPX $ES_F under $3847 is weak.,Stock Commentary,Stock Movement,False
3571,@RTNRTN @PeterTrader99 Need to see more Accumulation Volume patterns in $GNRC to get interesting again.   Not much to get excited about so far,Stock Commentary,Stock Commentary,True
3572,$AFRM ... showing relative strength all week. Feels like it wants to breakout,Stock Commentary,Stock Commentary,True
3573,From this small list... $AFRM held up impressively well. Any hint of a nasdaq bounce today or tomorrow could get this one breaking out,Stock Commentary,Stock Commentary,True
3574,$U ... a beautiful short setup here against the declining 50 day MA.  Carving out a multi-week bearish flag pattern after huge Bearish PEG.   Targets $29 to $30,Stock Commentary,Stock Commentary,True
3575,"@sadekobaid Yeah, I think it's still OK here. With a stop at $34",Stock Commentary,Stock Commentary,True
3576,@MalibuInvest Beautiful topping out pattern in $STNG!,Stock Commentary,Stock Commentary,True
3577,I am seeing 4 Accumulation Volume days(black arrows) in $RBLX in the last eight weeks!   This is a very interesting development!,Stock Commentary,Stock Commentary,True
3578,"$HRB ... strong all day and just printed new 52 week highs.   One of the rare few long setups, as far as the criteria I typically like to look for!",Stock Commentary,Stock Commentary,True
3579,$HRB showing impressive relative strength given indices deep in the red this morning,Stock Commentary,Stock Commentary,True
3580,Wasting no time here neither   $SBLK quickly sliding thru that mini bear flag and trying to break support,Stock Commentary,Stock Movement,False
3581,$AMC has experienced a rollercoaster couple of years that took the theater chain from beleaguered pandemic victim to meme-stock phenomenon. So what’s next?,Stock Commentary,General News | Opinion,False
3582,$TSLA $GOOG $GOOGL - Tesla results prove manufacturing prowess; recent megacap rally can continue - NewEdge Wealth,Stock Commentary,Earnings,False
3583,"$DRCT $JCSE $MTR - CRMD, CALA and TBLT among mid-day movers",Stock Commentary,Stock Commentary,True
3584,$BTC-USD $ETH-USD - Crypto exchange Zipmex freezes withdrawals due to 'volatile market conditions',Stock Commentary,Currencies,False
3585,$BTC-USD $ETH-USD - Strike's Jack Mallers: Bitcoin's slump hasn't change the token's fundamentals,Stock Commentary,General News | Opinion,False
3586,"$HTGM $SWVL $DMTK - DMTK, EOSE and HTGM among mid-day movers",Stock Commentary,Stock Movement,False
3587,$SPY $VIXX $VIX - Wells Fargo's Animal Spirits Index now signals a recession,Stock Commentary,Macro,False
3588,$DG - Dollar General is called a retail winner for good times or bad,Stock Commentary,Company | Product News,False
3589,$SHAK - Shake Shack remains a ‘show me story’ - Gordon Haskett,Stock Commentary,General News | Opinion,False
3590,$EVGO $GM - Why did EVgo stock jump today? The GM deal is still driving positive sentiment,Stock Commentary,Stock Movement,False
3591,$GRBK - Green Brick Partners to enter S&amp;P SmallCap 600 index,Stock Commentary,Company | Product News,False
3592,"$BTC-USD $PBTS $ARBK - Sen. Elizabeth Warren wants crypto miners to disclose energy use, emissions",Stock Commentary,Legal | Regulation,False
3593,$NSC $UNP $CSX - Rails sector is on watch as strike threat grows,Stock Commentary,General News | Opinion,False
3594,"$TWTR $TSLA - Why did Twitter stock jump today? Lawsuit, Hindenburg ease investor concerns",Stock Commentary,Stock Movement,False
3595,$ARKK $ARKW $ARKQ - Cathie Wood: ‘We believe the Fed has been making a mistake’,Stock Commentary,General News | Opinion,False
3596,"$ROKU $ARKK $ARKW - Cathie Wood sees a 7X explosion in ROKU by 2026, targeting a $605 price point",Stock Commentary,Stock Commentary,True
3597,$TAP $STZ $ABEV - Molson Coors is the beer stock with the most momentum,Stock Commentary,Company | Product News,False
3598,BOK: INFLATION WILL REMAIN HIGH FOR SOME TIME,Stock Commentary,Macro,False
3599,".@DardenMBA Professor @Valiants87 on $NFLX: ""There were catastrophic headwinds... There's also content confusion... [but], it's a wildly successful and embraced platform, and what we're seeing with Netflix... is they might be looking for other KPIs to be evaluated by.""",Stock Commentary,General News | Opinion,False
3600,Why Gap is a $5 stock  https://t.co/1YBiE4HXTF by @BrianSozzi,Stock Commentary,Stock Commentary,True
3601,Here's a look at the components of $ARKK over the past month  https://t.co/pt9Q0BNb2g,Stock Commentary,General News | Opinion,False
3602,Why 'Twitter deal meltdown' is a positive for Tesla stock: Analyst  https://t.co/CL0CuJfvnW by @Pras_S,Stock Commentary,Analyst Update,False
3603,Look to get long $BPU if it goes bid above 1.2005 or if the open is above 1.2005 and goes bid above the open. Look for a little resistance at 1.2070-1.2072  Bids above 1.2072 will take it for a run up to 1.2215-1.2218,Stock Commentary,Stock Movement,False
3604,@cdunwody Gold really only has one open. There is no pit trading.,Stock Commentary,Gold | Metals | Materials,False
3605,Look to get long $GCQ if it goes bid above 1780.7 or if the open is above 1780.7 and goes bid above the open.,Stock Commentary,Gold | Metals | Materials,False
3606,The $ES has already moved $3000 + today based strictly on a predictable chart pattern. A pattern that's not 100% but you know exactly where you're wrong. The charts tell you where the smart money is going.,Stock Commentary,General News | Opinion,False
3607,@stocks331 It's very clear on the daily chart but you have to be looking at the RTH charts.,Stock Commentary,General News | Opinion,False
3608,Look to get long $ES if it goes above 3916.75 or if the a.m. open is above 3916.75 and goes bid above the open. Look forward to run up to close the gap.,Stock Commentary,Stock Movement,False
3609,@TreiberTony @WN22 Buy above the opening price.,Stock Commentary,General News | Opinion,False
3610,RECAP 7/20 Chatter: $CPRI + Guidance $BWEN + Biden wind energy $GOOGL - Pause Hiring $LYFT - Layoffs $BA + Increase 787 production $NEWR + PE interest $F - Job Cuts  Live Breaking trading news,Stock Commentary,General News | Opinion,False
3611,+Initiations 7/20: $A $ACLX $APA $CDEV $CIVI $COP $CRC $DEN $DDOG $DHR $DYN $EOG $FANG $LNDC $LUMO $MGY $MORF $MUR $NG $NOW $PDCE $PKI $PLRX $RGEN $RNA $RXDX $SYN $TEAM $VNOM . -Initiations 7/20: $CZOO $CZR $QDEL,Stock Commentary,Analyst Update,False
3612,RECAP 7/19 Chatter: $BIDU + TikTok China content $CLX + Activist $WFG - No Proposal or discusions $TWTR + Wins expedited Trial (Oct) $INTC - McConnell NO CHIPS   Live Breaking trading news,Stock Commentary,General News | Opinion,False
3613,"$NFLX If netflix makes it harder for me to use my legitimately paid for subscription in the ways I want to (multiple devices, out of the household), I'll just cancel.  Too many other good options now.  I think enforcement is a slippery slope right in this market.",Stock Commentary,General News | Opinion,False
3614,+Initiations 7/19: $AMCR $APLS $ARCT $AURA $CASY $FTHM $NINE $NOVN $STKS $TASK $TIXT $WALD . -Initiations 7/19:,Stock Commentary,General News | Opinion,False
3615,RECAP 7/18 Unusual Puts: $TTWO Sep 125 P $WDAY Jul29 125 P $BHC Aug 5 P $DKNG Oct 10 P $QS Jul29 10.5/8.5 P Spd $BBBY Jan-24 2 P $PTON Jan-24 5 P $OXY Jun 30 P $NTLA Aug 40 P $SGEN Aug 150 P  Live Breaking trading news,Stock Commentary,General News | Opinion,False
3616,RECAP 7/14 Chatter: $TXMD - Ch 11 $GOOGL -DOJ Antitrust $BABA - China Investigation $SMH $AMD $INTC $NVDA + CHIPS Vote $TLRY $CGC $CRON $ACB $MSOS + MJ Decriminalize $PINS + Elliot Stake  Live Breaking trading news,Stock Commentary,General News | Opinion,False
3617,$TSM $QCOM,Stock Commentary,Stock Movement,False
3618,$NFLX,Stock Commentary,Stock Movement,False
3619,bitcoin,Stock Commentary,General News | Opinion,False
3620,beautiful kiss-n-cross $MARA   https://t.co/c766ny3rUD,Stock Commentary,General News | Opinion,False
3621,@JRogrow The decision and announcement was made when the stock was much higher.,Stock Commentary,Stock Movement,False
3622,@MarkBCars A very normal move for a volatile stock building a base.,Stock Commentary,Stock Movement,False
3623,#OOTT,Stock Commentary,Markets,False
3624,"The $SPY $QQQ $IWM $DIA $SMH are back below their 5 and 21-day moving averages.  $XBI &lt;5, &gt;21.  30-minute look across the board.",Stock Commentary,Markets,False
3625,The coins can't get any real traction. Dubious.,Stock Commentary,General News | Opinion,False
3626,$GTLB and $DLO also had decent moves immediately after entry.,Stock Commentary,Stock Movement,False
3627,*PERFORMING,Stock Commentary,General News | Opinion,False
3628,"Wood made her first prediction in late November 2021 on CNBC during a live appearance. At that time, ARKK was trading around $105 after trading in the $120 range consistently for several months. During that interview, she predicted a 15% compound annual rate of return over 5yrs",Stock Commentary,Stock Commentary,True
3629,$SPXS $SQQQ $SDOW all on the list today and triggered.  Not one of the longs triggered.  $FAZ was on the list and already hit the +7.5% marker.  Finding stocks before they breakout;  https://t.co/C9ctfRXN7X,Stock Commentary,Stock Movement,False
3630,"$UPWK - Upwork: Long Growth Runway, But Shares Are Not Cheap.  https://t.co/UVJ3CkyXo8 #business #trading #investing",Stock Commentary,Stock Commentary,True
3631,$AAPL $QCOM - Qualcomm's Growth Now Catapulted After Apple Affirms The 5G Modem King.  https://t.co/RzN67Aawar #stockmarket #business #investing,Stock Commentary,Stock Commentary,True
3632,$JBHT - Assessing The J.B. Hunt Bull Case.  https://t.co/l2qWr4Ak3w #stockmarket #stocks #investing,Stock Commentary,Stock Commentary,True
3633,$AHOY - A First Look At The Newday Ocean Health ETF.  https://t.co/W2uV8zbItQ #finance #business #markets,Stock Commentary,Stock Commentary,True
3634,$CRSS - Alphyn Capital - Crossroads Impact Corp.: Targeting In Excess Of 20% ROE.  https://t.co/V6c2fKqQhT #investing #business #stockmarket,Stock Commentary,Stock Commentary,True
3635,"$TGT - Target: Likely Bottomed In June, As The Market Is Forward-Looking.  https://t.co/AJr4N19C0H #economy #stocks #markets",Stock Commentary,Stock Commentary,True
3636,$PARA $PARAA - Paramount Has High Potential Returns For Patient Investors.  https://t.co/biLjjlEX0p #business #trading #stockmarket,Stock Commentary,Stock Commentary,True
3637,$ZEUS - Olympic Steel: Cyclical Stock Surrounded By High Systemic Risks.  https://t.co/wiJqv1r9am #markets #trading #economy,Stock Commentary,Stock Commentary,True
3638,"$OMCL - Omnicell Fails To Justify Inclusion In Long-Only, Equity-Focused Portfolio.  https://t.co/MHFMaHmQzN #investing #stockmarket #stocks",Stock Commentary,Stock Commentary,True
3639,"$W - Wayfair: Hold Off For Now, With Fundamentals Worsening.  https://t.co/JzizuSKgIe #business #trading #stockmarket",Stock Commentary,Stock Commentary,True
3640,$FVRR - Fiverr: A Strong Buy.  https://t.co/ewMEaWp2xy #stockmarket #stocks #investing,Stock Commentary,Stock Commentary,True
3641,$SEMR - Semrush: The Definition Of A Hidden Gem.  https://t.co/e2lH2L5wGc #stockmarket #stocks #trading,Stock Commentary,Stock Commentary,True
3642,$SWDBF $SWDBY - Swedbank: Provides Stability In An Unstable World.  https://t.co/CX482dMxeT #stocks #finance #stockmarket,Stock Commentary,Stock Commentary,True
3643,$DCT - Duck Creek Technologies: Why I Am Ducking Out.  https://t.co/4BYWSe1eoB #markets #stocks #investing,Stock Commentary,Stock Commentary,True
3644,$NFLX - Netflix: A Former Pack Leader Left Behind.  https://t.co/nvnP5yxIc8 #markets #stocks #economy,Stock Commentary,Stock Commentary,True
3645,2 Dividend Growth Stocks To DRIP While Beaten Down.  https://t.co/hYIzxYW1vt #business #economy #stocks,Stock Commentary,Dividend,False
3646,$REI.UN:CA $RIOCF - RioCan: A Solid 5% Yielder Drops Into Our Buy Zone.  https://t.co/wtLerCj3wt #stockmarket #economy #trading,Stock Commentary,Stock Commentary,True
3647,$DIDIY - A Silver Lining Is Finally Appearing For DiDi Global Amid Dark Clouds.  https://t.co/wZdCSs5w63 #trading #finance #stockmarket,Stock Commentary,Stock Commentary,True
3648,$DCO - Ducommun: Aerospace Industry's Today Best Near-Term Capital Gain.  https://t.co/jqunMpqP5w #stocks #economy #investing,Stock Commentary,Stock Commentary,True
3649,$PLTR - Palantir: Prepare For War.  https://t.co/Z74VOnpEKj #stockmarket #economy #business,Stock Commentary,Stock Commentary,True
3650,3 ETFs To Consider If Inflation Worsens.  https://t.co/T5HpdSFECN #markets #investing #trading,Stock Commentary,General News | Opinion,False
3651,$WDAY - Workday: High Switching Costs And A $100 Billion TAM.  https://t.co/Tmu38yRHec #markets #finance #investing,Stock Commentary,Stock Commentary,True
3652,11 High-Yield Dividend Aristocrats Perfect For The Coming Recession.  https://t.co/5nBChIZbXt #investing #stockmarket #economy,Stock Commentary,Dividend,False
3653,$NRZ - New Residential: Wait Patiently For Another Buy Signal (Technical Analysis).  https://t.co/IMrr37J5kp #finance #trading #markets,Stock Commentary,Stock Commentary,True
3654,$BLDR - Builders FirstSource: Another Cheap Building Products Company.  https://t.co/VSfcGCbRGd #finance #business #investing,Stock Commentary,Stock Commentary,True
3655,Midstream/MLPs: Free Cash Flow Powerhouse.  https://t.co/bSXVwIimg6 #stockmarket #economy #stocks,Stock Commentary,General News | Opinion,False
3656,$AAPL - Apple Stock: Be Cautious And Don't Buy The Dip Just Yet.  https://t.co/GIcl8XKOEx #finance #markets #business,Stock Commentary,Stock Commentary,True
3657,$PFSI - PennyMac Financial Services: Hard Landing Of The Mortgage Refinance Market To Undermine Favorable Internal Factors.  https://t.co/VSeQGScB4h #business #stockmarket #economy,Stock Commentary,Stock Commentary,True
3658,$LCTX - A Quick Look At Lineage Cell Therapeutics And Its Product Development Efforts.  https://t.co/Mo9UuWAc6g #business #investing #finance,Stock Commentary,Stock Commentary,True
3659,$BALL - Ball Corporation: Strength Persists.  https://t.co/Tc1dhEit9S #investing #stockmarket #finance,Stock Commentary,Stock Commentary,True
3660,$AMC - AMC: Now Is The Time To Go Short.  https://t.co/IoeJAiODMj #trading #stocks #investing,Stock Commentary,Stock Movement,False
3661,$GLUC - Glucose Health Presents A Unique Investment Opportunity In The Growing Global Diabetes Epidemic.  https://t.co/ZaEpX5kcF8 #trading #business #finance,Stock Commentary,Stock Commentary,True
3662,$FICO - Today's Active Investment Strategy Prospect: Fair Isaac Corporation.  https://t.co/pcOXUDnXXC #finance #stockmarket #investing,Stock Commentary,Stock Commentary,True
3663,$NOC - Northrop Grumman Offers Good Exposure To The Space Industry.  https://t.co/g8uC6O2mhB #stocks #markets #economy,Stock Commentary,Stock Commentary,True
3664,$EGLE - Eagle Bulk Shipping: A Risky Shipping Play.  https://t.co/Wv8bvJzFtR #economy #finance #business,Stock Commentary,Stock Commentary,True
3665,$MAPS - WM Technology: A Back-Door Weed Play.  https://t.co/uxzWazvJ2P #markets #finance #economy,Stock Commentary,Stock Commentary,True
3666,$SHLS - Shoals Technologies Group May Soon Decide Which Direction It Wants To Go.  https://t.co/TFS4oK3GKY #investing #business #stockmarket,Stock Commentary,Stock Commentary,True
3667,$PNC - PNC Financial Benefiting From A Hot Main Street And Valuation Is Better.  https://t.co/09m9UnfCXd #trading #stockmarket #markets,Stock Commentary,Stock Movement,False
3668,$PRTY - Party City: The Balloon Has Popped.  https://t.co/Lt9j8FkSmq #investing #business #stockmarket,Stock Commentary,Stock Movement,False
3669,$DVN - Why Did Devon Energy Stock Drop In June And What's The Outlook?.  https://t.co/4CDTfXoQL6 #markets #business #finance,Stock Commentary,Stock Movement,False
3670,"$EXPR - Express, Inc.: A Former Meme Stock Could Be Headed Into Serious Trouble In A Recession.  https://t.co/zZpqRVlvSY #stocks #markets #finance",Stock Commentary,Stock Commentary,True
3671,$ILPT - Industrial Logistics Properties Trust: Bad Management Strikes Again.  https://t.co/1XhPxhqRa7 #markets #stocks #stockmarket,Stock Commentary,Stock Commentary,True
3672,$GPS - Gap: High Upside As The Supply Chain Knot Untangles.  https://t.co/y5LSa3FHQZ #stockmarket #investing #stocks,Stock Commentary,Stock Commentary,True
3673,$FSK $MAIN - Better Investment Grade Sky-High Yield Buy: FS KKR Vs. Main Street.  https://t.co/Xn6X34kI9H #business #finance #stockmarket,Stock Commentary,Stock Commentary,True
3674,$DIS - Has Disney's Stock Price Bottomed Out Or Will It Keep Dropping? Likely More Downside.  https://t.co/X1Ng0ajfJa #investing #trading #economy,Stock Commentary,Stock Movement,False
3675,$RVLV - Revolve: Strong Growth Continues Despite Macro Headwinds.  https://t.co/QqsJhvLGLO #markets #trading #finance,Stock Commentary,Stock Commentary,True
3676,$BRK.A $BRK.B - Berkshire Hathaway Energy Continues Going Green.  https://t.co/OWabcxACyF #business #investing #trading,Stock Commentary,Stock Commentary,True
3677,$MASI - Ensemble Capital Management - Masimo: A Shocking Acquistion.  https://t.co/RsFjevHLUp #investing #stocks #trading,Stock Commentary,Stock Commentary,True
3678,$TSM $INTC - Intel Vs. Taiwan Semiconductor: Which Giant Chip Company Is The Best Investment Choice By The End Of 2025?.  https://t.co/ntrqnDRFAu #finance #investing #business,Stock Commentary,Stock Commentary,True
3679,$AMD - AMD: Ready To Take On Intel And Consolidate Its Leading Position In The Semiconductor Sector.  https://t.co/52eaAof6ha #trading #stocks #investing,Stock Commentary,Stock Commentary,True
3680,$DOLE - Dole Plc: Tremendous Potential From Recent Developments.  https://t.co/zSOcNyrj4d #trading #stockmarket #business,Stock Commentary,Stock Commentary,True
3681,$MSTR - MicroStrategy's Bitcoin-Driven Rally Has Already Started (Technical Analysis).  https://t.co/pkHNpcp8VD #finance #stocks #trading,Stock Commentary,Stock Commentary,True
3682,$PSX - Phillips 66: This 4.8% Refinery Yield Is A Bargain.  https://t.co/zudP5CyoI5 #business #investing #finance,Stock Commentary,Stock Commentary,True
3683,$VUSB - VUSB: There Are Better Alternatives To Park Your Cash.  https://t.co/3AFx6A1Aww #finance #stockmarket #stocks,Stock Commentary,Stock Commentary,True
3684,$OCGN - Ocugen: A First Take.  https://t.co/vLuxld2kdS #finance #trading #stockmarket,Stock Commentary,Stock Commentary,True
3685,$DRI - Darden Restaurants: Uniquely Positioned For Fighting Inflation.  https://t.co/YBACfWyqK3 #economy #markets #stocks,Stock Commentary,Stock Commentary,True
3686,$AMC - Why Has AMC Stock Jumped In July And What's The Outlook?.  https://t.co/39SrMtleWG #investing #markets #business,Stock Commentary,Stock Commentary,True
3687,$DOCU - DocuSign Stock: What To Watch As Tech Sells Off.  https://t.co/lxsr6JBMJB #stockmarket #markets #finance,Stock Commentary,Stock Commentary,True
3688,$SPOT - 3 Reasons Spotify Can Be A Long-Term Winner.  https://t.co/5voikDU8sF #stocks #business #investing,Stock Commentary,Stock Commentary,True
3689,"$AMZN - Amazon: Why It's A Buy, And Why I'm Waiting To Add.  https://t.co/Xd0rWLIpSu #trading #stocks #business",Stock Commentary,Stock Commentary,True
3690,$JACK - Jack in the Box's Future Looks Promising: The Stock Is A Buy.  https://t.co/as0F87o7zO #stockmarket #finance #trading,Stock Commentary,Stock Commentary,True
3691,"$DOCU - DocuSign: Down 80% From All Time Highs, Minimal Growth Expected In 2023.  https://t.co/PUd79ukzrG #stocks #trading #investing",Stock Commentary,Stock Commentary,True
3692,"$CCOI - Cogent Communications: Another Way To Play It, Locking In Option Premium.  https://t.co/qArLffpdIB #finance #stocks #stockmarket",Stock Commentary,Stock Commentary,True
3693,$SPE - Special Opportunities Fund: Bulldog Investors Show Some Bite Over The Full Cycle.  https://t.co/k4HjMHf2ZR #stocks #economy #finance,Stock Commentary,Stock Commentary,True
3694,$JAPAF $JAPAY - Japan Tobacco: Russia Exit In The Price But 6% Dividend Yield Not Attractive Enough.  https://t.co/s7kbiVKLue #economy #investing #markets,Stock Commentary,Stock Commentary,True
3695,$NLY - Annaly Capital: I'll Love It At $5.  https://t.co/p24jdlPR4e #economy #investing #stockmarket,Stock Commentary,Stock Commentary,True
3696,$TWLO - Twilio: Still A Sell After The Drop.  https://t.co/zl2Q3F2UHj #stocks #markets #business,Stock Commentary,Stock Commentary,True
3697,$ECF $GCV - GCV And ECF: A Clear Choice.  https://t.co/ppIQhGpNOT #stockmarket #finance #trading,Stock Commentary,Stock Commentary,True
3698,$DLB - Dolby: Is Low-Yield Growth Worth It In This Market?.  https://t.co/GFzOqkOsjB #economy #stockmarket #trading,Stock Commentary,Stock Commentary,True
3699,$SCHD $VYM - 3 Reasons Why I Prefer SCHD Over VYM.  https://t.co/EGpsNaXj3y #finance #business #economy,Stock Commentary,Stock Commentary,True
3700,$APRN - Blue Apron: Still Unappetizing.  https://t.co/98Olm2KhhV #investing #finance #stocks,Stock Commentary,Stock Commentary,True
3701,$NTIOF - National Bank of Canada: You Can 'Bank' On These Dependable Dividends.  https://t.co/KpMLCURl5t #markets #economy #stockmarket,Stock Commentary,Stock Commentary,True
3702,$ILPT - Industrial Logistics Properties Trust: Game Over For Income-Seeking Investors.  https://t.co/6QQGVcv5Nv #business #finance #stockmarket,Stock Commentary,Stock Commentary,True
3703,$DOCU - DocuSign: Downright Steal.  https://t.co/tojUYWwkZY #stockmarket #economy #investing,Stock Commentary,Stock Commentary,True
3704,$F - Ford: Lightning Strike To $18 - The Time To Add Is Near.  https://t.co/ZSa768glsz #investing #finance #trading,Stock Commentary,Stock Commentary,True
3705,$WFC - Wells Fargo's Transformation Provides Long-Term Upside Potential.  https://t.co/sRxoP4b2J1 #investing #finance #stockmarket,Stock Commentary,Stock Commentary,True
3706,$WING - Wingstop: Long-Term Growth Prospects Look Promising.  https://t.co/USSG6fsfZh #finance #stockmarket #economy,Stock Commentary,Stock Commentary,True
3707,$SBGSF $SBGSY - Schneider Electric: Now Is A Great Time To Buy Shares.  https://t.co/DKFNQgZU4e #economy #finance #stocks,Stock Commentary,Stock Commentary,True
3708,$AZN $AZNCF - AstraZeneca: Lifeline Amid Double-Digit Inflation.  https://t.co/g7Cn6yj7ML #economy #markets #business,Stock Commentary,Stock Commentary,True
3709,$GGZ - GGZ: Too Much Leverage.  https://t.co/PLFgxEmV2l #stockmarket #business #finance,Stock Commentary,Stock Commentary,True
3710,$KBCSF $KBCSY - KBC Group: Strong Capital Ratios Make Eastern European Exposure Manageable.  https://t.co/EkTwG2THu4 #business #stockmarket #trading,Stock Commentary,Stock Commentary,True
3711,$PLTR - Palantir: Potential 25%+ CAGR While Changing The Future.  https://t.co/FCv9hnRHg6 #economy #investing #stocks,Stock Commentary,Stock Commentary,True
3712,$CSCO - Passing On Cisco Systems Even At These Levels.  https://t.co/VQ1xfzxSXQ #trading #stockmarket #investing,Stock Commentary,Stock Commentary,True
3713,Seven 40-Year-Plus Dividend Growers To Buy In July.  https://t.co/wo5VE3NJli #stocks #stockmarket #economy,Stock Commentary,Stock Commentary,True
3714,$SCHW - Charles Schwab: A High-Quality Bargain That's Ripe For Picking.  https://t.co/SxQT9FDmV7 #business #stocks #stockmarket,Stock Commentary,Stock Commentary,True
3715,$FL - Foot Locker Looks Undervalued Based On Its Dividends.  https://t.co/Yo63xHJFVq #investing #economy #stockmarket,Stock Commentary,Stock Commentary,True
3716,$ADC - I Own Agree Realty And Sleep Like A Baby.  https://t.co/3O3TmOgx61 #business #stockmarket #trading,Stock Commentary,Stock Commentary,True
3717,$RHS - RHS: Consumer Staples Dashboard For July.  https://t.co/lgvpU1YUa4 #markets #business #stocks,Stock Commentary,Stock Commentary,True
3718,$C - Citigroup's Laughable Valuation Is Too Good To Pass Up.  https://t.co/T1HPVqWsyD #stocks #stockmarket #business,Stock Commentary,Stock Commentary,True
3719,$GOLD - Barrick Gold: Trading At A Deep Discount To Fair Value.  https://t.co/l15uwCYorD #trading #economy #business,Stock Commentary,Stock Commentary,True
3720,$ABBV - AbbVie Breaks Out Again.  https://t.co/gXUWesZpqy #stocks #investing #business,Stock Commentary,Stock Movement,False
3721,$AES - ClearBridge Investments - AES: Transforming Climate Risks To Opportunities.  https://t.co/LnfSSAvoDx #trading #finance #investing,Stock Commentary,Stock Commentary,True
3722,$GILD - Gilead Sciences - Improving Here.  https://t.co/fxZTn6a25t #markets #investing #business,Stock Commentary,Stock Commentary,True
3723,$META - Ranking Recession Readiness: Meta Is A Financial Fortress.  https://t.co/Fc5d1IaViu #markets #business #finance,Stock Commentary,Stock Commentary,True
3724,$AI -  https://t.co/qwqM0M1rcj: Time To Take A Chance.  https://t.co/E9stf1oP3J #business #trading #finance,Stock Commentary,Stock Commentary,True
3725,$AXP - American Express: The Travel Rebound Is Still A Growth Catalyst.  https://t.co/AHIyVVqr9V #investing #markets #trading,Stock Commentary,Stock Commentary,True
3726,$GRIN - Grindrod Shipping: Getting Cheap Shipping Exposure With Less Volatility.  https://t.co/2eB4MGuFkh #economy #stockmarket #markets,Stock Commentary,Stock Commentary,True
3727,"$PLD $PLDGP - Why Prologis Has Been Going Down, And Why It's Now A Buy.  https://t.co/ZwqfN3EvpZ #trading #markets #economy",Stock Commentary,Stock Commentary,True
3728,$COIN - Coinbase: Unfavorable Setup.  https://t.co/Fhz1TaanxI #economy #stocks #investing,Stock Commentary,Stock Commentary,True
3729,$BABA $BABAF - Alibaba's Risk Matrix And One Way To Play It.  https://t.co/LJXkho018j #trading #business #stocks,Stock Commentary,Stock Commentary,True
3730,$PRGS - Progress Software: Fairly Valued Software Player.  https://t.co/q7BxpukaQ1 #markets #investing #finance,Stock Commentary,Stock Commentary,True
3731,$FGBI - First Guaranty Bancshares: Balance Sheet Growth To Drive The Bottom Line.  https://t.co/qp0oHpQlH2 #trading #stocks #stockmarket,Stock Commentary,Stock Commentary,True
3732,$VCYT - Veracyte: Fading The Rally.  https://t.co/jPtzV778Hj #stockmarket #finance #investing,Stock Commentary,Stock Commentary,True
3733,$SPOT - Spotify: The Right Time To Buy.  https://t.co/2AjwysUFAY #markets #investing #economy,Stock Commentary,Stock Commentary,True
3734,$WFC - Wells Fargo: Downside Already Priced In.  https://t.co/OOJf9vSd0e #stocks #finance #markets,Stock Commentary,Stock Commentary,True
3735,$NFLX - Netflix And Microsoft: There's More Than Meets The Eye.  https://t.co/Lg0IlZHjac #investing #economy #markets,Stock Commentary,Stock Commentary,True
3736,$EMKR - Emcore Corporation: It Is Darkest Before Dawn.  https://t.co/xZAKSJkcbD #markets #business #stocks,Stock Commentary,Stock Commentary,True
3737,$FXI - FXI: Strong Gain Leads Me To Take A More Cautious Stance.  https://t.co/vw74NHjW67 #economy #finance #stocks,Stock Commentary,Stock Commentary,True
3738,"$QGEN - Qiagen Fails To Justify Inclusion In Long-Biased, Balanced Macro Portfolio.  https://t.co/uoGgLjP4Gm #economy #markets #finance",Stock Commentary,Stock Commentary,True
3739,$CPER - Clues On 'Peak Inflation'.  https://t.co/WrNz5X7134 #business #finance #investing,Stock Commentary,Stock Commentary,True
3740,$PYPL - PayPal: Mr. Market Is Over Whipping The Cash Cow.  https://t.co/43qusZJZ65 #markets #stocks #economy,Stock Commentary,Stock Movement,False
3741,$ANFGF $TRQ - Antofagasta Looks Overvalued - Turquoise Hill Is A Better Choice.  https://t.co/Fibg6KZJ6h #stockmarket #markets #economy,Stock Commentary,Stock Commentary,True
3742,$AMZN - Amazon: Here Is Why Inflation-Driven Deal Hunting Will Benefit Prime.  https://t.co/QaeQHTgtWL #trading #finance #investing,Stock Commentary,Stock Commentary,True
3743,"$UTF - UTF: 7% Yield, Monthly Payer, Beating The Market.  https://t.co/Q2RbNBS6Vc #trading #markets #stockmarket",Stock Commentary,Stock Movement,False
3744,$BTG - B2Gold: Solid Gold Production For The Second Quarter.  https://t.co/PfZrsEo87n #stocks #finance #trading,Stock Commentary,Stock Movement,False
3745,$BJ $COST - Costco Vs. BJ's Wholesale Stock: Which Is The Better Buy?.  https://t.co/lFaJIh4362 #stocks #markets #business,Stock Commentary,Stock Commentary,True
3746,$NKX $PCQ - NKX Vs. PCQ: Comparing CA-Only Muni CEFs.  https://t.co/8tQxrO0Yjt #business #finance #economy,Stock Commentary,Stock Commentary,True
3747,$SPY - Why Inflation Might Have Peaked In June: S&amp;P 500 Implications.  https://t.co/ObTqRqFqFR #economy #business #trading,Stock Commentary,Stock Commentary,True
3748,$META - Meta Platforms: Deterioration Or Massive Upside?.  https://t.co/rrA6oa1FkU #finance #stockmarket #economy,Stock Commentary,Stock Commentary,True
3749,$KSS - Dear Kohl's: A Lesson In Value Creation Or Value Destruction?.  https://t.co/qBJOB3XWVI #finance #stockmarket #economy,Stock Commentary,Stock Commentary,True
3750,"$CSCO - Cisco: Surviving Countless Cycles, And Paying 2.9% Yield This Quarter.  https://t.co/8bXoQl8yp2 #finance #trading #stocks",Stock Commentary,Stock Movement,False
3751,$CVX $OXY - Chevron And Occidental: 2 Warren Buffett Stocks For The Latest Inflation Surge.  https://t.co/FAWNHSvkTi #finance #stocks #investing,Stock Commentary,Stock Commentary,True
3752,$MU $NVDA - Nvidia And Micron Face Toilet Paper Hoarding Moment.  https://t.co/VslJLnvXsG #economy #trading #business,Stock Commentary,Stock Commentary,True
3753,$OZK - Bank OZK: Happy I Took That Upside - Now A 'Buy'.  https://t.co/0tWshThx9E #stocks #finance #investing,Stock Commentary,Stock Movement,False
3754,"$CMCO - Columbus McKinnon Under Pressure Now, But The Longer-Term Opportunity Is Intriguing.  https://t.co/iQD9Z30ZH8 #investing #stocks #trading",Stock Commentary,Stock Commentary,True
3755,$FINV - FinVolution Group Shares Should Have Bottomed.  https://t.co/sfUkRGYnl5 #markets #trading #stocks,Stock Commentary,Stock Movement,False
3756,$EOG - EOG Resources: A Great Dividend With A Solid Business Model.  https://t.co/cIeXTFeaSe #trading #economy #business,Stock Commentary,Stock Commentary,True
3757,$CXBMF - Calibre Mining: A Record Q2 With Further Growth On Deck.  https://t.co/lA7PmmVkCV #finance #investing #economy,Stock Commentary,Stock Commentary,True
3758,$TGA - TransGlobe Energy: Interesting All-Stock Arbitrage With 6.44% Spread.  https://t.co/sFNAkurAfh #stockmarket #economy #stocks,Stock Commentary,Stock Commentary,True
3759,$FAST - Fastenal Not Exactly Cheap As Tailwinds Start To Moderate.  https://t.co/dEl3b2cUuv #economy #investing #stocks,Stock Commentary,Stock Commentary,True
3760,$TSQ - Townsquare Media: Digital Growth Could Lead To The Stock Doubling.  https://t.co/daybHPy610 #finance #markets #investing,Stock Commentary,Stock Movement,False
3761,$VERV - More CRISPR In Human Subjects.  https://t.co/1l7qINKFZn #trading #investing #finance,Stock Commentary,Stock Commentary,True
3762,$BYDDF $BYDDY - Rumors Of Warren Buffett Selling Stake In BYD Create Opportunity.  https://t.co/QIP8tlHcBP #markets #investing #stockmarket,Stock Commentary,Stock Movement,False
3763,3 Tech Stocks To Watch During This Sell-Off.  https://t.co/YsTtysvWFF #trading #finance #stockmarket,Stock Commentary,Stock Commentary,True
3764,$PLTR - Palantir: Generational Buy Opportunity.  https://t.co/Uk1kg7DPbs #stocks #business #markets,Stock Commentary,Stock Commentary,True
3765,$VSCO - Victoria's Secret: Market Is Mispricing The Company's Value.  https://t.co/ZNBdAHCzO0 #markets #trading #finance,Stock Commentary,Stock Commentary,True
3766,$SNOW - Snowflake: Still Very Demanding.  https://t.co/YrgJaqVQkJ #economy #finance #investing,Stock Commentary,Stock Movement,False
3767,$DIS - Disney: The Cash Flood Begins.  https://t.co/TEJwW7ApOn #finance #economy #trading,Stock Commentary,Stock Movement,False
3768,"$BMWYY - BMW Is Approaching An Interesting Valuation, But May Suffer From Leasing Headwinds.  https://t.co/Gxbs3O1VIB #stockmarket #finance #stocks",Stock Commentary,Stock Movement,False
3769,11 Higher-Yielding And Far Better Blue-Chip Alternatives To AT&amp;T.  https://t.co/7lfnJxRfUk #finance #business #economy,Stock Commentary,Stock Commentary,True
3770,$QQQ - QQQ: Invest Now To Benefit From A Market Rebound.  https://t.co/4MW1StRy35 #stocks #investing #business,Stock Commentary,Stock Movement,False
3771,$RTLPO $RTLPP - The Necessity Retail REIT's 8%+ Yielding Preferred Shares Offer Solid Income.  https://t.co/bevy96PgZu #investing #finance #business,Stock Commentary,Stock Commentary,True
3772,"$ET $LYB - 25%+ Cash Flow Yields, Accelerating Payouts: LyondellBasell And Energy Transfer.  https://t.co/It4pkbImeQ #economy #trading #business",Stock Commentary,Stock Commentary,True
3773,$PLUG - Plug Power: Ride The Plunge - Greener Times In FY2023.  https://t.co/4e4KqvG3iO #stocks #finance #stockmarket,Stock Commentary,Stock Movement,False
3774,$AAPL - Is Apple Stock A Good Pick If The Economy Enters A Recession?.  https://t.co/CSvlN6g4j1 #finance #business #markets,Stock Commentary,Stock Commentary,True
3775,$GOOG $GOOGL - Google: Why I'm Not Worried About A Recession.  https://t.co/dXXABMQ0HC #business #economy #markets,Stock Commentary,Stock Commentary,True
3776,$MOO - MOO: Not Immune To Capital Scarcity And Recession Risks.  https://t.co/eqKq2ePkDj #stocks #stockmarket #economy,Stock Commentary,Stock Commentary,True
3777,"$ANGO - AngioDynamics: Growth Is Encouraging, But Margins Still A Work In Progress.  https://t.co/utWF4VSbKZ #economy #stockmarket #business",Stock Commentary,Stock Commentary,True
3778,$RHHBF $RHHBY - Roche: The Undervalued Swiss Pharma Giant.  https://t.co/kaH5IPzruH #markets #economy #stockmarket,Stock Commentary,Stock Commentary,True
3779,$SQ - Block: Absolute Disaster.  https://t.co/1FySstQCP5 #markets #investing #business,Stock Commentary,Stock Movement,False
3780,"$FNLC - The First Bancorp: Collect A Paycheck, Get Raises.  https://t.co/bLu6khjljA #trading #business #finance",Stock Commentary,Stock Movement,False
3781,"$G - Genpact: Very Good Company, Slightly Overvalued.  https://t.co/3pkuLfwMAm #stockmarket #markets #economy",Stock Commentary,Stock Commentary,True
3782,$XPEL - XPEL: The Best Way To Play The Electric Vehicle Revolution.  https://t.co/Y9J0xOTGIj #business #markets #stockmarket,Stock Commentary,Stock Commentary,True
3783,$EBIX - Ebix: Even More Attractive After Price Drop Due To Short Attack.  https://t.co/Y8LDBzbc41 #economy #finance #stocks,Stock Commentary,Stock Commentary,True
3784,$CVX - Chevron: Buying Undervalued High-Yield With A Bull Case.  https://t.co/r3cVmkpnQ5 #stockmarket #economy #trading,Stock Commentary,Stock Commentary,True
3785,$OSMO-USD - Osmosis: An Innovative Leader In Decentralized Finance.  https://t.co/K1YeBwuJCO #economy #trading #investing,Stock Commentary,Stock Commentary,True
3786,"$LXRX - Lexicon Pharmaceuticals: Encouraging Signs Of Efficacy In Pain, But Still Looking For A Clear Win.  https://t.co/nKLlQcFM2F #trading #economy #investing",Stock Commentary,Stock Commentary,True
3787,$CRARF - Credit Agricole And Its Italian Optionality.  https://t.co/netQ9x6WQZ #economy #stocks #business,Stock Commentary,Stock Commentary,True
3788,$DBMF - DBMF: Everything Is Right About This Hedge Fund-Like ETF.  https://t.co/0oaj2932ES #stockmarket #stocks #investing,Stock Commentary,Stock Commentary,True
3789,$FMNB - Farmers National Banc Corp.: Growth And Yield.  https://t.co/uOQr73vvSx #stockmarket #business #markets,Stock Commentary,Stock Commentary,True
3790,$SBUX - Starbucks: Reputation Over Everything.  https://t.co/aFWufaYzpL #investing #stockmarket #business,Stock Commentary,Stock Commentary,True
3791,$MSFT - Microsoft: It Is A Waiting Game Now.  https://t.co/Nt5QJcsNCo #stocks #stockmarket #economy,Stock Commentary,Stock Commentary,True
3792,$STPZ - STPZ: PIMCO's Only TIPS ETF With Positive 1-Yr Return.  https://t.co/6AVgJgnkbA #trading #markets #stocks,Stock Commentary,Stock Commentary,True
3793,$SAN - Santander Hedged And Ready For Higher Rates.  https://t.co/dZF8Bf51FJ #finance #stocks #markets,Stock Commentary,Stock Commentary,True
3794,$ADBE - Andvari Associates - Adobe: Outstanding Financial Profile And Copious Free Cash Flows.  https://t.co/4JkWp8YtL9 #finance #trading #markets,Stock Commentary,Stock Commentary,True
3795,$ITB - ITB: Homebuilders Are A Value Trap.  https://t.co/Yj1yoTJ3iI #business #stocks #economy,Stock Commentary,Stock Commentary,True
3796,$DNA - Ginkgo Bioworks: Multiple Layers Of Uncertainty.  https://t.co/jpr2e80aoh #markets #trading #stocks,Stock Commentary,Stock Commentary,True
3797,$GOOG $GOOGL - Google: The Old Adage Of Time Vs. Timing.  https://t.co/vw5h0fx7fn #business #investing #economy,Stock Commentary,Stock Commentary,True
3798,$TWTR - Twitter: You Were Warned.  https://t.co/CddDQvKEAg #business #investing #finance,Stock Commentary,Stock Commentary,True
3799,"$ANGO - AngioDynamics: Deflationary Tailwinds From Price Inputs, Yet Lack Of Upside To Capture.  https://t.co/lGxdsBpHyI #stocks #finance #investing",Stock Commentary,Stock Commentary,True
3800,$BRK.A $BRK.B - Black Bear Value Fund - Berkshire Hathaway: A Pie That Is Growing.  https://t.co/6K06bKD6EP #economy #finance #stocks,Stock Commentary,Stock Movement,False
3801,$RGNX - Regenxbio: Patience And Regular Homework Are Keys.  https://t.co/FXAEXaxN9X #economy #stockmarket #markets,Stock Commentary,Stock Commentary,True
3802,$VLKAF $VWAGY $VWAPY - Volkswagen: A Value Play Emerging As A Structural EV Winner.  https://t.co/HmSK9vDAgr #trading #finance #markets,Stock Commentary,Stock Commentary,True
3803,$DDOG - Datadog: Long-Term Confidence Despite Recent Weakness.  https://t.co/59bUwJrKbo #business #economy #finance,Stock Commentary,Stock Commentary,True
3804,$UPST - Upstart: The Investment Case Just Took A Serious Hit.  https://t.co/kYfEbLDlZW #markets #economy #stockmarket,Stock Commentary,Stock Commentary,True
3805,"$DLO - DLocal: The Growth Engine Behind Google, Microsoft, And Amazon.  https://t.co/DejxgRXx5W #stocks #stockmarket #markets",Stock Commentary,Stock Commentary,True
3806,$BWAY - BrainsWay's Shares Look Attractive.  https://t.co/4dMMvjKrbb #stocks #investing #economy,Stock Commentary,Stock Commentary,True
3807,"$MS - Morgan Stanley: Cheaper, But Still Not Cheap Enough (Technical Analysis).  https://t.co/JNOQ4T49tc #stocks #markets #economy",Stock Commentary,Stock Commentary,True
3808,"$GOED $GOED.WS - 1847 Goedeker To Become Polished, Might Not Be As Cyclical As Assumed.  https://t.co/DZ9V2HcBUZ #business #stocks #markets",Stock Commentary,Stock Commentary,True
3809,$HELE - Helen Of Troy: Expect More Volatility With Retail Uncertainties.  https://t.co/i50DkUZth8 #trading #business #markets,Stock Commentary,Stock Commentary,True
3810,$ONLN - ONLN: Outlook Isn't Great For Retail Right Now.  https://t.co/I8vdXpuCpj #investing #business #markets,Stock Commentary,Stock Commentary,True
3811,$GS - Goldman Sachs: You Can Buy It Cheap Right Now But Buckle Up.  https://t.co/wA0I9SQ8DE #investing #finance #trading,Stock Commentary,Stock Commentary,True
3812,$BNEFF - Bonterra Energy: A Buy On The Undeserved Sell-Off.  https://t.co/aOEMk2IS50 #economy #stockmarket #markets,Stock Commentary,Stock Commentary,True
3813,$PTON - Peloton Interactive: A Lot Of Pain Is Priced In.  https://t.co/yUXvLqnQ76 #trading #economy #stocks,Stock Commentary,Stock Commentary,True
3814,$AAL - American Airlines: Unnecessary Hit.  https://t.co/YtixQYaqSD #stocks #investing #economy,Stock Commentary,Stock Commentary,True
3815,$VICI - VICI Properties: Beware Of Walking Into A Trap (Technical Analysis).  https://t.co/WmQnT0EujB #stockmarket #trading #investing,Stock Commentary,Stock Commentary,True
3816,$PDO - PIMCO Dynamic Income Opportunities Fund - What Now?.  https://t.co/It1bJEwVOj #business #stocks #investing,Stock Commentary,Stock Commentary,True
3817,$PXE - PXE: A Better Way To Trade Exploration And Production Companies.  https://t.co/LMGV3l3pyR #trading #finance #stockmarket,Stock Commentary,Stock Commentary,True
3818,"$NCNO - Our First Look At nCino, Inc..  https://t.co/QNU0IGAuzn #stockmarket #finance #business",Stock Commentary,Stock Commentary,True
3819,$GBX - The Greenbrier Companies: Sifting Through The Rubble.  https://t.co/UbgCeQgxoV #economy #trading #stocks,Stock Commentary,Stock Commentary,True
3820,$MA - Mastercard: Predictable Business With Clear Competitive Advantage.  https://t.co/2J5ngQKPpe #investing #markets #finance,Stock Commentary,Stock Commentary,True
3821,$SWK - Stanley Black &amp; Decker: A Dividend King On Sale.  https://t.co/Z7BsHiZf2m #finance #stocks #business,Stock Commentary,Stock Commentary,True
3822,$RLJ - RLJ Lodging Trust Is Becoming Interesting.  https://t.co/MwuWnwZdzB #stockmarket #stocks #finance,Stock Commentary,Stock Commentary,True
3823,$PNNT - PennantPark: Going All In Is A Recipe For Disaster.  https://t.co/ezLGGaBmkd #finance #business #markets,Stock Commentary,Stock Commentary,True
3824,"$IBM - IBM Is Relevant Again, Here's When To Buy.  https://t.co/DBowb4BR3k #markets #economy #finance",Stock Commentary,Stock Commentary,True
3825,$JVA - Coffee Holding Collapse: Buying Opportunity Or Catalyst To Cut Losses?.  https://t.co/LH9qNvtdwD #markets #stockmarket #stocks,Stock Commentary,Stock Commentary,True
3826,$SKT - Buy Tanger Factory Outlet's Solid 5.5% Yield.  https://t.co/gZJvB0IEaJ #trading #finance #stockmarket,Stock Commentary,Stock Commentary,True
3827,$CF $ICL - CF Industries Vs. ICL Group: Who's King During A Boom In EV Demand And Commodity Prices?.  https://t.co/VMTTXTVtZa #stocks #business #economy,Stock Commentary,Stock Commentary,True
3828,$PDCE - PDC Energy Remains Resistant To Monetary Policy.  https://t.co/vvGvGsxErq #trading #stockmarket #stocks,Stock Commentary,Stock Commentary,True
3829,$PLYA - Playa Hotels &amp; Resorts: Long-Term Outlook Encouraging.  https://t.co/gqoUYmKJ6j #investing #finance #trading,Stock Commentary,Stock Commentary,True
3830,$HD - Home Depot's Stock Decline May Have Only Just Begun.  https://t.co/UNi4UcaLyb #finance #markets #trading,Stock Commentary,Stock Commentary,True
3831,$SHEL - Shell: I Like Their Hydrogen Plan.  https://t.co/3VPfdj8N8L #stockmarket #stocks #business,Stock Commentary,Stock Commentary,True
3832,Nippon Ichi Software — a 213-person video game developer based in central Japan — is an unnoticed winner of the yen’s recent plunge,Stock Commentary,Currencies,False
3833,Bitcoin's correlation with stock markets is at its lowest level in months,Stock Commentary,General News | Opinion,False
3834,"The God Bless America ETF will seek to invest in US-listed companies with a “track record of creating American jobs"" and screen out any firms that it considers activist",Stock Commentary,General News | Opinion,False
3835,Investors are learning that online advertising stocks may be just as vulnerable as old-school media companies amid a looming potential economic downturn,Stock Commentary,General News | Opinion,False
3836,A new ETF is looking to make leveraged bets on one of the worst-performing corners of the equity markets this year: SPACs,Stock Commentary,General News | Opinion,False
3837,The latest Bitcoin chart pattern suggests cryptocurrency speculators should brace for more losses,Stock Commentary,General News | Opinion,False
3838,@ali__pmp still in downtrend overall,Stock Commentary,Stock Movement,False
3839,"WEEKLY $SPY CHART   20 (R), 30 (B), 40 (G) week MAs in steep decline = guilty til proven innocent  350ish seems inevitable, it is location of - 200WK MA (black) - ⚓️VWAP 2018 low - 50% retrace Covid low to ATH",Stock Commentary,Markets,False
3840,@SPYJared @BMW in what? :),Stock Commentary,Stock Movement,False
3841,$UNCY Key findings from the research: •Nephrologists estimate that they will prescribe Renazorb (pending FDA approval) for a market-leading 34% of their dialysis patients requiring phosphate binder therapy.  This is golden.,Stock Commentary,Analyst Update,False
3842,"From @Breakingviews: GSK’s discounted valuation after hiving off its Advil making unit could lead to risky M&amp;As as the company is set to lose exclusivity by 2027 on a molecule contained in four of its HIV drugs, @aimeedonnellan explains",Stock Commentary,Stock Commentary,True
3843,"Stocks making the biggest moves midday: Netflix, Las Vegas Sands, Bath &amp; Body Works and more",Stock Movement,Stock Movement,True
3844,Netflix earnings deemed good enough by investors as shares jump after hours,Stock Movement,Earnings,False
3845,"Stocks making the biggest moves midday: Goldman Sachs, Delta, Boeing, Tesla and more",Stock Movement,Stock Movement,True
3846,"Bitcoin tops $22,000 as crypto market hopes contagion and shakeout is over; ether jumps 10%",Stock Movement,Gold | Metals | Materials,False
3847,"Stocks making the biggest moves midday: JPMorgan Chase, Goldman Sachs, Conagra Brands and more",Stock Movement,Stock Movement,True
3848,"Ether slumps, NFL expands NFT tickets, and why crypto acceptance is still rising: CNBC Crypto World",Stock Movement,Gold | Metals | Materials,False
3849,Chinese gaming stocks jump after Beijing approves new titles in a sign scrutiny is easing,Stock Movement,Company | Product News,False
3850,Shares of Tianqi Lithium slump around 10% in first day of trading in Hong Kong,Stock Movement,IPO,False
3851,"Stocks making the biggest moves in the premarket: Twitter, Wynn Resorts, Las Vegas Sands and more",Stock Movement,Stock Movement,True
3852,Twitter shares sink 7% in premarket after Elon Musk terminates $44 billion deal,Stock Movement,Stock Movement,True
3853,"$TSLA small reversal near support, &amp; closed back above it. Open Mind either way.   7/2:  Q2 delivery numbers 7/4:  US Mkt closed   7/6: $TSLA added to China CSI Index",Stock Movement,Earnings,False
3854,$NVDA down on lowered guidance. Q2 revenue est now $8.1B vs $8.45B,Stock Movement,Earnings,False
3855,$SCANX: Early premarket gappers,Stock Movement,General News | Opinion,False
3856,"$TRV (157.00, -1.20, -0.8%): beats by $0.60, beats on revs",Stock Movement,Earnings,False
3857,"$TSLA (761.87, +19.37, +2.6%): beats by $0.46, reports revs in-line, reaffirms expectation to achieve 50% average annual growth in vehicle deliveries over multi-year horizon",Stock Movement,Earnings,False
3858,$PTON: Peloton's strategy to shift gears on manufacturing has shares perking up,Stock Movement,Company | Product News,False
3859,$FULT: Fulton Fincl shares +5% after beating Q2 estimates yesterday,Stock Movement,Earnings,False
3860,$NDAQ: NASDAQ shares +5% after beating Q2 estimates earlier,Stock Movement,Stock Movement,True
3861,"$MRK (91.53, -0.83, -0.9%): reports Phase 3 KEYNOTE-412 Trial did not meet its primary endpoint",Stock Movement,Earnings,False
3862,"$ASML (493.35, -5.01, -1.0%): beats by €0.01, beats on revs; guides Q3 revs below consensus; guides FY22 revs below consensus",Stock Movement,Earnings,False
3863,$OI: O-I Glass shares +8% after Paddock emerges from Chapter 11 protection,Stock Movement,Stock Movement,True
3864,$SCANX: Early premarket gappers,Stock Movement,General News | Opinion,False
3865,$ODP: ODP Corporation shares +15.5% after the Co provided upside Q2 EPS guidance and announced a $600 mln share...,Stock Movement,Earnings,False
3866,#Financials outperform amid #earnings reports $XLF $GS $BAC $XLP $XLU $XLV $SPY $QQQ $DIA $SPX $COMPQ $DJIA  https://t.co/LzEmmlQJhI #economy #stockmarket,Stock Movement,Earnings,False
3867,#Financial stocks making premarket moves $XLF $BAC $GS $SPY $QQQ $DIA  https://t.co/LzEmmlQJhI #economy #stockmarket,Stock Movement,Earnings,False
3868,"$BAC (32.12, -0.13, -0.4%): Bank of America misses by $0.02, reports revs in-line",Stock Movement,Earnings,False
3869,$SCANX: Today's biggest % gainers/losers,Stock Movement,General News | Opinion,False
3870,"$WING: Wingstop +7.7% picks up steam this afternoon, stock has been making a nice move since early July as chicken...",Stock Movement,Stock Movement,True
3871,$STT: State Street (+11%) making new highs in late trade after issuing upside guidance during its midday earnings...,Stock Movement,Analyst Update,False
3872,$RXT: Rackspace Technology shares -6% after Barclays downgraded to Underweight from Equal Weight,Stock Movement,Analyst Update,False
3873,$C: Citigroup -3% heads lower ahead of its Q2 report tomorrow in pre-market; misses from JPM and MS today likely...,Stock Movement,Earnings,False
3874,"$ERIC: Ericsson slowly lifting off its lows, but still well into the red following earnings miss",Stock Movement,Earnings,False
3875,$EXTR: Extreme Networks shares +11% after Rosenblatt initiated with a Buy rating this morning,Stock Movement,Analyst Update,False
3876,"$CVLT: Commvault Systems (-8.5%) extends yesterday's losses, down now about -12.5% over the past two days; Piper...",Stock Movement,Earnings,False
3877,$TELL: Tellurian shares +9.5% after the Co announced the purchase of natural gas assets from privately held EnSight...,Stock Movement,M&A | Investments,False
3878,$PWSC: PowerSchool shares +7% after Goldman upgraded to Neutral from Sell,Stock Movement,Analyst Update,False
3879,"$WDAY: Workday (-3.8%) software firm makes 5-session lows, down in sympathy to ServiceNow (NOW) move",Stock Movement,Stock Movement,True
3880,#Gap heads lower as its CEO steps down and lowers margin guidance; #OldNavy struggles continue $GPS  https://t.co/c6upIIefH1 #retail #chainstore #apparel #retail #chain #fashion #supplychain #Inflation #stockmarket,Stock Movement,Stock Movement,True
3881,$TMHC: Taylor Morrison Home shares +2% after Credit Suisse upgraded to Outperform from Neutral,Stock Movement,Analyst Update,False
3882,"$CVNA: Carvana (-10.9%) falling pretty hard on Monday, down now about -81% since the start of April; seeing fairly...",Stock Movement,Stock Movement,True
3883,$MAT: Mattel shares +2% after Goldman upgraded to Buy from Neutral,Stock Movement,Analyst Update,False
3884,$NEWR: New Relic shares -5% after Morgan Stanley downgraded to Equal-Weight from Overweight,Stock Movement,Analyst Update,False
3885,$AVTR big 7% surge today after the accumulation of calls into weakness the past 10 days,Stock Movement,Stock Movement,True
3886,"$QGEN also rising w/ DHR and seen unusual upside calls bought in Dec. lately, TMO tried to buy them previously but deal fell apart",Stock Movement,Stock Movement,True
3887,"$LPX, $WY, $BCC sympathy moves w/ $WFG jumping on deal talks",Stock Movement,Stock Movement,True
3888,"@ricster3 Nah, ARKK 3% off lows and most I see near day highs",Stock Movement,General News | Opinion,False
3889,"$SMH led all day with TSM alleviating some fears, up 1.9% today and looks to close above 21-MA for first time since 6/8",Stock Movement,Stock Movement,True
3890,"China Internet $KWEB into 6.3% dip with 20,000 Oct. $33/$43 and 20,000 Oct. $35/$45 call spreads bought",Stock Movement,Stock Movement,True
3891,"$AEI fresh highs in AH following SEC Form 4 and 13D/A.... As i mentioned today, the first Pv1 lies at 44c",Stock Movement,Stock Commentary,False
3892,$TBLT low float pushing higher on volume,Stock Movement,Stock Movement,True
3893,$XELA getting hits in afterhours,Stock Movement,Stock Movement,True
3894,$PETZ back up on volume,Stock Movement,Stock Movement,True
3895,Datalec Precision Installations (DPI) Climbs Great Heights After Winning Industry Award for Exceptional Project Delivery  https://t.co/lHIvXGoVCH,Stock Movement,Company | Product News,False
3896,$NFLX Q2 Earnings  - EPS: $3.20 vs $2.96 est  - Revs: $7.97B vs $8.04B est. - Shares are up 7.28% after hours,Stock Movement,Earnings,False
3897,Peloton Interactive shares surged after it said it would stop in-house production of its flagship exercise bike,Stock Movement,Company | Product News,False
3898,"Wells Fargo shares drop 3% after earnings, revenue disappoint",Stock Movement,Earnings,False
3899,"Taiwan Semi shares rise after earnings, sales beat forecasts",Stock Movement,Earnings,False
3900,Sinch shares plunge for second day after saying it will have to restate results,Stock Movement,Stock Movement,True
3901,$AAL - American Airlines stock slides as capacity concerns overshadow record revenue (Update),Stock Movement,Stock Movement,True
3902,$T - AT&amp;T slumps as free-cash-flow outlook takes shine off of upbeat earnings,Stock Movement,Stock Movement,True
3903,"$PLTR - Palantir rises as Raymond James starts coverage, calls it a 'cultural unicorn'",Stock Movement,Analyst Update,False
3904,$FRLN - Freeline gains as NEJM publishes long-term data for hemophilia therapy,Stock Movement,Stock Movement,True
3905,$PM - Philip Morris International pushes higher after earnings topper,Stock Movement,Earnings,False
3906,"$IPHA $SNY - Innate stock rises as Sanofi progress on 2nd cancer drug compound, pay €3M",Stock Movement,Stock Movement,True
3907,"$MSFT - Microsoft dips as it reportedly cuts job listings in Azure, security",Stock Movement,Stock Movement,True
3908,$LVS - Las Vegas Sands rallies after strong quarter in Singapore boosts results,Stock Movement,Earnings,False
3909,"$KNX - Knight-Swift Transportation gains after earnings topper, profit guidance lift",Stock Movement,Earnings,False
3910,$NEWR - New Relic jumps 16% on report of potential sale process,Stock Movement,Stock Movement,True
3911,$RXDX - Prometheus Biosciences gains as Goldman Sachs starts coverage with buy rating,Stock Movement,Analyst Update,False
3912,$OMC - Omnicom gains 5% as it counters ad gloom with another forecast boost,Stock Movement,Earnings,False
3913,"$CPRI - Capri Holdings gains after backing profit guidance, setting high targets for Versace",Stock Movement,Analyst Update,False
3914,"$OPRX $BLTE $ARCT - Rhythm, Allakos top healthcare gainers; Vascular, Belite lead losers' pack",Stock Movement,Stock Movement,True
3915,$SPCB - SuperCom rises ~5% on new government electronic monitoring contract in Texas,Stock Movement,Stock Movement,True
3916,$SLNO - Soleno Therapeutics surges 49% on regulatory pathway for Prader-Willi syndrome treatment,Stock Movement,Earnings,False
3917,$ADIL - Adial stock slumps 25% as AD04 fails to best placebo in very heavy drinkers in trial,Stock Movement,Stock Movement,True
3918,RMAX rises 4.43% as owner buys more shares.,Stock Movement,Stock Movement,True
3919,"$NVTA - Invitae down 16% as investors take in new CEO, 2022 revenue guidance, and restructuring",Stock Movement,Stock Movement,True
3920,"$NVTA - Invitae slumps 17%, rating remained cut by SVB Securities and Benchmark",Stock Movement,Stock Movement,True
3921,$IMPL - Impel stock rises as dosing begins in mid-stage trial of INP105 for agitation in autistic people,Stock Movement,Company | Product News,False
3922,"$MARA $FANH $MDJH - Power REIT, Marathon Digital leads financial gainers; Signature Bank, Equity LifeStyle Properties among major losers",Stock Movement,Stock Movement,True
3923,$BAP - Credicorp stock gains after Credit Suisse upgrades on Peru's economic outlook,Stock Movement,Analyst Update,False
3924,$CLVS - Clovis rises 7% after signing supply agreement with NorthStar Medical for therapeutic actinium-225,Stock Movement,Company | Product News,False
3925,"$CFG - Citizens Financial stock gains after loan growth, rate hikes, dividend boost",Stock Movement,Stock Movement,True
3926,"$META - Meta Platforms rises as Credit Suisse cuts estimates, but says new flow will 'get better'",Stock Movement,Stock Commentary,False
3927,$STIM - Neuronetics stock soars 30% as FDA clears NeuroStar system for anxious depression,Stock Movement,Company | Product News,False
3928,$MX - Magnachip Semiconductor pares some gains after jumping 11%,Stock Movement,Stock Movement,True
3929,$VERV - Verve adds 20% most in a year to reach four-month high,Stock Movement,Stock Movement,True
3930,$EXFY - Expensify stock rallies after BofA upgrades to Buy on potential for higher margins,Stock Movement,Analyst Update,False
3931,$NNDM $SSYS - Stratasys stock gains after Nano Dimension acquires 12.12% stake,Stock Movement,Company | Product News,False
3932,"$ENTX - Entera stock rises 12% amid CFO taking charge as CFO, getting FDA meeting for lead drug",Stock Movement,Company | Product News,False
3933,"$USEA $AKAN $RGLS - RGLS, NEXI and QRTEB among pre market gainers",Stock Movement,Stock Movement,True
3934,"$GS $SYF $YUM - Hot Stocks: GS and SYF rise on Q2 earnings beat, YUM gains on upgrade, while SESN slides",Stock Movement,Stock Movement,True
3935,"$SNAP - Snap rises even as Credit Suisse cuts estimates, citing worries over ad budgets",Stock Movement,Stock Commentary,False
3936,$ODP - The ODP Corporation gains on guiding Q2 and FY22 earnings above the consensus; to buyback shares of $600M,Stock Movement,Company | Product News,False
3937,$BVNKF $BVNRY $BAVN - Bavarian Nordic sends monkeypox plays higher after raising 2022 guidance,Stock Movement,Company | Product News,False
3938,$NRGV $SEED $BORR - Borr Drilling among Energy/Material gainers; Gatos Silver and Fluence Energy among losers,Stock Movement,Energy | Oil,False
3939,$NYMX - Nymox Pharmaceutical up 37% as it assures shareholders company is well funded,Stock Movement,Stock Movement,True
3940,$EVOP $FOUR - EVO Payments jumps on renewed takeover speculation,Stock Movement,Stock Movement,True
3941,"$STT - State Street stock gains after Q2 earnings helped by net interest income, FX trading",Stock Movement,Earnings,False
3942,$SYN - Synthetic Biologics stock slides on reverse stock split announcement,Stock Movement,Stock Movement,True
3943,$NFLX $MSFT - Netflix rises even as UBS predicts Q2 subscriber growth goes 'upside down',Stock Movement,Stock Commentary,False
3944,$NEXI - NexImmune gains aftermarket on IND clearance for NEXI-003 to treat HPV-related cancers,Stock Movement,Stock Movement,True
3945,"$GTLS $CEAD $USEA - GTLS, ATKR among top industrial movers",Stock Movement,Stock Movement,True
3946,"$FCX $SCCO $COPX - Freeport McMoRan, Southern Copper hit 52-week lows as base metals plunge",Stock Movement,Energy | Oil,False
3947,$NVAX - Novavax shares plunge 23% after FDA authorization amid severe allergic reactions risk,Stock Movement,Earnings,False
3948,$COKE - Coca Cola Consolidated shares crash ahead of index entry,Stock Movement,Stock Movement,True
3949,$NA - Newly public Nano Labs stock falls 20% on third day of trading,Stock Movement,IPO,False
3950,"$OGI - Organigram stock falls 10% despite rise in FQ3 revenue, narrowing net loss Y/Y",Stock Movement,Earnings,False
3951,$VRRM - Verra Mobility ticks higher as activist presses for sale process,Stock Movement,Stock Commentary,False
3952,"$PAYO - PAYO, MRNS and CLNN are among pre market gainers",Stock Movement,Stock Movement,True
3953,$MRNS - Marinus stock rises as it sells priority review voucher for $110M,Stock Movement,Dividend,False
3954,$CFRX - ContraFect sinks ~76% as data safety board recommends ending co's DISRUPT trial,Stock Movement,Earnings,False
3955,$VLD $EXTR $FRGE - ironSource and Velo3D tops tech gainers; Unity Software and Kaspien among losers,Stock Movement,Stock Movement,True
3956,"$NLIT $LDI $QD - Qudian leads financial gainers; loanDepot, Northern Lights Acquisition among major losers",Stock Movement,Stock Movement,True
3957,$VERI - Veritone tumbles after BofA pulls bull rating,Stock Movement,Stock Commentary,False
3958,$RKFL - RocketFuel Blockchain soars 18% on receiving crypto exchange license,Stock Movement,Stock Movement,True
3959,$FAST - Fastenal falls sharply after warning of softening demand,Stock Movement,Earnings,False
3960,"$DDS - Dillard’s due for deeper declines amid elevated prices, aging consumer base",Stock Movement,Stock Movement,True
3961,$ABVC - ABVC Biopharma rises 18% on acceleration of ADHD drug Phase 2 trial,Stock Movement,Stock Commentary,False
3962,$TXMD - TherapeuticsMD plunges 42% as merger agreement ends,Stock Movement,Stock Movement,True
3963,$ATRA - Atara sinks on interim analysis of phase 2 study for multiple sclerosis candidate,Stock Movement,Stock Movement,True
3964,$AB - AllianceBernstein June AUM slides ~6%,Stock Movement,Financials,False
3965,$SFIX - Stitch Fix rallies after insider buying action,Stock Movement,Stock Commentary,False
3966,$SKYX - Smart building tech provider SKYX Platforms sees stock slide 10%,Stock Movement,Stock Movement,True
3967,"$PROK - ProKidney goes public through merger with SPAC Social Capital Suvretta, stock slides 7%",Stock Movement,IPO,False
3968,"$EOSE $YELL $LLAP - YELL, EOSE among top industrial movers",Stock Movement,Stock Movement,True
3969,$HLF - Herbalife stock gains 17% as Jefferies upgrades to buy on valuation,Stock Movement,Stock Commentary,False
3970,$XPEL $RIVN - XPEL to be exclusive PPF supplier to Rivian Automotive; stock hits over 3-month high,Stock Movement,M&A | Investments,False
3971,"$WMT $GOEV - Canoo stock jumps after signing a deal with Walmart for 4,500 all electric delivery vehicles",Stock Movement,Stock Movement,True
3972,$STRY - Broadband provider Starry Group stock hits 52-week low,Stock Movement,Stock Movement,True
3973,$EHTH - eHealth falls 9% as stock hits 52-week low,Stock Movement,Stock Movement,True
3974,$SVRE $AUID - Phunware and Ipsigy among tech gainers; Fastly and DigitalOcean among losers,Stock Movement,Stock Commentary,False
3975,$SAVE $ULCC $JBLU - Spirit Airlines falls after Frontier says it won't raise bid,Stock Movement,Stock Movement,True
3976,$TRIP $ERJ $GOL - Travel stocks slide again as expected post-pandemic boom hits more snags,Stock Movement,Stock Movement,True
3977,$DOCN - Digital Ocean shares drop 14% as Morgan Stanley cuts rating to underweight,Stock Movement,Stock Commentary,False
3978,"APPLE SHARES TURN NEGATIVE, LAST DOWN 0.6%",Stock Movement,Stock Movement,True
3979,DALIAN IRON ORE FALLS 7.7% TO LOWEST SINCE FEB. 25; SGX IRON ORE BELOW $100/TONNE,Stock Movement,Gold | Metals | Materials,False
3980,SHARES OF TESLA DOWN ALMOST 1% IN EXTENDED TRADE AFTER SENIOR AI EXEC STEPS DOWN,Stock Movement,Personnel Change,False
3981,Samsung slips further behind TSMC in chipmaking race,Stock Movement,Company | Product News,False
3982,$DPZ stock rises amid the pizza brand's Q2 earnings miss.,Stock Movement,Earnings,False
3983,Netflix shares jump as Q2 subscribers beat estimates  https://t.co/MXmooweSq5 by @alliecanal8193,Stock Movement,Earnings,False
3984,"$COIN stock jumps as it closes its affiliate marketing program, $BTC prices rise back above $22,000, and $GOOGL shares begin trading at their adjusted price following last week’s 20-to-1 stock split.",Stock Movement,Stock Movement,True
3985,Netflix rises after choosing Microsoft as partner to roll out ad-supported tier  https://t.co/yqKoT5Z5Hr by @alliecanal8193,Stock Movement,Company | Product News,False
3986,"$AAL shares rise as the airline adjusts its Q2 expectations and contends with rising ticket prices and airport logjams, and $GOEV stock jumps following $WMT ordering a fleet of EV vans.",Stock Movement,Earnings,False
3987,"Shares of Las Vegas Sands, Wynn and other casinos are down amid latest Covid-19 restrictions in Macau",Stock Movement,Currencies,False
3988,"$PLTR (+3.7% pre) Raymond James Starts Palantir Technologies Inc. (PLTR) at Strong Buy, 'Mystic Stone Sees Path to $20'",Stock Movement,Analyst Update,False
3989,$SAP (-4.5% pre) SAP Lowers Profit Outlook as Withdrawal From Russia Hits Revenue - WSJ,Stock Movement,Earnings,False
3990,$PM (+3.2% pre) Philip Morris Stock Gains as Profit and Revenue Beat Forecasts - Barron's,Stock Movement,Earnings,False
3991,$IBKR (-1.3% pre) Interactive Brokers Sees Q2 Revenue Dip despite 36% Jump in Clients,Stock Movement,Stock Movement,True
3992,$BKR (-6.1% pre) Baker Hughes posts bigger quarterly loss on Russia-related charges - Reuters,Stock Movement,Earnings,False
3993,$RVMD (-13.6% pre) Revolution Medicines (RVMD) Prices 11.M Share Offering at $20/sh - SI,Stock Movement,IPO,False
3994,$INZY (-3.7% pre) Inozyme Pharma releases positive early-stage data on candidate for ABCC6 Deficiency - SA,Stock Movement,Earnings,False
3995,$IBM (-6.0% pre) IBM shares slide after company trims cash forecast - CNBC,Stock Movement,Earnings,False
3996,$SI (+12.2% pre) Silvergate Capital Corporation Announces Second Quarter 2022 Results - BW,Stock Movement,Earnings,False
3997,"$CFG (+1.7% pre) Citizens Financial Group, Inc. Reports Second Quarter 2022 Net Income of $364 Million and EPS of $0.67 - BW",Stock Movement,Earnings,False
3998,$NFLX (+1.4% pre) Netflix’s latest anti-password sharing test lets users ‘buy’ additional homes - TheVerge,Stock Movement,Stock Commentary,False
3999,$GS (+3.8% pre) Goldman Traders Rescue Earnings From Investment-Banking Slump - BBG,Stock Movement,Stock Movement,True
4000,$MDGS (+14.0% pre) Medigus: Polyrizon Signed an Agreement with Nurexone for Intranasal Administration of Cutting - Edge Therapy for Spinal Cord Injuries - SI,Stock Movement,Company | Product News,False
4001,$NBRV (+15.8% pre) Nabriva stock soars on distribution deal with Er-Kim for bacterial pneumonia drug Xenleta - SA,Stock Movement,Company | Product News,False
4002,$NFLX (+1.5% pre) How Netflix plans to find its inner ‘Star Wars’ - Reuters,Stock Movement,General News | Opinion,False
4003,$INTC (+1.1% pre) U.S. chip industry split over CHIPS act benefits to Intel - Reuters,Stock Movement,Macro,False
4004,"$BA (+4.2% pre) Delta $DAL  buys 100 Boeing Max planes, its first major order with the manufacturer in more than a decade - CNBC",Stock Movement,M&A | Investments,False
4005,$CDXS (-24.4% pre) Codexis stock drops as forecast comes in below Street estimate - MW,Stock Movement,Stock Movement,True
4006,$OXY (+1.2% pre) Buffett Adds Another Quarter Billion in Occidental (OXY) Stock on Sell-Off - SI,Stock Movement,Personnel Change,False
4007,$TWTR (+0.4% pre) Judge in Twitter v. Musk made rare ruling: ordering a deal to close - Reuters,Stock Movement,Legal | Regulation,False
4008,$CLNN (+5.9% pre) Clene (CLNN) Reports Significantly Decreased Mortality in RESCUE-ALS Long-Term Open Label Extension Trial - SI,Stock Movement,Company | Product News,False
4009,$WYY (+31.4% pre) WidePoint Awarded $73.4 Million Task Order by the United States Coast Guard for Cellular Wireless Managed Services - Stock Titan,Stock Movement,Company | Product News,False
4010,"$FAST (-5.3% pre) Fastenal stock falls 5.5% as revenue comes up a bit shy, even as price increases boosted growth by up to 6.9% - MW",Stock Movement,Stock Movement,True
4011,$SIGA (+1.2% pre) SIGA Technologies (SIGA) Announces $28M International Procurement Orders for Oral TPOXX - SI,Stock Movement,Company | Product News,False
4012,$AVRO (+11.3% pre) AVROBIO granted FDA’s orphan drug designation for metabolic disorder therapy - SA,Stock Movement,Company | Product News,False
4013,$DM (-2.1% pre) Desktop Metal Announces CFO Transition Plan - BW,Stock Movement,General News | Opinion,False
4014,$GGR (-9.2% pre) Bonitas is Short Gogoro,Stock Movement,General News | Opinion,False
4015,"$PSMT (-4.9% pre) PriceSmart (NASDAQ:PSMT) Posts Quarterly Earnings Results, Misses Estimates By $0.18 EPS",Stock Movement,Dividend,False
4016,$BHAT (+24.4% pre) Blue Hat Interactive (BHAT) Announces 1M Direct Share Offering at $3.60/sh - SI,Stock Movement,Company | Product News,False
4017,$CYTO (+8.2% pre) RNA Delivery Platform Shown to be an Effective Treatment for Abdominal Aortic Aneurysm as Published in Peer-Reviewed Journal - Source,Stock Movement,Company | Product News,False
4018,"$FSLY (-5.0% pre) Fastly Stock Falls as Morgan Stanley Cuts to Underweight on 'Too Much Uncertainty', $12 PT",Stock Movement,Stock Movement,True
4019,Stay Away from AMD (AMD) and Intel (INTC) Shares - Barclays  $AMD (-1.5% pre) $INTC (-1.1% pre),Stock Movement,Analyst Update,False
4020,"$PHUN (+19.7% pre) Form 8-K Phunware, Inc. For: Jul 06",Stock Movement,Stock Movement,True
4021,$ITRM (+29.2% pre) Iterum Therapeutics (ITRM) Announces Special Protocol Assessment Agreement With the FDA - SI,Stock Movement,Analyst Update,False
4022,$LODE (-4.8% pre) Form S-1 Comstock Inc.,Stock Movement,Stock Movement,True
4023,$NYXH (+18.0% pre) Nyxoah jumps on FDA nod to start trial for sleeping disorder - SA,Stock Movement,Stock Commentary,False
4024,$XBI is leading today up a whopping +7.50%. FIFO?,Stock Movement,Stock Movement,True
4025,$HURC - Hurco Already Hit Hard In Anticipation Of Weaker Capex Spending.  https://t.co/yqLdvV6Gp3 #business #trading #stocks,Stock Movement,Stock Movement,True
4026,#5things: Netflix surges after losing fewer subscribers than feared. Twitter scores early legal win against Musk. Asia stocks set to follow US rally.  Here's what you need to know ⬇️,Stock Movement,General News | Opinion,False
4027,SAS shares surge as much as 28% during early trading in Stockholm after the airline struck an overnight deal to end a 15-day long pilot strike  https://t.co/srBZGHxO1A,Stock Movement,Stock Movement,True
4028,Dubai's Union Coop slumps as much as 18% below an indicated price on its market debut,Stock Movement,IPO,False
4029,EDF shares jump after a report that the French government will pay more than 8 billion euros to nationalize the company,Stock Movement,Stock Commentary,False
4030,Carnival is leading its cruise peers lower on Wall Street after pricing one of the year’s largest equity sales at a steeper discount than usual,Stock Movement,Stock Movement,True
4031,"Bitcoin rises past $22,000   Latest markets updates:  https://t.co/TlE94MiQ2Y",Stock Movement,Gold | Metals | Materials,False
4032,Shares of Fevertree slump after warning that profit margins will be squeezed by shortages of glass,Stock Movement,Stock Movement,True
4033,"Alibaba shares slide as much as 5.7%, bringing this week's slump to over 15%, after it reportedly faced a data-theft inquiry",Stock Movement,Legal | Regulation,False
4034,"Akzo Nobel takes hit from weak demand in Europe, China  https://t.co/U4Bn5BSrfp",Stock Movement,Stock Movement,True
4035,WATCH: Shares of Netflix rose in after-hours trading after the company predicted it would return to customer growth during the third quarter  https://t.co/1c5hRsTBZO $NFLX,Stock Movement,Stock Commentary,False
4036,"WATCH: Shares of Microsoft, Alphabet and Apple, all set to report earnings next week, posted big gains on Tuesday  https://t.co/FHSHB2kmIV",Stock Movement,Stock Movement,True
4037,"WATCH: Netflix predicted it would return to customer growth during the third quarter, sending its shares higher in after-hours trading  https://t.co/1c5hRsTBZO $NFLX",Stock Movement,Stock Commentary,False
4038,"WATCH: Shares of Goldman Sachs rose more than 5% in early trading, after the Wall Street bank reported a smaller-than-expected 48% drop in profit  https://t.co/7AUQtO4bHo",Stock Movement,Stock Movement,True
4039,WATCH: Chinese tech giant Alibaba’s shares plunged on Friday after the Wall Street Journal reported that Shanghai authorities have summoned its cloud division in connection with a theft of police data  https://t.co/0CynqmOgDt,Stock Movement,Legal | Regulation,False
4040,"Treasury yields have risen sharply recently. Increasing yields result in realized losses for fixed-income investors. In today’s post, the authors put these losses in a historical perspective and explore the possible factors contributing to the yield rise.",Treasuries | Corporate Debt,Treasuries | Corporate Debt,True
4041,"Treasuries tumbled, with the two-year rate -- which is more sensitive to imminent changes in Fed policy -- climbing as much as 16 basis points to about 3.21%.   The dollar hovered near its highest level since March 2020  https://t.co/SdbumamHOf",Treasuries | Corporate Debt,Treasuries | Corporate Debt,True
4042,"Treasury yields rise as curve remains inverted, with investors watching the Fed",Treasuries | Corporate Debt,Treasuries | Corporate Debt,True
4043,The demand for Series I bonds has skyrocketed as investors seek refuge from soaring prices and stock market volatility. Here are 3 key things to know.,Treasuries | Corporate Debt,Dividend,False
4044,The demand for Series I bonds has skyrocketed as investors seek refuge from soaring prices and stock market volatility. Here are 3 key things to know.,Treasuries | Corporate Debt,Dividend,False
4045,"Lawmaker urges Yellen, Treasury Department to remove ‘red tape’ for Series I bonds",Treasuries | Corporate Debt,Legal | Regulation,False
4046,Cash is pouring into municipal bond ETFs. Here's why they could be winners for investors,Treasuries | Corporate Debt,Financials,False
4047,$BONDX: Auction Out,Treasuries | Corporate Debt,Treasuries | Corporate Debt,True
4048,$BONDX: Overnight Treasury Market Summary,Treasuries | Corporate Debt,Treasuries | Corporate Debt,True
4049,$BONDX: Treasury Market Summary,Treasuries | Corporate Debt,Treasuries | Corporate Debt,True
4050,$SLCA: U.S. Silica completes $100 mln voluntary term loan principal repayment; debt was retired at a discount to par...,Treasuries | Corporate Debt,Stock Movement,False
4051,$BONDX: Treasury Market Summary,Treasuries | Corporate Debt,Treasuries | Corporate Debt,True
4052,"AMC Entertainment Holdings, Inc. Repurchases $72.5 Million of Its Second Lien Debt at a 31% Discount  https://t.co/6GM4u8bfGY",Treasuries | Corporate Debt,Stock Movement,False
4053,MCR Closes on $420 Million Refinancing of 30-Hotel Portfolio  https://t.co/ImKYlT2Fev,Treasuries | Corporate Debt,M&A | Investments,False
4054,UK Debt Management Office UK Regulatory Announcement: Issue of Debt  https://t.co/L2ZsLEIIfI,Treasuries | Corporate Debt,Treasuries | Corporate Debt,True
4055,Celanese Corporation Prices an Additional €1.5 Billion of Permanent Financing for DuPont M&amp;M Acquisition,Treasuries | Corporate Debt,Treasuries | Corporate Debt,True
4056,SingleStore Announces $116M Financing Led by Goldman Sachs Asset Management  https://t.co/zJ5s8T2OTG,Treasuries | Corporate Debt,IPO,False
4057,Apera Closes Second Private Debt Fundraising At €1.27bn  https://t.co/396qis2ZNr,Treasuries | Corporate Debt,Financials,False
4058,UK debt interest payments jump to all-time high,Treasuries | Corporate Debt,Macro,False
4059,Ukraine set to request delay in foreign debt repayments,Treasuries | Corporate Debt,Legal | Regulation,False
4060,"Belarus, Russia’s most-loyal ally, was declared in default by Fitch Ratings, joining Moody’s Investors Service",Treasuries | Corporate Debt,Legal | Regulation,False
4061,Austin's school district is considering a debt sale that would improve security at building entrances and provide affordable housing for teachers (via @citylab),Treasuries | Corporate Debt,Stock Movement,False
4062,"Nigeria’s debt management office defends the government’s eurobond issuances to fund its spending plans, but says the nation needs to generate significantly more revenue to avoid debt distress",Treasuries | Corporate Debt,Treasuries | Corporate Debt,True
4063,Turkey’s state gas company gets a $929 million loan from Deutsche Bank to finance liquefied natural gas purchases in a bid to reduce the country’s reliance on imports from Russia,Treasuries | Corporate Debt,M&A | Investments,False
4064,"Mexico’s had its sovereign debt rating cut by Moody’s, which said economic and fiscal trends are expected to undermine the country’s overall credit profile",Treasuries | Corporate Debt,Treasuries | Corporate Debt,True
4065,"Fitch downgraded Turkey’s sovereign debt rating further into junk, saying the government’s policies are contributing to “spiralling inflation” and discouraging capital inflows",Treasuries | Corporate Debt,Treasuries | Corporate Debt,True
4066,$PEP - PepsiCo announces $1.25B green bond,Treasuries | Corporate Debt,Dividend,False
4067,$GBTC $ETHE $AVAX-USD - Insolvent crypto hedge fund Three Arrows Capital owes $2.36B to Genesis: The Block,Treasuries | Corporate Debt,Stock Movement,False
4068,$OPRT - Oportun Financial prices $400M of asset-backed notes,Treasuries | Corporate Debt,Financials,False
4069,$AZ - A2Z Smart Technologies expands credit line with Acromatis,Treasuries | Corporate Debt,Financials,False
4070,"$SCHH $REIT - US REITs raise lesser capital in Q2 on decline of secondary debt, preferred stock offerings",Treasuries | Corporate Debt,Treasuries | Corporate Debt,True
4071,$WD - Walker &amp; Dunlop structures $754M in financing for Aman New York,Treasuries | Corporate Debt,Financials,False
4072,$PMKRF - Playmaker Capital secures $20M convertible loan facility with Beedie Investments,Treasuries | Corporate Debt,Financials,False
4073,$GTE - Gran Tierra fully pays off credit facility as it boosts 25% Q2 oil production,Treasuries | Corporate Debt,Energy | Oil,False
4074,BENCHMARK 10-YEAR JGB FUTURES UP 0.05 POINT IN EARLY TRADE,Treasuries | Corporate Debt,Treasuries | Corporate Debt,True
4075,PEPSICO ISSUES NEW $1.25 BILLION 10-YEAR GREEN BOND AS COMPANY ACCELERATES PEP+ TRANSFORMATION  PEPSICO INC- WILL USE AN AMOUNT EQUIVALENT TO NET PROCEEDS FROM OFFERING TO FUND ELIGIBLE GREEN PROJECTS WHICH WILL FOCUS ON ITS PEP+ AGENDA,Treasuries | Corporate Debt,Stock Commentary,False
4076,Canadian bond and Index update  @MtlExchange,Treasuries | Corporate Debt,General News | Opinion,False
4077,"U.S. TREASURY 30-YEAR YIELD FALLS AFTER 30-YEAR BOND AUCTION, LAST DOWN 2.7 BPS AT 3.109% VS 3.137% PRE-AUCTION",Treasuries | Corporate Debt,Treasuries | Corporate Debt,True
4078,Canadian bond and Index update  @MtlExchange,Treasuries | Corporate Debt,General News | Opinion,False
4079,BLACKROCK SAYS PREFER TO TAKE RISK IN CREDIT BECAUSE DEFAULT RISKS SEEN CONTAINED  BLACKROCK SAYS IN MID-YEAR OUTLOOK THAT TRADITIONAL 60/40 STOCK BOND PORTFOLIOS WON'T WORK ANYMORE,Treasuries | Corporate Debt,Stock Commentary,False
4080,BLACKROCK SEES HEIGHTENED MARKET VOLATILITY AND HIGHER RISK PREMIA FOR BOND AND STOCKS IN MONTHS AHEAD,Treasuries | Corporate Debt,Stock Movement,False
4081,End of cheap money era scuppers dozens of corporate bond deals,Treasuries | Corporate Debt,Treasuries | Corporate Debt,True
4082,"The risk capital pull back in 2022 has had a drastic effect on expected returns on stocks, with the equity risk premium for the S&amp;P 500 rising from 4.24% to 6.43% and the 10-yr T Bond rate from 1.51% to 3.02%, between 1/1/22 and 6/30/22.  https://t.co/KPeAGHPKHD",Treasuries | Corporate Debt,Stock Commentary,False
4083,Mortgage rates jump after two weeks of declines  https://t.co/Y3yQ45dmJW by @__gabriellacruz,Treasuries | Corporate Debt,Currencies,False
4084,"For years, foreigners loaded up on debt from Chinese state-owned lenders, but Russia’s invasion of Ukraine has prompted a rethink of those investments  https://t.co/9fdlc1g4qc",Treasuries | Corporate Debt,Legal | Regulation,False
4085,US Corporate Debt Issuance To Weaken As Rates Rise - @FitchRatings,Treasuries | Corporate Debt,Treasuries | Corporate Debt,True
4086,Italian General Government Debt May: €2755.6Bln (prev €2758.9Bln),Treasuries | Corporate Debt,General News | Opinion,False
4087,Bond Investors Bet The Recession Trade Is Just Getting Started - BBG,Treasuries | Corporate Debt,Stock Commentary,False
4088,"$PSEC - Opportunity: Investment Grade Bond, +8% Yield From Prospect Capital.  https://t.co/04xMaop6X5 #stocks #investing #trading",Treasuries | Corporate Debt,Stock Movement,False
4089,"10-Year Treasury Yield 'Fair Value' Estimate: July 19, 2022.  https://t.co/68S4LeOn58 #business #economy #stocks",Treasuries | Corporate Debt,Treasuries | Corporate Debt,True
4090,"U.S. Bonds Rallied Last Week, Offering Ballast Vs. Losses Elsewhere.  https://t.co/lojJ6l1YAq #investing #trading #stockmarket",Treasuries | Corporate Debt,Markets,False
4091,"Kamakura Weekly Forecast, July 15, 2022: 2-Year 10-Year Treasury Spread Negative 20 Basis Points.  https://t.co/cAPt5RpZGH #markets #stockmarket #stocks",Treasuries | Corporate Debt,Markets,False
4092,$BORR - Borr Drilling: Debt Refinancing Woes Likely To Result In Substantial Dilution For Equityholders.  https://t.co/K2fYIcoAQ7 #business #markets #economy,Treasuries | Corporate Debt,Stock Movement,False
4093,"$AIF - AIF: Leveraged Loan Fund From Apollo, 8.5% Yield.  https://t.co/LbfSDXtqyB #economy #stocks #trading",Treasuries | Corporate Debt,Stock Commentary,False
4094,$MPW - Medical Properties 7.4% Yield Screams Buy-Buy-Buy.  https://t.co/IA22Rd3Cr9 #finance #economy #markets,Treasuries | Corporate Debt,Stock Commentary,False
4095,"Indian companies are rushing to hedge their overseas dollar debt against further declines in the rupee, a process that threatens to cascade into additional losses for the battered local currency",Treasuries | Corporate Debt,Currencies,False
4096,"Overseas investors cut holdings of Chinese sovereign bonds for a fifth month in June, the longest string of outflows on record",Treasuries | Corporate Debt,Treasuries | Corporate Debt,True
4097,Bank of America joins the surge of new bond issuance from the biggest US banks with a $10 billion jumbo deal,Treasuries | Corporate Debt,Treasuries | Corporate Debt,True
4098,"Morgan Stanley is ready to scoop up battered bonds from El Salvador, which are some of the worst-performing notes this year as the president’s bet on Bitcoin backfires",Treasuries | Corporate Debt,Stock Movement,False
4099,European energy and utilities companies are racking up more debt to cover the cost of soaring oil and gas prices,Treasuries | Corporate Debt,Treasuries | Corporate Debt,True
4100,"As Treasuries rally in the wake of mounting fears the world’s largest economy is heading for recession, expected returns continue to worsen for their biggest backers — Japanese investors",Treasuries | Corporate Debt,Treasuries | Corporate Debt,True
4101,"Easy liquidity conditions in China are fueling a lucrative carry trade in bonds, with traders betting the gains will be sustained despite signs the central bank bank is moving toward normalizing monetary policy",Treasuries | Corporate Debt,Macro,False
4102,More than 220 junk bonds issued last year are already trading like distressed debt. That’s a more dismal showing than bonds sold pre-pandemic,Treasuries | Corporate Debt,Treasuries | Corporate Debt,True
4103,US recession risks are reverberating across the emerging Asian debt complex and nowhere is this more apparent than in Indian sovereign bonds,Treasuries | Corporate Debt,Macro,False
4104,"Longer maturity Treasury yields have scope to go higher still and the market is erring in pricing in Fed interest-rate cuts in the latter part of 2023, according to Franklin Templeton",Treasuries | Corporate Debt,Fed | Central Banks,False
4105,Pemex’s suppliers are getting stuck with steep losses after the state-owned oil giant undertook an unsolicited debt swap in lieu of repaying its maturing obligations with cash,Treasuries | Corporate Debt,Legal | Regulation,False
4106,"Sovereign bonds from Angola and Gabon are trading at distressed levels, raising the number of emerging-market nations at risk of default to a record",Treasuries | Corporate Debt,Treasuries | Corporate Debt,True
4107,"Chinese junk dollar bonds are hovering near a record low set in March, as the country’s property crisis deepens",Treasuries | Corporate Debt,Treasuries | Corporate Debt,True
4108,European energy and utilities companies are racking up more debt to cover the cost of soaring oil and gas prices,Treasuries | Corporate Debt,Energy | Oil,False
4109,"For all the volatility whipsawing the US bond market, traders are showing increasing confidence that the alarm bells warning of a recession will only get louder",Treasuries | Corporate Debt,Macro,False
4110,"Italian government bonds slide as political turmoil put Prime Minister Mario Draghi’s government at risk of collapse, potentially leading to an early election",Treasuries | Corporate Debt,Politics,False
4111,Troubled crypto lender Celsius is raising questions by repaying some DeFi debt while leaving customers in the lurch,Treasuries | Corporate Debt,Legal | Regulation,False
4112,Dollar bonds of Chinese developers fall as stress spreads from junk-rated names to investment-grade peers amid renewed concerns about more Covid lockdowns,Treasuries | Corporate Debt,Treasuries | Corporate Debt,True
4113,"Longer maturity Treasury yields have scope to go higher still and the market is erring in pricing in Fed interest-rate cuts in the latter part of 2023, according to Franklin Templeton",Treasuries | Corporate Debt,Fed | Central Banks,False
4114,Pimco buys €1bn of Apollo buyout loans from banks,Treasuries | Corporate Debt,M&A | Investments,False
4115,Analysis: Banks' snubbing of junk-rated loan funds worsens financing logjam  https://t.co/Jl0EuExhB1,Treasuries | Corporate Debt,General News | Opinion,False
4116,U.S. Treasury seeks information on digital asset risks  https://t.co/1qmdZ0O1n1,Treasuries | Corporate Debt,Macro,False
